akveo/ngx-admin,f3e9bef4d2a14a12459dccd81d47332863bab93c,ngx-admin,4.0.1,3.4.5,1579605590,339,0,0,0,0,0,0,0,0,0,0,0,0,0
akveo/ngx-admin,25f79807a6f8f754dca3335988ac862fa23a8437,ngx-admin,4.0.1,3.4.5,1579879509,339,0,0,0,0,0,0,0,0,0,0,0,0,0
akveo/ngx-admin,e4c53bf70dfd78db9e61f5415d871ce8e011df5f,ngx-admin,4.0.1,3.4.5,1581060504,339,0,0,0,0,0,0,0,0,0,0,0,0,0
akveo/ngx-admin,789d500ca6c274c391e0fc1eb1c3ca5820870680,ngx-admin,4.0.1,3.4.5,1581061984,339,0,0,0,0,0,0,0,0,0,0,0,0,0
akveo/ngx-admin,5b81184364b46283b1bc3d9dded1dca0c80a95e3,ngx-admin,4.0.1,3.4.5,1581062149,339,0,0,0,0,0,0,0,0,0,0,0,0,0
akveo/ngx-admin,8f5eaec1e456f5eea67c4677f89a5f7e0e286358,ngx-admin,4.0.1,3.4.5,1582899732,339,0,0,0,0,0,0,0,0,0,0,0,0,0
akveo/ngx-admin,df3bc2a60d25b512a8c1a5190c5eec82c8208a9b,ngx-admin,4.0.1,3.4.5,1582900404,242,0,0,0,0,0,0,0,0,0,0,0,0,0
akveo/ngx-admin,7107a9480c00ef4e3660b0206aacdcdf6507bade,ngx-admin,4.0.1,3.5.3,1583146618,242,0,0,0,0,0,0,0,0,0,0,0,0,0
akveo/ngx-admin,b20df14535c904f815a8691d880f9b249077f39a,ngx-admin,4.0.1,3.7.5,1583147106,242,0,0,0,0,0,0,0,0,0,0,0,0,0
akveo/ngx-admin,99e85ac0feecc7a1380e0c1fee16f6ee73f3f6fa,ngx-admin,4.0.1,3.7.5,1583158862,242,0,0,0,0,0,0,0,0,0,0,0,0,0
akveo/ngx-admin,d673c512ec47052289179312bc53cd895ecf2859,ngx-admin,4.0.1,3.7.5,1583225577,242,0,0,0,0,0,0,0,0,0,0,0,0,0
akveo/ngx-admin,88020acd3e4442bd2a271ff4bd542a923f8cc167,ngx-admin,4.0.1,3.7.5,1583239269,242,0,0,0,0,0,0,0,0,0,0,0,0,0
akveo/ngx-admin,398c8c2a87bf803dfa872866ac1b4e37146d0b20,ngx-admin,4.0.1,3.7.5,1583245394,242,0,0,0,0,0,0,0,0,0,0,0,0,0
akveo/ngx-admin,1b75ccfb407deef31b8997b1fb2695199c22743b,ngx-admin,4.0.1,3.7.5,1583310386,242,0,0,0,0,0,0,0,0,0,0,0,0,0
akveo/ngx-admin,3c662e5855b721433e6ddb1454d6a583a765ba34,ngx-admin,4.0.1,3.4.5,1583311574,244,0,0,0,0,0,0,0,0,0,0,0,0,0
akveo/ngx-admin,ae6dac10f9291416352387b710d598c971c3e275,ngx-admin,4.0.1,3.7.5,1583313635,244,0,0,0,0,0,0,0,0,0,0,0,0,0
akveo/ngx-admin,73fc5c01ec4581b995580a8e0ad74a8c3165ec83,ngx-admin,4.0.1,3.7.5,1583317770,244,0,0,0,0,0,0,0,0,0,0,0,0,0
akveo/ngx-admin,b03633ba9ff4d351a395ad7e70b80480edb08992,ngx-admin,4.0.1,3.7.5,1583321084,244,0,0,0,0,0,0,0,0,0,0,0,0,0
akveo/ngx-admin,690bd322c2d0fbd5d6203387ff0a9cf23df1e453,ngx-admin,4.0.1,3.7.5,1583339468,245,0,0,0,0,0,0,0,0,0,0,0,0,0
akveo/ngx-admin,6c81379740172393ba8b936379e40e6d375ca044,ngx-admin,4.0.1,3.7.5,1583407525,245,0,0,0,0,0,0,0,0,0,0,0,0,0
akveo/ngx-admin,7ac5287e55c4085ac35104f3d8af2011e0ee9320,ngx-admin,4.0.1,3.7.5,1583421437,245,0,0,0,0,0,0,0,0,0,0,0,0,0
akveo/ngx-admin,5880c161d98bc290a5b7a3839fe656c894ebc59b,ngx-admin,4.0.1,3.7.5,1583493677,247,0,0,0,0,0,0,0,0,0,0,0,0,0
akveo/ngx-admin,f9029bb6afa3d528a9d268ef0bd1448b403df7d0,ngx-admin,4.0.1,3.7.5,1583493985,247,0,0,0,0,0,0,0,0,0,0,0,0,0
akveo/ngx-admin,a0af66a5d0037e310941e7d840079bd363345b57,ngx-admin,4.0.1,3.7.5,1583496061,247,0,0,0,0,0,0,0,0,0,0,0,0,0
akveo/ngx-admin,0e4cee0a6a9eafb6080c2398cc055fc449a1ae14,ngx-admin,4.0.1,3.7.5,1583498854,247,0,0,0,0,0,0,0,0,0,0,0,0,0
akveo/ngx-admin,51a6914e0d6a78a1542b61d753188bb8eb59ee09,ngx-admin,4.0.1,3.7.5,1583499115,247,0,0,0,0,0,0,0,0,0,0,0,0,0
akveo/ngx-admin,8be84a230a70a2b9dfce3e1a78996bc7e1aa1c66,ngx-admin,4.0.1,3.7.5,1583743185,247,0,0,0,0,0,0,0,0,0,0,0,0,0
akveo/ngx-admin,ddd2d7b4be28816dad0a3171205b6ae51ae43d26,ngx-admin,4.0.1,3.7.5,1583747421,247,0,0,0,0,0,0,0,0,0,0,0,0,0
akveo/ngx-admin,e44bea8762088709b255e597ffb8f194fbff26ce,ngx-admin,4.0.1,3.7.5,1583757522,247,0,0,0,0,0,0,0,0,0,0,0,0,0
akveo/ngx-admin,72c0b1e00f5acbc752879f1ec7cdaa3b1aa6fc72,ngx-admin,4.0.1,3.7.5,1583763848,247,0,0,0,0,0,0,0,0,0,0,0,0,0
akveo/ngx-admin,3c80c61889d8743b90e7f31331e22485ca9c2edd,ngx-admin,4.0.1,3.7.5,1583769975,247,0,0,0,0,0,0,0,0,0,0,0,0,0
akveo/ngx-admin,63985084d16e009eb9bd4a83f7e4052f7a260072,ngx-admin,4.0.1,3.7.5,1583826698,247,0,0,0,0,0,0,0,0,0,0,0,0,0
akveo/ngx-admin,c668b346b0e5afe5caa4514dcccbdc850536033d,ngx-admin,4.0.1,3.7.5,1583832952,247,0,0,0,0,0,0,0,0,0,0,0,0,0
akveo/ngx-admin,c2e319499f56239c76b004ed20105c761ffe0140,ngx-admin,4.0.1,3.7.5,1583845053,243,0,0,0,0,0,0,0,0,0,0,0,0,0
akveo/ngx-admin,bff9d5236b2b103d0898b6c2a3a253291b0d5a48,ngx-admin,4.0.1,3.7.5,1583849101,247,0,0,0,0,0,0,0,0,0,0,0,0,0
akveo/ngx-admin,acd65e6884aa9c98c1aef4ec32e59d56b8be209e,ngx-admin,4.0.1,3.7.5,1583851697,247,0,0,0,0,0,0,0,0,0,0,0,0,0
akveo/ngx-admin,497c7ccbe8f34ca576f6e196824d4b298caf8560,ngx-admin,4.0.1,3.7.5,1583851790,247,0,0,0,0,0,0,0,0,0,0,0,0,0
akveo/ngx-admin,b00da0d260714a90b83684799716e587ca4df978,ngx-admin,4.0.1,3.7.5,1583922011,247,0,0,0,0,0,0,0,0,0,0,0,0,0
akveo/ngx-admin,4d793b1731020bd14a564340cc126a428bc02b33,ngx-admin,4.0.1,3.7.5,1583922420,247,0,0,0,0,0,0,0,0,0,0,0,0,0
akveo/ngx-admin,90e282eaa33e4022a228a365104eb6b7ccfa09c9,ngx-admin,4.0.1,3.7.5,1583925217,247,0,0,0,0,0,0,0,0,0,0,0,0,0
akveo/ngx-admin,f3ad21b8aa49b04821ffdd4cd26fa5379f05535c,ngx-admin,4.0.1,3.7.5,1583925232,247,0,0,0,0,0,0,0,0,0,0,0,0,0
akveo/ngx-admin,e4d7c5d7d38f3fccae98f5e07214c50b50e01856,ngx-admin,4.0.1,3.7.5,1583926159,247,0,0,0,0,0,0,0,0,0,0,0,0,0
akveo/ngx-admin,9aa4b9c53f0bbf99a1dce77e1485f7f1f2f39b94,ngx-admin,4.0.1,3.4.5,1584000497,339,0,0,0,0,0,0,0,0,0,0,0,0,0
akveo/ngx-admin,ea600e94c7714423d82634ffc43dbddb0c2ef5e6,ngx-admin,4.0.1,3.4.5,1584009096,342,0,0,0,0,0,0,0,0,0,0,0,0,0
akveo/ngx-admin,af6ba64edf33463ca690cc68c89b7f950ac59076,ngx-admin,4.0.1,3.4.5,1584011496,342,0,0,0,0,0,0,0,0,0,0,0,0,0
akveo/ngx-admin,c8b64aa005905d555e099db4a276db11a3ca6ada,ngx-admin,4.0.1,3.4.5,1584016061,342,0,0,0,0,0,0,0,0,0,0,0,0,0
akveo/ngx-admin,9fb7640516959a1661fe7b42506f1f695ee59ee8,ngx-admin,4.0.1,3.4.5,1584024113,342,0,0,0,0,0,0,0,0,0,0,0,0,0
akveo/ngx-admin,d2cb5ced5ca6c1b64a1412e1787c239bd4d2ef0c,ngx-admin,4.0.1,3.4.5,1584025763,342,0,0,0,0,0,0,0,0,0,0,0,0,0
akveo/ngx-admin,47224d8a484417dde3ea660fb8162e16840658be,ngx-admin,4.0.1,3.7.5,1584351097,242,0,0,0,0,0,0,0,0,0,0,0,0,0
akveo/ngx-admin,c56b348eb8aaf1778d16ff992a00874e18993f75,ngx-admin,4.0.1,3.7.5,1584351438,242,0,0,0,0,0,0,0,0,0,0,0,0,0
akveo/ngx-admin,021c326049f547a853a700e21ae4c0573393c26c,ngx-admin,4.0.1,3.4.5,1584541950,43,0,0,0,0,0,0,0,0,0,0,0,0,0
akveo/ngx-admin,718f86092722004aacbfbfb6b20a9b213fd399c6,ngx-admin,4.0.1,3.4.5,1584967108,345,0,0,0,0,0,0,0,0,0,0,0,0,0
akveo/ngx-admin,3fe1718b37c572f11d2e77104101243b59a0541d,ngx-admin,4.0.1,3.7.5,1585052620,247,0,0,0,0,0,0,0,0,0,0,0,0,0
akveo/ngx-admin,3f1e57e8ae2b49a336ce1ce1b2226b38bb9392ec,ngx-admin,4.0.1,3.4.5,1585055165,350,0,0,0,0,0,0,0,0,0,0,0,0,0
akveo/ngx-admin,dd2492ff05bd3fdd09747ed0c944a46e8c0775bf,ngx-admin,4.0.1,3.7.5,1585056554,247,0,0,0,0,0,0,0,0,0,0,0,0,0
akveo/ngx-admin,cda23568bc1fc746b49fc4595d9898f15c87baef,ngx-admin,4.0.1,3.7.5,1585057208,247,0,0,0,0,0,0,0,0,0,0,0,0,0
akveo/ngx-admin,929406eb42d154ba735e67b54d09141b3e893007,ngx-admin,4.0.1,3.7.5,1585060592,242,0,0,0,0,0,0,0,0,0,0,0,0,0
akveo/ngx-admin,c4f0d7ac38d8cb069537b45327b572bc455c3af9,ngx-admin,4.0.1,3.7.5,1585061416,247,0,0,0,0,0,0,0,0,0,0,0,0,0
akveo/ngx-admin,9c0463172f6f3dfc03718c25c38f6b671527142d,ngx-admin,4.0.1,3.4.5,1585133540,352,0,0,0,0,0,0,0,0,0,0,0,0,0
akveo/ngx-admin,87b6f5f4ce140f04db50f3cb4338623ede8eed65,ngx-admin,4.0.1,3.4.5,1585136506,352,0,0,0,0,0,0,0,0,0,0,0,0,0
akveo/ngx-admin,a5061e7c101018eba88156d8eec8efefe2e22f0e,ngx-admin,4.0.1,3.7.5,1585152310,357,0,0,0,0,0,0,0,0,0,0,0,0,0
akveo/ngx-admin,b8a75dc0fc33a3c6e50d1fddefa9214398b104ec,ngx-admin,4.0.1,3.7.5,1585152422,357,0,0,0,0,0,0,0,0,0,0,0,0,0
akveo/ngx-admin,de53264843cdc3344ff7d30b27e7928f33cf8515,ngx-admin,4.0.1,3.7.5,1585154531,357,0,0,0,0,0,0,0,0,0,0,0,0,0
akveo/ngx-admin,31b92b71c5dd9971caf46c72028eccaa107f1c23,ngx-admin,4.0.1,3.7.5,1585154636,357,0,0,0,0,0,0,0,0,0,0,0,0,0
akveo/ngx-admin,b395c952a551318e800df684db403f13db3586ce,ngx-admin,4.0.1,3.7.5,1585156351,356,0,0,0,0,0,0,0,0,0,0,0,0,0
akveo/ngx-admin,7ffd5eabedfd61bba567cb8d56dd96500b44b9ed,ngx-admin,4.0.1,3.7.5,1585159014,356,0,0,0,0,0,0,0,0,0,0,0,0,0
akveo/ngx-admin,b177e251319eee6a35e2240a488f28d97c545c2d,ngx-admin,4.0.1,3.7.5,1585159130,357,0,0,0,0,0,0,0,0,0,0,0,0,0
akveo/ngx-admin,9e86f88fa24673be070cd9da1e6c941ad9f054e1,ngx-admin,4.0.1,3.7.5,1585159148,356,0,0,0,0,0,0,0,0,0,0,0,0,0
akveo/ngx-admin,a878bd2d80cd223dd33413734add2ddc35f48ab2,ngx-admin,4.0.1,3.7.5,1585160161,356,0,0,0,0,0,0,0,0,0,0,0,0,0
akveo/ngx-admin,9bfdd438d9f47036781b0577fd72b1de0b9fa5d9,ngx-admin,4.0.1,3.7.5,1585163452,356,0,0,0,0,0,0,0,0,0,0,0,0,0
akveo/ngx-admin,78d6b27d4634f73433d7bef51ee081547c034516,ngx-admin,4.0.1,3.7.5,1585164731,356,0,0,0,0,0,0,0,0,0,0,0,0,0
akveo/ngx-admin,7e782074ad43bbbdc9f06f797f9b370662068e32,ngx-admin,4.0.1,3.7.5,1585204877,356,0,0,0,0,0,0,0,0,0,0,0,0,0
akveo/ngx-admin,d9549ea1c3af86d2bc662083f394ef2e9340fee7,ngx-admin,4.0.1,3.7.5,1585206413,356,0,0,0,0,0,0,0,0,0,0,0,0,0
akveo/ngx-admin,188f12f63c4e1a546671ae306a30cee3ea1f0198,ngx-admin,4.0.1,3.7.5,1585210484,356,0,0,0,0,0,0,0,0,0,0,0,0,0
akveo/ngx-admin,7de17d478769e3bc3e0c7870801cd79f68067361,ngx-admin,4.0.1,3.7.5,1585212082,356,0,0,0,0,0,0,0,0,0,0,0,0,0
akveo/ngx-admin,e3537c4a782cc7c4b1536092aab37eecff6be774,ngx-admin,4.0.1,3.7.5,1585212750,356,0,0,0,0,0,0,0,0,0,0,0,0,0
akveo/ngx-admin,0b687d889843498c84df5423b09d8b50914a643a,ngx-admin,4.0.1,3.7.5,1585218109,356,0,0,0,0,0,0,0,0,0,0,0,0,0
akveo/ngx-admin,2153fa7d127a4ef9cb23a627bfdba60fde47b93c,ngx-admin,4.0.1,3.7.5,1585218166,356,0,0,0,0,0,0,0,0,0,0,0,0,0
akveo/ngx-admin,7898eb5141894b0e464c0c110e5348fdd17c3998,ngx-admin,4.0.1,3.7.5,1585318334,247,0,0,0,0,0,0,0,0,0,0,0,0,0
akveo/ngx-admin,fbbf94448bf92e9bbca8182e27bcf7c7c78e4311,ngx-admin,4.0.1,3.7.5,1585559211,242,0,0,0,0,0,0,0,0,0,0,0,0,0
akveo/ngx-admin,503b4494ea93a29cb9c63823025d07f1170fef1a,ngx-admin,4.0.1,3.7.5,1585563783,247,0,0,0,0,0,0,0,0,0,0,0,0,0
akveo/ngx-admin,0335c543c25575091190282327c768c00d421c43,ngx-admin,4.0.1,3.7.5,1585570026,344,0,0,0,0,0,0,0,0,0,0,0,0,0
akveo/ngx-admin,576e369c928c6f81b204f767f6408205f029b627,ngx-admin,4.0.1,3.7.5,1585574585,356,0,0,0,0,0,0,0,0,0,0,0,0,0
akveo/ngx-admin,2a921c2a0f08636c2522d561ed0836acf4345505,ngx-admin,4.0.1,3.7.5,1585731266,356,0,0,0,0,0,0,0,0,0,0,0,0,0
akveo/ngx-admin,75f27e2cfc6c73320b1eae32dce9ac8f1808d721,ngx-admin,4.0.1,3.7.5,1585741902,356,0,0,0,0,0,0,0,0,0,0,0,0,0
akveo/ngx-admin,154a9945dc934e5e77c51cd6ae1c1953a50d935b,ngx-admin,4.0.1,3.7.5,1585747884,356,0,0,0,0,0,0,0,0,0,0,0,0,0
akveo/ngx-admin,1bb21a1b977afe9c4fc96ff2dbfdcc2c160e22e7,ngx-admin,4.0.1,3.7.5,1585748493,356,0,0,0,0,0,0,0,0,0,0,0,0,0
akveo/ngx-admin,3ba05e9eb1ab3a74fe61a8460314e2e41fc61f06,ngx-admin,4.0.1,3.7.5,1585748547,356,0,0,0,0,0,0,0,0,0,0,0,0,0
akveo/ngx-admin,e0aa17bbd0c4686c068e7e16e275a27b34a555a4,ngx-admin,4.0.1,3.7.5,1585751159,356,0,0,0,0,0,0,0,0,0,0,0,0,0
akveo/ngx-admin,38996f9dfd8d8fbd93319e614c434e3e287826a4,ngx-admin,4.0.1,3.7.5,1585752647,356,0,0,0,0,0,0,0,0,0,0,0,0,0
akveo/ngx-admin,6c28c55a2b962e56bd25c32a0c8b2282f97f3ff4,ngx-admin,5.0.0,3.7.5,1585763572,242,0,0,0,0,0,0,0,0,0,0,0,0,0
akveo/ngx-admin,87a3759da1dc40980297f9324891697bb2c007f7,ngx-admin,5.0.0,3.7.5,1585764197,242,0,0,0,0,0,0,0,0,0,0,0,0,0
akveo/ngx-admin,dfaa5cdb1f4a8b1edeb100db8470e04bfe5bd886,ngx-admin,5.0.0,3.7.5,1585764348,242,0,0,0,0,0,0,0,0,0,0,0,0,0
akveo/ngx-admin,ef1421ee802b02d782bf2379fa1bf2d8bc8049b8,ngx-admin,4.0.1,3.7.5,1585815787,356,0,0,0,0,0,0,0,0,0,0,0,0,0
akveo/ngx-admin,161d542c4aecada049a3b80874e269bdf07e79e0,ngx-admin,4.0.1,3.7.5,1585818184,356,0,0,0,0,0,0,0,0,0,0,0,0,0
akveo/ngx-admin,6907dc5033135681f6bc3f3fcc10e86643003a15,ngx-admin,4.0.1,3.7.5,1585818249,356,0,0,0,0,0,0,0,0,0,0,0,0,0
akveo/ngx-admin,976ace3ae815868f9931a7bc4d92697d18101c64,ngx-admin,4.0.1,3.7.5,1585820031,356,0,0,0,0,0,0,0,0,0,0,0,0,0
akveo/ngx-admin,e4cfcd31236b3dc181c4822651c5acf0996dc83f,ngx-admin,4.0.1,3.7.5,1585820455,356,0,0,0,0,0,0,0,0,0,0,0,0,0
akveo/ngx-admin,5cc4c19cee66cd388f98dd712802f8d2c538629d,ngx-admin,5.0.0,3.7.5,1585836306,242,0,0,0,0,0,0,0,0,0,0,0,0,0
akveo/ngx-admin,2a09d3bbb5476fc1c815b804ebf4f9e02cf558ec,ngx-admin,4.0.1,3.7.5,1586007003,357,0,0,0,0,0,0,0,0,0,0,0,0,0
akveo/ngx-admin,2b05b259931d3cb143c61866d774cf063131efd1,ngx-admin,4.0.1,3.7.5,1586011086,357,0,0,0,0,0,0,0,0,0,0,0,0,0
akveo/ngx-admin,7e23a813e93b3430fd4cfc140a5bbafd98c4f69b,ngx-admin,4.0.1,3.7.5,1586013327,357,0,0,0,0,0,0,0,0,0,0,0,0,0
akveo/ngx-admin,1220a4010d1066ea4166b7779e7c3ba7a8aff439,ngx-admin,4.0.1,3.7.5,1586014908,357,0,0,0,0,0,0,0,0,0,0,0,0,0
akveo/ngx-admin,d6bae6cff627ed05796a0566eb081f3345e3bbc9,ngx-admin,4.0.1,3.7.5,1586180190,357,0,0,0,0,0,0,0,0,0,0,0,0,0
akveo/ngx-admin,16ebf5b6586fd620b18ee8cd34b1cc07859c96f4,ngx-admin,4.0.1,3.7.5,1586853582,357,0,0,0,0,0,0,0,0,0,0,0,0,0
akveo/ngx-admin,d057bfedcd57b1891bbd169b78f2034a5e823be8,ngx-admin,4.0.1,3.7.5,1586882513,357,0,0,0,0,0,0,0,0,0,0,0,0,0
akveo/ngx-admin,9eaf0bb00580f699099d478da633ddaaacd6ffa9,ngx-admin,5.0.0,3.7.5,1586956709,242,0,0,0,0,0,0,0,0,0,0,0,0,0
akveo/ngx-admin,8b6789300a078d9747c391832806b05f7a847c06,ngx-admin,4.0.1,3.7.5,1586968256,357,0,0,0,0,0,0,0,0,0,0,0,0,0
akveo/ngx-admin,1d132fbb43318d1087aef708c0bf7521762908a5,ngx-admin,4.0.1,3.7.5,1586968319,357,0,0,0,0,0,0,0,0,0,0,0,0,0
akveo/ngx-admin,562f9cd76086bab8a8aea3af7433eed81bc31de4,ngx-admin,4.0.1,3.7.5,1586968327,357,0,0,0,0,0,0,0,0,0,0,0,0,0
akveo/ngx-admin,74c617dc801ddb861c4726710aba1dcd95a2b019,ngx-admin,4.0.1,3.7.5,1586968334,357,0,0,0,0,0,0,0,0,0,0,0,0,0
akveo/ngx-admin,690382ea356f461da1351b1a82e721b0347199d1,ngx-admin,4.0.1,3.7.5,1588768039,357,0,0,0,0,0,0,0,0,0,0,0,0,0
akveo/ngx-admin,87f18ecaba6859867fb48152145a6211bc8d7c9d,ngx-admin,4.0.1,3.7.5,1588932084,366,0,0,0,0,0,0,0,0,0,0,0,0,0
akveo/ngx-admin,6458a43809a4b74a1a91d1116c65b27f307cdc12,ngx-admin,4.0.1,3.7.5,1588946896,366,0,0,0,0,0,0,0,0,0,0,0,0,0
akveo/ngx-admin,7b84933f7cd039d6be95bf555ba15e167e54e869,ngx-admin,5.0.0,3.7.5,1589459332,242,0,0,0,0,0,0,0,0,0,0,0,0,0
akveo/ngx-admin,c06bd0885ae0aa465240e186ca15b2f76be67594,ngx-admin,5.0.0,3.7.5,1589469053,242,0,0,0,0,0,0,0,0,0,0,0,0,0
akveo/ngx-admin,a48cb2b0bfc0606160f33d4b53c1e0ffc863c064,ngx-admin,5.0.0,3.7.5,1589471602,242,0,0,0,0,0,0,0,0,0,0,0,0,0
akveo/ngx-admin,8aaa858cdf80591a014dc478d205f847e7960517,ngx-admin,4.0.1,3.7.5,1589529679,366,0,0,0,0,0,0,0,0,0,0,0,0,0
akveo/ngx-admin,ef650ae1cf34406e357c47d575fb59998cf8d19e,ngx-admin,5.0.0,3.7.5,1589549557,242,0,0,0,0,0,0,0,0,0,0,0,0,0
akveo/ngx-admin,c3738563e0cef9072cc72b0e039e542c39a2f333,ngx-admin,5.0.0,3.7.5,1589550610,242,0,0,0,0,0,0,0,0,0,0,0,0,0
akveo/ngx-admin,6bda4a191242a9ed1ce20e4e44d6e345e2be3a25,ngx-admin,5.0.0,3.7.5,1589551892,242,0,0,0,0,0,0,0,0,0,0,0,0,0
akveo/ngx-admin,e02e2bd93760eaf7d4891cfd2396c02af3307bd9,ngx-admin,4.0.1,3.7.5,1589811130,366,0,0,0,0,0,0,0,0,0,0,0,0,0
akveo/ngx-admin,ceb45c49c0f13d6a2b8adda978f692ff3eb8e8e9,ngx-admin,5.0.0,3.7.5,1589811312,242,0,0,0,0,0,0,0,0,0,0,0,0,0
akveo/ngx-admin,f1d9c7b95245987efd051fafcb2c9ff64bb17125,ngx-admin,5.0.0,3.7.5,1589873672,242,0,0,0,0,0,0,0,0,0,0,0,0,0
akveo/ngx-admin,2f9ce78488d8210d0b0882f2880cc1d0a01efd01,ngx-admin,4.0.1,3.7.5,1589897028,366,0,0,0,0,0,0,0,0,0,0,0,0,0
akveo/ngx-admin,ca3504e11a21a26597f83f0d75a5c4c2f604d33e,ngx-admin,5.0.0,3.7.5,1589960499,242,0,0,0,0,0,0,0,0,0,0,0,0,0
akveo/ngx-admin,9b560a066146e97c0e224e295b092fe9eaa13220,ngx-admin,4.0.1,3.4.5,1589960890,43,0,0,0,0,0,0,0,0,0,0,0,0,0
akveo/ngx-admin,994522c2c0bee75381dffcc5886ecf4156bd7276,ngx-admin,4.0.1,3.7.5,1589962698,366,0,0,0,0,0,0,0,0,0,0,0,0,0
akveo/ngx-admin,a7d1716fc668e98a649b9fb87e5708b45f03d838,ngx-admin,4.0.1,3.7.5,1589987217,366,0,0,0,0,0,0,0,0,0,0,0,0,0
akveo/ngx-admin,07f430126f73731cb071e8625f7ea91cd6d7a2a7,ngx-admin,4.0.1,3.7.5,1590162195,47,0,0,0,0,0,0,0,0,0,0,0,0,0
akveo/ngx-admin,3cd55786f212f2f31ab93ad5adcb5dca6e3f2573,ngx-admin,5.0.0,3.7.5,1590580915,242,0,0,0,0,0,0,0,0,0,0,0,0,0
akveo/ngx-admin,a3e2cbf2af7cdacded0284b9871f73666fc47b4f,ngx-admin,4.0.1,3.7.5,1592294881,367,0,0,0,0,0,0,0,0,0,0,0,0,0
akveo/ngx-admin,14149647eb43130c94b696b87b7a6b452c38f9d3,ngx-admin,5.0.0,3.7.5,1592406591,242,0,0,0,0,0,0,0,0,0,0,0,0,0
akveo/ngx-admin,e144eb2e122be9a6db4fab3e849cef0b3d7d6185,ngx-admin,4.0.1,3.7.5,1592411183,367,0,0,0,0,0,0,0,0,0,0,0,0,0
akveo/ngx-admin,c2ce881c415f5cae1280b315120b05cab01f641d,ngx-admin,5.0.0,3.7.5,1592419264,242,0,0,0,0,0,0,0,0,0,0,0,0,0
akveo/ngx-admin,fa5a5e3bb44fbe52f9b7c12af4d1dac3ec69b593,ngx-admin,4.0.1,3.7.5,1592469147,367,0,0,0,0,0,0,0,0,0,0,0,0,0
akveo/ngx-admin,3bb48037855ba75a09fd751971e2c8290940c19b,ngx-admin,4.0.1,3.7.5,1592473345,367,0,0,0,0,0,0,0,0,0,0,0,0,0
akveo/ngx-admin,9b7df1ecaac20068a0099218f867f47ff3956ea2,ngx-admin,4.0.1,3.7.5,1592473516,367,0,0,0,0,0,0,0,0,0,0,0,0,0
akveo/ngx-admin,b232c95a6ee6a39766b515ff81622c2902160161,ngx-admin,4.0.1,3.7.5,1592474276,367,0,0,0,0,0,0,0,0,0,0,0,0,0
akveo/ngx-admin,f5f29bc041becbbd05f01e04e0e31b0eeb721d64,ngx-admin,4.0.1,3.7.5,1594377289,369,0,0,0,0,0,0,0,0,0,0,0,0,0
akveo/ngx-admin,4f878b2a63cffbbd6209e9fa104f9ed1f59927c0,ngx-admin,4.0.1,3.7.5,1595337375,369,0,0,0,0,0,0,0,0,0,0,0,0,0
akveo/ngx-admin,cd85a480af1de870fc1879826667bcc804be42ea,ngx-admin,5.0.0,3.7.5,1597316586,242,0,0,0,0,0,0,0,0,0,0,0,0,0
akveo/ngx-admin,1ef601469679ee389c55f31560be0dbab115aff5,ngx-admin,5.0.0,3.9.7,1597339428,242,0,0,0,0,0,0,0,0,0,0,0,0,0
akveo/ngx-admin,215e18188284a144336cf2c62b36075836fa818d,ngx-admin,5.0.0,3.9.7,1597355655,242,0,0,0,0,0,0,0,0,0,0,0,0,0
akveo/ngx-admin,86fd90c3a07182fd8e958af468bd01903d1c2a5d,ngx-admin,4.0.1,3.7.5,1597398913,369,0,0,0,0,0,0,0,0,0,0,0,0,0
akveo/ngx-admin,d3130d053ddf39a0df4e4ea075cdccc3191437c0,ngx-admin,4.0.1,3.7.5,1597399253,369,0,0,0,0,0,0,0,0,0,0,0,0,0
akveo/ngx-admin,c64696f2a3b88685dcc1d65b7a07ce734fba3e39,ngx-admin,4.0.1,3.7.5,1597402563,369,0,0,0,0,0,0,0,0,0,0,0,0,0
akveo/ngx-admin,04a5a04ffb7da408b17c813d48333a2bb532eb7c,ngx-admin,4.0.1,3.9.7,1597406509,369,0,0,0,0,0,0,0,0,0,0,0,0,0
akveo/ngx-admin,5ef338ddbe94e519b5fd10d9b727b93fa8ffe279,ngx-admin,4.0.1,3.9.7,1597756671,369,0,0,0,0,0,0,0,0,0,0,0,0,0
akveo/ngx-admin,ec3282cac56c5c1a6b3aecdf2cd57d2c09c696f7,ngx-admin,5.0.0,3.9.7,1597851086,242,0,0,0,0,0,0,0,0,0,0,0,0,0
akveo/ngx-admin,73461e89729d0e3ae7b4ad513cdd343f3a61b59e,ngx-admin,6.0.0,3.9.7,1597851596,242,0,0,0,0,0,0,0,0,0,0,0,0,0
akveo/ngx-admin,36ac431a4ecb328f4ad592404679ccb3a7f9670c,ngx-admin,6.0.0,3.9.7,1597911102,242,0,0,0,0,0,0,0,0,0,0,0,0,0
akveo/ngx-admin,9e340ae90558500bc79f5bb77a7064e5ddbc16aa,ngx-admin,6.0.0,3.9.7,1598632079,242,0,0,0,0,0,0,0,0,0,0,0,0,0
akveo/ngx-admin,931ecb6b229b01ef06d7884dbeb86e4adeea8889,ngx-admin,6.0.0,3.9.7,1599148302,242,0,0,0,0,0,0,0,0,0,0,0,0,0
akveo/ngx-admin,e538e2e5bbcfa7b75f0b5e20d4b8ffd030df3fbd,ngx-admin,6.0.0,3.9.7,1599148307,242,0,0,0,0,0,0,0,0,0,0,0,0,0
akveo/ngx-admin,017ba9188fb65764701dbfaf28548699a0677c7e,ngx-admin,6.0.0,3.9.7,1599563579,242,0,0,0,0,0,0,0,0,0,0,0,0,0
akveo/ngx-admin,3c6c6431270b8e3e64507a05a87e5ac0db235917,ngx-admin,6.0.0,3.9.7,1601133566,242,0,0,0,0,0,0,0,0,0,0,0,0,0
akveo/ngx-admin,7ad3fff370d3d37ac84c2c66e4f789767b404f6a,ngx-admin,6.0.0,3.9.7,1602971195,242,0,0,0,0,0,0,0,0,0,0,0,0,0
akveo/ngx-admin,98166c527460df609dab2be8ee8272e4067277ea,ngx-admin,6.0.0,3.9.7,1604304372,242,0,0,0,0,0,0,0,0,0,0,0,0,0
akveo/ngx-admin,a76167acfb60ca2f89e6165877e0b9e6f24745a1,ngx-admin,6.0.0,3.9.7,1605715774,45,0,0,0,0,0,0,0,0,0,0,0,0,0
akveo/ngx-admin,ebe181085b26f4d400878e9c51173610cdf515f5,ngx-admin,6.0.0,4.0.5,1611053529,242,0,0,0,0,0,0,0,0,0,0,0,0,0
akveo/ngx-admin,c2141efb67665480316beba7946a54f790ee7bfd,ngx-admin,7.0.0,4.0.5,1611055468,242,0,0,0,0,0,0,0,0,0,0,0,0,0
akveo/ngx-admin,7b2be348733d393c0a5bf4c9064b0b9f17129580,ngx-admin,7.0.0,4.0.5,1612797870,242,0,0,0,0,0,0,0,0,0,0,0,0,0
akveo/ngx-admin,080830a2fd6e04fdc96e0c1e79c6335d36738895,ngx-admin,7.0.0,4.2.3,1624817188,242,0,0,0,0,0,0,0,0,0,0,0,0,0
akveo/ngx-admin,5e44070239e3b133aeb97b57bd59d04867ee1eb3,ngx-admin,7.0.0,4.2.3,1625831043,242,0,0,0,0,0,0,0,0,0,0,0,0,0
akveo/ngx-admin,cabe4bd71aa63374c5e3588a0a3c08ae976829b4,ngx-admin,8.0.0,4.2.3,1633684458,242,0,0,0,0,0,0,0,0,0,0,0,0,0
akveo/ngx-admin,0eec54695f465a2f31587b83cd57a2fcd81e366f,ngx-admin,8.0.0,4.2.3,1633690218,247,0,0,0,0,0,0,0,0,0,0,0,0,0
akveo/ngx-admin,eee950248e41e872c4667c29c154c825e01a5c24,ngx-admin,8.0.0,4.2.3,1633690264,379,0,0,0,0,0,0,0,0,0,0,0,0,0
akveo/ngx-admin,181331a894acb0f2ec66bfdfedb56c52aa6b4195,ngx-admin,8.0.0,4.4.4,1636726195,242,0,0,0,0,0,0,0,0,0,0,0,0,0
akveo/ngx-admin,e9a12c16f05cbf16530a62fe699fa74e3a259da4,ngx-admin,8.0.0,4.4.4,1636726259,242,0,0,0,0,0,0,0,0,0,0,0,0,0
akveo/ngx-admin,cf0729a7792f2e15ed2309fdc38b1d189bd1b215,ngx-admin,8.0.0,4.4.4,1636726397,242,0,0,0,0,0,0,0,0,0,0,0,0,0
akveo/ngx-admin,360925e08f5b26ffc152066713af953abed7bbe3,ngx-admin,8.0.0,4.4.4,1636726606,242,0,0,0,0,0,0,0,0,0,0,0,0,0
akveo/ngx-admin,0781f2e306cc8bb160040db07b88291cb34d12ed,ngx-admin,8.0.0,4.4.4,1636726722,242,0,0,0,0,0,0,0,0,0,0,0,0,0
akveo/ngx-admin,ed750a6ceff1731888368774645aab0cb315b8f7,ngx-admin,8.0.0,4.4.4,1636726986,242,0,0,0,0,0,0,0,0,0,0,0,0,0
akveo/ngx-admin,3b56728cce482c5ecc7402296393f116e9c58184,ngx-admin,8.0.0,4.2.3,1638366979,379,0,0,0,0,0,0,0,0,0,0,0,0,0
akveo/ngx-admin,e2b48d496ad905a4a9f889bf68f652fa72a2d6e5,ngx-admin,8.0.0,4.2.3,1638367284,379,0,0,0,0,0,0,0,0,0,0,0,0,0
akveo/ngx-admin,bd35e225c647fadb8d5fa83af4f744834ce560cb,ngx-admin,8.0.0,4.2.3,1638367655,379,0,0,0,0,0,0,0,0,0,0,0,0,0
akveo/ngx-admin,82ce37f9f9531b8d0bb50c03007f128886eb040f,ngx-admin,8.0.0,4.2.3,1638367722,379,0,0,0,0,0,0,0,0,0,0,0,0,0
akveo/ngx-admin,3ae381fe8bde5af2a72ee164812de31e46b9af0e,ngx-admin,8.0.0,4.2.3,1638371376,379,0,0,0,0,0,0,0,0,0,0,0,0,0
akveo/ngx-admin,0bc48e7ad033937ec1b9cb3e0ecc183865d73d1f,ngx-admin,8.0.0,4.2.3,1638374189,379,0,0,0,0,0,0,0,0,0,0,0,0,0
akveo/ngx-admin,cc2178455fce677d708ec15ad8af86ffc0456b61,ngx-admin,8.0.0,4.2.3,1638374233,379,0,0,0,0,0,0,0,0,0,0,0,0,0
akveo/ngx-admin,a8bb387e80463beeda2ce52d563daade1be5edd9,ngx-admin,8.0.0,4.2.3,1638374539,379,0,0,0,0,0,0,0,0,0,0,0,0,0
akveo/ngx-admin,0e0caa1ea68ce356a8d3d54c124b8ba112aa1290,ngx-admin,8.0.0,4.2.3,1638378912,242,0,0,0,0,0,0,0,0,0,0,0,0,0
akveo/ngx-admin,b9640ffeeb25d279661c30edb1027cd716410e7c,ngx-admin,8.0.0,4.2.3,1638448781,379,0,0,0,0,0,0,0,0,0,0,0,0,0
akveo/ngx-admin,3add3ace551455119190561215049c390d8b35fd,ngx-admin,8.0.0,4.4.4,1638453185,242,0,0,0,0,0,0,0,0,0,0,0,0,0
akveo/ngx-admin,94baa67600a3e7ecc2113e00f5e999b7a1d9eb8d,ngx-admin,8.0.0,4.4.4,1638469721,242,0,0,0,0,0,0,0,0,0,0,0,0,0
akveo/ngx-admin,c29797c6ee5557155b97c0eb3cb18dc4a15e6a1f,ngx-admin,8.0.0,4.4.4,1638471815,242,0,0,0,0,0,0,0,0,0,0,0,0,0
akveo/ngx-admin,ac8c3d3a9b73b7f49c35c49b553b7a65df705025,ngx-admin,8.0.0,4.2.3,1638477133,379,0,0,0,0,0,0,0,0,0,0,0,0,0
akveo/ngx-admin,6ac640aa3a45bd00acdda53ebb8a3b62087b8fca,ngx-admin,8.0.0,4.2.3,1638525657,379,0,0,0,0,0,0,0,0,0,0,0,0,0
akveo/ngx-admin,d79d68bf5104da13582adbe4c162b64642d6e9aa,ngx-admin,8.0.0,4.2.3,1638526046,379,0,0,0,0,0,0,0,0,0,0,0,0,0
akveo/ngx-admin,f07af46265ad73926ea537dfb658bc0ea88662ef,ngx-admin,8.0.0,4.2.3,1638526326,379,0,0,0,0,0,0,0,0,0,0,0,0,0
akveo/ngx-admin,106b06da06e97cbb9b00cbd367c48e58bfacd01d,ngx-admin,8.0.0,4.2.3,1638526902,379,0,0,0,0,0,0,0,0,0,0,0,0,0
akveo/ngx-admin,570031d2befc5d1de5133401bfc48fe237c88458,ngx-admin,8.0.0,4.2.3,1643197715,242,0,0,0,0,0,0,0,0,0,0,0,0,0
akveo/ngx-admin,10637ea17d0ffc8a382ff5d9e24bc10cde0f961e,ngx-admin,8.0.0,4.2.3,1643974960,379,0,0,0,0,0,0,0,0,0,0,0,0,0
akveo/ngx-admin,98202e84f1fe8e5f20fdedaa0dee75e5b2604b84,ngx-admin,8.0.0,4.2.3,1644927534,379,0,0,0,0,0,0,0,0,0,0,0,0,0
akveo/ngx-admin,f5015ac0d77efe579191f2d440417581eb93c58e,ngx-admin,8.0.0,4.2.3,1651063148,242,0,0,0,0,0,0,0,0,0,0,0,0,0
akveo/ngx-admin,9b8d70d1bd83c1c55c773c1c105bd5ca56555a3c,ngx-admin,8.0.0,4.2.3,1651063947,379,0,0,0,0,0,0,0,0,0,0,0,0,0
akveo/ngx-admin,add080b3887b867ede0a9e0626a6cd6c894d43c6,ngx-admin,8.0.0,4.2.3,1651067754,379,0,0,0,0,0,0,0,0,0,0,0,0,0
akveo/ngx-admin,3f2fd3de144ccd07d3bf0a9533c2cbe28e443657,ngx-admin,8.0.0,4.2.3,1651068059,379,0,0,0,0,0,0,0,0,0,0,0,0,0
akveo/ngx-admin,280fe4df8dda7bda57df8f33ca6e689cc29babe1,ngx-admin,8.0.0,4.2.3,1651069082,379,0,0,0,0,0,0,0,0,0,0,0,0,0
akveo/ngx-admin,606023c0464d0fe78f2e33b7bfb6fe0dbba26dec,ngx-admin,8.0.0,4.2.3,1651071374,379,0,0,0,0,0,0,0,0,0,0,0,0,0
akveo/ngx-admin,baa2f82d264ea07c7460e32790669e95238a2ab2,ngx-admin,8.0.0,4.2.3,1651072305,379,0,0,0,0,0,0,0,0,0,0,0,0,0
akveo/ngx-admin,18aeb4ca83bdb41a543b6e79f1d91a235dbc81fc,ngx-admin,8.0.0,4.2.3,1651072535,379,0,0,0,0,0,0,0,0,0,0,0,0,0
akveo/ngx-admin,bd84841a9d85c1993e82ec67f7d4d14ce0b93eca,ngx-admin,8.0.0,4.2.3,1651134671,379,0,0,0,0,0,0,0,0,0,0,0,0,0
akveo/ngx-admin,2fdd873ed083264cb3ed16ebb9beca46ebcd3b06,ngx-admin,8.0.0,4.2.3,1651135548,379,0,0,0,0,0,0,0,0,0,0,0,0,0
akveo/ngx-admin,0e02b51821fa8b036c4c66ad18ee16c1a897ab3f,ngx-admin,8.0.0,4.2.3,1651146738,379,0,0,0,0,0,0,0,0,0,0,0,0,0
akveo/ngx-admin,3002c9f9ded17d7992c2155db6436b3aa1088874,ngx-admin,8.0.0,4.2.3,1651146798,379,0,0,0,0,0,0,0,0,0,0,0,0,0
akveo/ngx-admin,eca3495265d5554bc5f0fa2d89f89f2b6cf84991,ngx-admin,8.0.0,4.2.3,1651147068,379,0,0,0,0,0,0,0,0,0,0,0,0,0
akveo/ngx-admin,e6db02976fb061e9dd787490ee4effa7c10957c9,ngx-admin,8.0.0,4.2.3,1651147861,379,0,0,0,0,0,0,0,0,0,0,0,0,0
akveo/ngx-admin,013e6885114fea8bb5c2383b579eee2b79624f0a,ngx-admin,8.0.0,4.2.3,1651148897,379,0,0,0,0,0,0,0,0,0,0,0,0,0
akveo/ngx-admin,23a02cec8b806dcc48d5b8a39b61fc429083ed3c,ngx-admin,8.0.0,4.2.3,1651149666,379,0,0,0,0,0,0,0,0,0,0,0,0,0
akveo/ngx-admin,13a1b63d02cd4d463db284bef37b7f0fb17c8fdb,ngx-admin,8.0.0,4.2.3,1651150443,379,0,0,0,0,0,0,0,0,0,0,0,0,0
akveo/ngx-admin,77448e40cea4d8d5cc6a7f7b74aad7aff2fdb03a,ngx-admin,8.0.0,4.2.3,1651151409,379,0,0,0,0,0,0,0,0,0,0,0,0,0
akveo/ngx-admin,237ea6bc692bbf02a44a10b0b69e86e630665d3b,ngx-admin,8.0.0,4.6.4,1652276051,242,0,0,0,0,0,0,0,0,0,0,0,0,0
akveo/ngx-admin,f1365e18103e0acf1d45161ec5bbf888216efca4,ngx-admin,8.0.0,4.3.5,1652351035,242,0,0,0,0,0,0,0,0,0,0,0,0,0
akveo/ngx-admin,0f4156d7837dcb27e15a17b0d6eface0a979bf9b,ngx-admin,8.0.0,4.3.5,1653036730,242,0,0,0,0,0,0,0,0,0,0,0,0,0
akveo/ngx-admin,fbab9e521426afc9480d2b64a9ab3364e21dc664,ngx-admin,8.0.0,4.3.5,1653037603,242,0,0,0,0,0,0,0,0,0,0,0,0,0
akveo/ngx-admin,2588f30d109cecc778d9d8036f381784a5eb9a6c,ngx-admin,8.0.0,4.2.3||~4.3.0,1653037789,242,0,0,0,0,0,0,0,0,0,0,0,0,0
akveo/ngx-admin,fd957694783a23905f7e31c91302575c31e36529,ngx-admin,8.0.0,4.2.3||~4.3.0,1653046746,242,0,0,0,0,0,0,0,0,0,0,0,0,0
akveo/ngx-admin,f4cac366a05b3f030edaab0a89b26b70ae62916b,ngx-admin,8.0.0,4.2.3,1653557554,379,0,0,0,0,0,0,0,0,0,0,0,0,0
akveo/ngx-admin,ec68f5e84a94e08e2253ca3ba46043b3305add9e,ngx-admin,8.0.0,4.6.4,1672308773,242,0,0,0,0,0,0,0,0,0,0,0,0,0
