alibaba/lowcode-engine,4f4ac5115d18357a7399632860808f6cffc33fad,,,4.5.5,1644981617,523,0,0,0,0,0,0,0,0,0,0,0,0,0
alibaba/lowcode-engine,b9288e3321a21f37e3755ecc80caa2e7eab6cb2f,,,4.5.5,1644996470,523,0,0,0,0,0,0,0,0,0,0,0,0,0
alibaba/lowcode-engine,b8b265866b239ad8ce543e6d5791fd19dc0f9716,,,4.5.5,1644996906,523,0,0,0,0,0,0,0,0,0,0,0,0,0
alibaba/lowcode-engine,37dbfe91b4b7a4b9f541e8d22676230d3cbb6040,,,4.5.5,1645000395,523,0,0,0,0,0,0,0,0,0,0,0,0,0
alibaba/lowcode-engine,e97c9c225aba3be6057b7cf4b4ed3ddd871318ee,,,4.5.5,1645004894,523,0,0,0,0,0,0,0,0,0,0,0,0,0
alibaba/lowcode-engine,f2c3ee90f7c4aef9fcc006743391d80367ec7dc0,,,4.5.5,1645025538,523,0,0,0,0,0,0,0,0,0,0,0,0,0
alibaba/lowcode-engine,f829f7df701463dab2ba1f2ca61a0f53238b1460,,,4.5.5,1645054154,523,0,0,0,0,0,0,0,0,0,0,0,0,0
alibaba/lowcode-engine,559f32d8f51fe5437da2562b45ffa5784f80466c,,,4.5.5,1645079387,523,0,0,0,0,0,0,0,0,0,0,0,0,0
alibaba/lowcode-engine,dbf126ea4adb823e7843cc5b6302abb4f137f62b,,,4.5.5,1645079553,523,0,0,0,0,0,0,0,0,0,0,0,0,0
alibaba/lowcode-engine,a8de4b99323a0aea6250950333e8c26a9b3a65a5,,,4.5.5,1645082742,523,0,0,0,0,0,0,0,0,0,0,0,0,0
alibaba/lowcode-engine,96aeadcb0b9119e6873d202bd5615f355222b8aa,,,4.5.5,1645084739,523,0,0,0,0,0,0,0,0,0,0,0,0,0
alibaba/lowcode-engine,92f26a486b742363c9223f2568a3d8984158d1af,,,4.5.5,1645086004,523,0,0,0,0,0,0,0,0,0,0,0,0,0
alibaba/lowcode-engine,4057c062c6eca0cdde68d2292d17cc6796349a8d,,,4.5.5,1645087602,523,0,0,0,0,0,0,0,0,0,0,0,0,0
alibaba/lowcode-engine,d16fed25a4157b7233cdd3b3a7188d4330f9fb82,,,4.5.5,1645088358,523,0,0,0,0,0,0,0,0,0,0,0,0,0
alibaba/lowcode-engine,effd7aafcab068994ed89fa7c8ac8260eddc295b,,,4.5.5,1645095293,523,0,0,0,0,0,0,0,0,0,0,0,0,0
alibaba/lowcode-engine,78df80a9e69f1a1dfbd0e7d59c5eab54a91f96f4,,,4.5.5,1645098022,523,0,0,0,0,0,0,0,0,0,0,0,0,0
alibaba/lowcode-engine,ac5167299e55427aba073bac4c90dc3e3653e215,,,4.5.5,1645098682,523,0,0,0,0,0,0,0,0,0,0,0,0,0
alibaba/lowcode-engine,d4bd501f15ca075495ea4c476ff30191e5423b89,,,4.5.5,1645101653,523,0,0,0,0,0,0,0,0,0,0,0,0,0
alibaba/lowcode-engine,1b38a812653656aa02100a3b1b2a581188d1b3ef,,,4.5.5,1645101918,523,0,0,0,0,0,0,0,0,0,0,0,0,0
alibaba/lowcode-engine,52d1e171710b4fdbb4a05943e4833dcdf1e15aa8,,,4.5.5,1645101919,523,0,0,0,0,0,0,0,0,0,0,0,0,0
alibaba/lowcode-engine,76535a189627e593585ac5315768c463bdc1ccd9,,,4.5.5,1645107332,523,0,0,0,0,0,0,0,0,0,0,0,0,0
alibaba/lowcode-engine,c169f80654ba05fcefd73010de2e35edbba51af1,,,4.5.5,1645107392,523,0,0,0,0,0,0,0,0,0,0,0,0,0
alibaba/lowcode-engine,b3b69b649053c59721fac217dad02b11a54a77d2,,,4.5.5,1645107498,523,0,0,0,0,0,0,0,0,0,0,0,0,0
alibaba/lowcode-engine,0f661ef207442e3bb84434cc6efb39a4de9fc525,,,4.5.5,1645107514,523,0,0,0,0,0,0,0,0,0,0,0,0,0
alibaba/lowcode-engine,2954ddae6886567eb7492cc0153fdb322ce8ab88,,,4.5.5,1645151865,523,0,0,0,0,0,0,0,0,0,0,0,0,0
alibaba/lowcode-engine,55dbdc5b873139087037e5623ae5099d31fb9c9f,,,4.5.5,1645156709,523,0,0,0,0,0,0,0,0,0,0,0,0,0
alibaba/lowcode-engine,c8b5154d192c915e78464e7c3e2e2a48dbcb73d6,,,4.5.5,1645163604,523,0,0,0,0,0,0,0,0,0,0,0,0,0
alibaba/lowcode-engine,c45a5752e9e1372485b087dc700818fb5edf6dbf,,,4.5.5,1645163894,523,0,0,0,0,0,0,0,0,0,0,0,0,0
alibaba/lowcode-engine,f624bc9942f92c3a2f19b607b48a61cfb437f2df,,,4.5.5,1645164443,523,0,0,0,0,0,0,0,0,0,0,0,0,0
alibaba/lowcode-engine,e45347baf5765d4bef924c55355f51b7859b073c,,,4.5.5,1645169769,523,0,0,0,0,0,0,0,0,0,0,0,0,0
alibaba/lowcode-engine,c61dc412166d69206f1595bcd0b565f03472fcce,,,4.5.5,1645170308,523,0,0,0,0,0,0,0,0,0,0,0,0,0
alibaba/lowcode-engine,7dde9701c7960b29523abddf32421cdbac47016d,,,4.5.5,1645170503,523,0,0,0,0,0,0,0,0,0,0,0,0,0
alibaba/lowcode-engine,d522034879d20a7b5ed12f8fe02a30662a2ea7c6,,,4.5.5,1645170563,523,0,0,0,0,0,0,0,0,0,0,0,0,0
alibaba/lowcode-engine,ee55d024a7f964ccf35a0efabec817364cea8041,,,4.5.5,1645170635,523,0,0,0,0,0,0,0,0,0,0,0,0,0
alibaba/lowcode-engine,12f04cc603cf530810c716de07ac6673ad559c51,,,4.5.5,1645172761,523,0,0,0,0,0,0,0,0,0,0,0,0,0
alibaba/lowcode-engine,a76618c858e2fecdb0dceb49a122eab626082c54,,,4.5.5,1645184903,523,0,0,0,0,0,0,0,0,0,0,0,0,0
alibaba/lowcode-engine,56b459a017a8350a911ef20f0166d1e62b6390e4,,,4.5.5,1645184937,523,0,0,0,0,0,0,0,0,0,0,0,0,0
alibaba/lowcode-engine,770cb264f534daad01e806980ec4810d25e31091,,,4.5.5,1645408719,523,0,0,0,0,0,0,0,0,0,0,0,0,0
alibaba/lowcode-engine,a7d436a0525a0ce0c7229710077111f283b452f4,,,4.5.5,1645446280,523,0,0,0,0,0,0,0,0,0,0,0,0,0
alibaba/lowcode-engine,65f5aa6adb1a9dc04890b1e315a20aaa76b3ed4f,,,4.5.5,1645447231,523,0,0,0,0,0,0,0,0,0,0,0,0,0
alibaba/lowcode-engine,6141c273c9c32eea22b5374679fe625e6ea15394,,,4.5.5,1645517676,523,0,0,0,0,0,0,0,0,0,0,0,0,0
alibaba/lowcode-engine,46725cb9f3166912c8f5b42f1e0b1177158c1ee3,,,4.5.5,1645518337,523,0,0,0,0,0,0,0,0,0,0,0,0,0
alibaba/lowcode-engine,df0e3d8a38549c8acd4e9d7826cb0fe3fc1cb837,,,4.5.5,1645521711,523,0,0,0,0,0,0,0,0,0,0,0,0,0
alibaba/lowcode-engine,1cfb15aebea9796af23b2135f2aa4409d81283d7,,,4.5.5,1645673007,523,0,0,0,0,0,0,0,0,0,0,0,0,0
alibaba/lowcode-engine,5c33ab6114f710fc65989800e4bfad3ee0514bba,,,4.5.5,1645673028,523,0,0,0,0,0,0,0,0,0,0,0,0,0
alibaba/lowcode-engine,13476764b037aef6a6c258e6106b7e9ea0ced3d9,,,4.5.5,1645682848,523,0,0,0,0,0,0,0,0,0,0,0,0,0
alibaba/lowcode-engine,3c798f0d4a674af9a9e688f2787e7b3e3b8b59f5,,,4.5.5,1645696535,523,0,0,0,0,0,0,0,0,0,0,0,0,0
alibaba/lowcode-engine,f5fb7760d6012e60854c1803f93893063f2af96c,,,4.5.5,1645698383,523,0,0,0,0,0,0,0,0,0,0,0,0,0
alibaba/lowcode-engine,36caf0f18980c16f7ebb82ac845ad6b33e033567,,,4.5.5,1645698527,523,0,0,0,0,0,0,0,0,0,0,0,0,0
alibaba/lowcode-engine,982d0d676b3dfbfc10a2190c0040126d6925ed37,,,4.5.5,1645698629,523,0,0,0,0,0,0,0,0,0,0,0,0,0
alibaba/lowcode-engine,b996414c436b5d2439c8368eb4e001cdbcd02892,,,4.5.5,1645698654,523,0,0,0,0,0,0,0,0,0,0,0,0,0
alibaba/lowcode-engine,23c795931e1d5cf43e9c21cd902441c69c1ecc63,,,4.5.5,1645699101,523,0,0,0,0,0,0,0,0,0,0,0,0,0
alibaba/lowcode-engine,5005552aed79cd5cda0ec9c5b06b42d2f80c73fc,,,4.5.5,1645699322,523,0,0,0,0,0,0,0,0,0,0,0,0,0
alibaba/lowcode-engine,cec4d856698174367ed42b47c549e1f72e963271,,,4.5.5,1645699399,523,0,0,0,0,0,0,0,0,0,0,0,0,0
alibaba/lowcode-engine,54b6197208e71de2be7d90d9729e27c2b524916c,,,4.5.5,1646044803,523,0,0,0,0,0,0,0,0,0,0,0,0,0
alibaba/lowcode-engine,191e284f2fa190c2b3aecb4df31849b2bdc99d38,,,4.5.5,1646045368,523,0,0,0,0,0,0,0,0,0,0,0,0,0
alibaba/lowcode-engine,389c259e1d6ba624736d1915f63bad1cbf81f441,,,4.5.5,1646121391,523,0,0,0,0,0,0,0,0,0,0,0,0,0
alibaba/lowcode-engine,168ed4182b16eee271236dc04766e58af864aa2f,,,4.5.5,1646121817,523,0,0,0,0,0,0,0,0,0,0,0,0,0
alibaba/lowcode-engine,f75b8235505669ed8639f3b0123c0185f6121096,,,4.5.5,1646124997,523,0,0,0,0,0,0,0,0,0,0,0,0,0
alibaba/lowcode-engine,4c473dcc69b099cea69f4b0d9c25c9224408fdb1,,,4.5.5,1646125425,523,0,0,0,0,0,0,0,0,0,0,0,0,0
alibaba/lowcode-engine,ded3bfaf487c97ebb62d4684c30b23f8cd86a76a,,,4.5.5,1646129598,523,0,0,0,0,0,0,0,0,0,0,0,0,0
alibaba/lowcode-engine,a9e0d3bb279cd5fe871ff51ff54f3354f978c1ae,,,4.5.5,1646129615,523,0,0,0,0,0,0,0,0,0,0,0,0,0
alibaba/lowcode-engine,1386acc6359fcf5b3d7cb10f22ff83ca3ddc1c2f,,,4.5.5,1646131932,523,0,0,0,0,0,0,0,0,0,0,0,0,0
alibaba/lowcode-engine,56b1f1ee2edc4dae5197396b7f42b7fda1b3f0bc,,,4.5.5,1646132216,523,0,0,0,0,0,0,0,0,0,0,0,0,0
alibaba/lowcode-engine,f8cfdbb2cb23776e817ca5aed51cc140f6d0afdb,,,4.5.5,1646132365,523,0,0,0,0,0,0,0,0,0,0,0,0,0
alibaba/lowcode-engine,71bb2886a93f40b6d210ce2ab4ab8b7a47ec7c61,,,4.5.5,1646132384,523,0,0,0,0,0,0,0,0,0,0,0,0,0
alibaba/lowcode-engine,abc1ea1ead8cfc15e9c260c38137bbdb1e90b3c7,,,4.5.5,1646136301,523,0,0,0,0,0,0,0,0,0,0,0,0,0
alibaba/lowcode-engine,3436d4e4fc7c1958719e467138981d8c1df74b60,,,4.5.5,1646189206,523,0,0,0,0,0,0,0,0,0,0,0,0,0
alibaba/lowcode-engine,4949efbe77dd75cc6a614421c69aead6285ef0a3,,,4.5.5,1646202113,523,0,0,0,0,0,0,0,0,0,0,0,0,0
alibaba/lowcode-engine,6be0d1241d06d19b01e8c736769daffa92e68ca2,,,4.5.5,1646202414,523,0,0,0,0,0,0,0,0,0,0,0,0,0
alibaba/lowcode-engine,e77938086c9a527f027f67322ef0d9c1034b292d,,,4.5.5,1646623850,523,0,0,0,0,0,0,0,0,0,0,0,0,0
alibaba/lowcode-engine,95d7394830d7e2635294512077244dd1e3af8346,,,4.5.5,1646632286,523,0,0,0,0,0,0,0,0,0,0,0,0,0
alibaba/lowcode-engine,07cc1f2954530c64a1a3d260e8d532c9e19892e8,,,4.5.5,1646643131,523,0,0,0,0,0,0,0,0,0,0,0,0,0
alibaba/lowcode-engine,40d58c4da49efa6ba796d6e1d730706745c42178,,,4.5.5,1646653014,523,0,0,0,0,0,0,0,0,0,0,0,0,0
alibaba/lowcode-engine,0ffeb4dc970da7f3a68d1ac191dcae3818abd405,,,4.5.5,1646653831,523,0,0,0,0,0,0,0,0,0,0,0,0,0
alibaba/lowcode-engine,926136d02aa3911b11a3a6313644137eaabbfd9f,,,4.5.5,1646653843,523,0,0,0,0,0,0,0,0,0,0,0,0,0
alibaba/lowcode-engine,4a01c97ea6bf23eb677888ba1aba54e5c9f4f630,,,4.5.5,1646715104,523,0,0,0,0,0,0,0,0,0,0,0,0,0
alibaba/lowcode-engine,76341c8456b227192bb65537dc3d16033db0b3a1,,,4.5.5,1646720735,525,0,0,0,0,0,0,0,0,0,0,0,0,0
alibaba/lowcode-engine,3f0c250dca4df1828fd0585cc3ee80ee4cd637e2,,,4.5.5,1646720802,525,0,0,0,0,0,0,0,0,0,0,0,0,0
alibaba/lowcode-engine,e7ce77987eb05871dd1675d2a88367c5569bfbff,,,4.5.5,1646721465,525,0,0,0,0,0,0,0,0,0,0,0,0,0
alibaba/lowcode-engine,4b8897e98859057f4ef87f0eee1f7bbff52b5ee8,,,4.5.5,1646721576,525,0,0,0,0,0,0,0,0,0,0,0,0,0
alibaba/lowcode-engine,6fde53bef614a194f9358be1b6a57383777cee54,,,4.5.5,1646721598,525,0,0,0,0,0,0,0,0,0,0,0,0,0
alibaba/lowcode-engine,a94553e503d439b67478df6a34950d9e3d15a063,,,4.5.5,1646722687,525,0,0,0,0,0,0,0,0,0,0,0,0,0
alibaba/lowcode-engine,873baa0794263084eeeab2615efe99ab7cc488bf,,,4.5.5,1646722757,525,0,0,0,0,0,0,0,0,0,0,0,0,0
alibaba/lowcode-engine,6a642e86da6e6a8ccda677abb7bfe35d49edc88b,,,4.5.5,1646883254,525,0,0,0,0,0,0,0,0,0,0,0,0,0
alibaba/lowcode-engine,19c207d29de045f473ba73baaf34e7294d40261a,,,4.5.5,1646892405,523,0,0,0,0,0,0,0,0,0,0,0,0,0
alibaba/lowcode-engine,50d50113812db2a3d9ea86d1a6a4716b4ff6fcf4,,,4.5.5,1646892460,523,0,0,0,0,0,0,0,0,0,0,0,0,0
alibaba/lowcode-engine,fb418c684659bb31d17444c1385b28eaaecae198,,,4.5.5,1646892507,523,0,0,0,0,0,0,0,0,0,0,0,0,0
alibaba/lowcode-engine,caf3dcb4e2649ec847b921998690e5b7ad8d7a04,,,4.5.5,1646915539,523,0,0,0,0,0,0,0,0,0,0,0,0,0
alibaba/lowcode-engine,f0b79a02090d2eab7983cd3622fff7e113a0c7f4,,,4.5.5,1646915642,523,0,0,0,0,0,0,0,0,0,0,0,0,0
alibaba/lowcode-engine,d5c3ca1068ce2c2140980bd059d0da333574dc34,,,4.5.5,1646969023,522,0,0,0,0,0,0,0,0,0,0,0,0,0
alibaba/lowcode-engine,70fd3720d098d6e227acb9281ee22feee66b9c0b,,,4.5.5,1646969085,522,0,0,0,0,0,0,0,0,0,0,0,0,0
alibaba/lowcode-engine,ef95b5683273d8302bde1582de8afe3d87a808d8,,,4.5.5,1646969138,522,0,0,0,0,0,0,0,0,0,0,0,0,0
alibaba/lowcode-engine,ca68ef9e10dc5fb677cf1fe9808f5da2c811d519,,,4.5.5,1646969436,524,0,0,0,0,0,0,0,0,0,0,0,0,0
alibaba/lowcode-engine,9f9b2557b00b175b9d1e2780a4efa7feee4feac0,,,4.5.5,1646970391,524,0,0,0,0,0,0,0,0,0,0,0,0,0
alibaba/lowcode-engine,a7bdc9d33e60c71e3a5eeef93a8cd4fb6a5db6b5,,,4.5.5,1646971140,524,0,0,0,0,0,0,0,0,0,0,0,0,0
alibaba/lowcode-engine,64189e253dd0663010839e89dab2fa685d80361d,,,4.5.5,1646973172,524,0,0,0,0,0,0,0,0,0,0,0,0,0
alibaba/lowcode-engine,437adccf5f2dbb400de6e2bef10cfc4b65286f2b,,,4.5.5,1646983998,524,0,0,0,0,0,0,0,0,0,0,0,0,0
alibaba/lowcode-engine,342da5243378d1b0b4d79f7cc2a04c65745d5f10,,,4.5.5,1647330139,524,0,0,0,0,0,0,0,0,0,0,0,0,0
alibaba/lowcode-engine,bfbc6a155a110e0564d668ff1a783f01e46e5299,,,4.5.5,1647333499,524,0,0,0,0,0,0,0,0,0,0,0,0,0
alibaba/lowcode-engine,08fdc672904ad7dc925514a23bcd80a61d576f02,,,4.5.5,1647343823,524,0,0,0,0,0,0,0,0,0,0,0,0,0
alibaba/lowcode-engine,d087092fd712eff0556adacda692d3ff6f2f9f22,,,4.5.5,1647481607,524,0,0,0,0,0,0,0,0,0,0,0,0,0
alibaba/lowcode-engine,c54f369e1860d818479dda9d6429f851c0b08fa6,,,4.5.5,1647481627,524,0,0,0,0,0,0,0,0,0,0,0,0,0
alibaba/lowcode-engine,5bb9ec7a1dfaabfdb5369226b54d5f63a7999e59,,,4.5.5,1647482902,524,0,0,0,0,0,0,0,0,0,0,0,0,0
alibaba/lowcode-engine,d2c3f0ba6f85b659b76636a91ea9ab2b5a95a720,,,4.5.5,1647486313,524,0,0,0,0,0,0,0,0,0,0,0,0,0
alibaba/lowcode-engine,d4de1cc7cb030e1ff3a808dfd6137336d076d6b3,,,4.5.5,1647513629,524,0,0,0,0,0,0,0,0,0,0,0,0,0
alibaba/lowcode-engine,0b6dbf35d8d82029473e37c4338da74de3b919d6,,,4.5.5,1647521863,524,0,0,0,0,0,0,0,0,0,0,0,0,0
alibaba/lowcode-engine,71f822e47a6d11f1483e82e36deec5147182943e,,,4.5.5,1647772562,524,0,0,0,0,0,0,0,0,0,0,0,0,0
alibaba/lowcode-engine,394c8f38f7d66bc44b6947987e6421765dec0ac5,,,4.5.5,1647777990,524,0,0,0,0,0,0,0,0,0,0,0,0,0
alibaba/lowcode-engine,794f391ce78799a500fda1e8841cfe3963ffa9ac,,,4.5.5,1647852208,524,0,0,0,0,0,0,0,0,0,0,0,0,0
alibaba/lowcode-engine,c63b6e1bfadc3fc87ed41840952e02ffbff24fab,,,4.5.5,1647852269,524,0,0,0,0,0,0,0,0,0,0,0,0,0
alibaba/lowcode-engine,8e7bb9d4b86454dd77c6928eb769cd764cad8630,,,4.5.5,1647852333,524,0,0,0,0,0,0,0,0,0,0,0,0,0
alibaba/lowcode-engine,eea1a254698d34c24c558c5940edbc015a5d82da,,,4.5.5,1647868055,524,0,0,0,0,0,0,0,0,0,0,0,0,0
alibaba/lowcode-engine,60edcb922fbaaf140f001ae27afecc21ff421de3,,,4.5.5,1647913708,524,0,0,0,0,0,0,0,0,0,0,0,0,0
alibaba/lowcode-engine,d2912d31061e5322ce38be9915e28768b65297dd,,,4.5.5,1647913731,524,0,0,0,0,0,0,0,0,0,0,0,0,0
alibaba/lowcode-engine,472817b64260f1016c4ad21d0e89ad387f8074da,,,4.5.5,1647913909,524,0,0,0,0,0,0,0,0,0,0,0,0,0
alibaba/lowcode-engine,4a04bf51b2ccf8eeaccc981f50698d5265af5249,,,4.5.5,1647913924,524,0,0,0,0,0,0,0,0,0,0,0,0,0
alibaba/lowcode-engine,db3323f69809770a283df2c75477c51ef22b0ebe,,,4.5.5,1648002259,524,0,0,0,0,0,0,0,0,0,0,0,0,0
alibaba/lowcode-engine,5d67c73dfbb6f3d58794c5f04068fcd3e62b15da,,,4.5.5,1648002298,524,0,0,0,0,0,0,0,0,0,0,0,0,0
alibaba/lowcode-engine,4173fb3e72ff8688a6599a35e8af2a171ca2b614,,,4.5.5,1648119120,524,0,0,0,0,0,0,0,0,0,0,0,0,0
alibaba/lowcode-engine,d086267990a5fd23c8497081615e90922e9bd627,,,4.5.5,1648119258,524,0,0,0,0,0,0,0,0,0,0,0,0,0
alibaba/lowcode-engine,0b85cb357f4d2ca61459616fbd6ffd9b1b5963f1,,,4.5.5,1648127755,524,0,0,0,0,0,0,0,0,0,0,0,0,0
alibaba/lowcode-engine,eefc091ee7e86d6214d20d486212cb5aff237946,,,4.5.5,1648526773,525,0,0,0,0,0,0,0,0,0,0,0,0,0
alibaba/lowcode-engine,7fcf11b991768980ee49d8e8703bb2ecf108d1b4,,,4.5.5,1648526987,525,0,0,0,0,0,0,0,0,0,0,0,0,0
alibaba/lowcode-engine,7cbfadee9d082eaf756d7708771bb5c00534ec4d,,,4.5.5,1648527741,525,0,0,0,0,0,0,0,0,0,0,0,0,0
alibaba/lowcode-engine,fc452f7166f02acfba6076c1a9425e6f5880b5f6,,,4.5.5,1648610918,525,0,0,0,0,0,0,0,0,0,0,0,0,0
alibaba/lowcode-engine,7db5461706c739fac673b2466bc2fda7661242e4,,,4.5.5,1648613567,526,0,0,0,0,0,0,0,0,0,0,0,0,0
alibaba/lowcode-engine,071e1e975dd54ce47b7b7d1f10f647736b96ce7e,,,4.5.5,1648620191,525,0,0,0,0,0,0,0,0,0,0,0,0,0
alibaba/lowcode-engine,6b24f9d2ffeae1e85e00b6b07f8fbb5dcb0684ec,,,4.5.5,1648620235,526,0,0,0,0,0,0,0,0,0,0,0,0,0
alibaba/lowcode-engine,aca2f08b77a532c9dc6c8ecbb3268e040da1834a,,,4.5.5,1648620423,526,0,0,0,0,0,0,0,0,0,0,0,0,0
alibaba/lowcode-engine,f1fed75f39be8289ede1ec558b04428a69e25b5f,,,4.5.5,1648623956,526,0,0,0,0,0,0,0,0,0,0,0,0,0
alibaba/lowcode-engine,2481a8218a2f7c77282b8e28673e8a6dff15c950,,,4.5.5,1648624122,524,0,0,0,0,0,0,0,0,0,0,0,0,0
alibaba/lowcode-engine,2634161a25d61bd6ef7f57e570f392865b7d16f6,,,4.5.5,1648625905,526,0,0,0,0,0,0,0,0,0,0,0,0,0
alibaba/lowcode-engine,bffa5be420715c94fe7693ee162e7c03a1a9e94c,,,4.5.5,1648625905,526,0,0,0,0,0,0,0,0,0,0,0,0,0
alibaba/lowcode-engine,e2be399df2579fc659dd41ee39bc7b329dd074c7,,,4.5.5,1648626422,526,0,0,0,0,0,0,0,0,0,0,0,0,0
alibaba/lowcode-engine,85948cd66a9c50ad24a971760793f3a7f9c0b472,,,4.5.5,1648649893,526,0,0,0,0,0,0,0,0,0,0,0,0,0
alibaba/lowcode-engine,00d0b189ac4940dbd88a6e1e42c90662eafab19e,,,4.5.5,1648688919,526,0,0,0,0,0,0,0,0,0,0,0,0,0
alibaba/lowcode-engine,3c669c6bf20a00190af588cdd419ba89377d6575,,,4.5.5,1649227393,526,0,0,0,0,0,0,0,0,0,0,0,0,0
alibaba/lowcode-engine,1eb9addd8df2323f9aabac87af32ac2efcd6bf22,,,4.5.5,1649587108,535,0,0,0,0,0,0,0,0,0,0,0,0,0
alibaba/lowcode-engine,79db4ac97f34f24b7f7460fb3fc67521967f8cc5,,,4.5.5,1649589164,535,0,0,0,0,0,0,0,0,0,0,0,0,0
alibaba/lowcode-engine,9019c96f43158be6f24c3566cf2d05130ff60c39,,,4.5.5,1649589815,536,0,0,0,0,0,0,0,0,0,0,0,0,0
alibaba/lowcode-engine,67dabb04beb32b6e94eb1276222e53b416e47c9d,,,4.5.5,1649593781,536,0,0,0,0,0,0,0,0,0,0,0,0,0
alibaba/lowcode-engine,1e9e388ce9104d76c4f6d9bc513c57e5059d7982,,,4.5.5,1649606216,536,0,0,0,0,0,0,0,0,0,0,0,0,0
alibaba/lowcode-engine,c228907fe485a06feb504ffd64c460ee4de8e261,,,4.5.5,1649608192,536,0,0,0,0,0,0,0,0,0,0,0,0,0
alibaba/lowcode-engine,c18bc0261c9a61c8db3ea781cf71a8df0575f147,,,4.5.5,1649608360,536,0,0,0,0,0,0,0,0,0,0,0,0,0
alibaba/lowcode-engine,987f4cea54ef8a75d0b63a0268b5a20b2938b8a7,,,4.5.5,1649650724,538,0,0,0,0,0,0,0,0,0,0,0,0,0
alibaba/lowcode-engine,7e43814008c40ada8efb8d5682b30bba2846fd2f,,,4.5.5,1649650753,538,0,0,0,0,0,0,0,0,0,0,0,0,0
alibaba/lowcode-engine,eb4cc693f5dbcae54546c569eb8fa331d074e062,,,4.5.5,1649650983,538,0,0,0,0,0,0,0,0,0,0,0,0,0
alibaba/lowcode-engine,334221f749ea1d179cfb0e3ef72bb7e448fbce0c,,,4.5.5,1649651015,538,0,0,0,0,0,0,0,0,0,0,0,0,0
alibaba/lowcode-engine,244839ef096c0e4898e022c2d0831145a67a9c0b,,,4.5.5,1649656855,526,0,0,0,0,0,0,0,0,0,0,0,0,0
alibaba/lowcode-engine,d2502427ca988881747a35bd8da49f024939b833,,,4.5.5,1649656930,526,0,0,0,0,0,0,0,0,0,0,0,0,0
alibaba/lowcode-engine,1026763dc5a77d4395a1e86e5a0084ab4fb4230c,,,4.5.5,1649656980,527,0,0,0,0,0,0,0,0,0,0,0,0,0
alibaba/lowcode-engine,e162818d1e613a43ad3fdd61721713d37bd9b326,,,4.5.5,1649656997,527,0,0,0,0,0,0,0,0,0,0,0,0,0
alibaba/lowcode-engine,0ea76a746fac8ea8e7b999d42434c468c85d6372,,,4.5.5,1649657168,527,0,0,0,0,0,0,0,0,0,0,0,0,0
alibaba/lowcode-engine,1d6af0ef508f649069f556a4c26a77d481a38828,,,4.5.5,1649657176,527,0,0,0,0,0,0,0,0,0,0,0,0,0
alibaba/lowcode-engine,adcf1af4bf69708625fbf7d4df33b21f9e7b3b88,,,4.5.5,1649659534,527,0,0,0,0,0,0,0,0,0,0,0,0,0
alibaba/lowcode-engine,b4790b407ffbcce8e39e9f0df0aeff0eb5b3fc79,,,4.5.5,1649660368,527,0,0,0,0,0,0,0,0,0,0,0,0,0
alibaba/lowcode-engine,fcf3eabae0aadd872279edf0ea48fc7e16fd5897,,,4.5.5,1649660389,527,0,0,0,0,0,0,0,0,0,0,0,0,0
alibaba/lowcode-engine,70cf733b11d80f229c165f2e8e80992b21279f97,,,4.5.5,1649660856,527,0,0,0,0,0,0,0,0,0,0,0,0,0
alibaba/lowcode-engine,a78f31ae20501b299cee9650458a44176c9db3ad,,,4.5.5,1649663642,527,0,0,0,0,0,0,0,0,0,0,0,0,0
alibaba/lowcode-engine,57657fd76d844e2cad9d37f60cf7e320ca13438f,,,4.5.5,1649734777,527,0,0,0,0,0,0,0,0,0,0,0,0,0
alibaba/lowcode-engine,a8f891ed89f6f88ed584d7a290a698e34bf2c480,,,4.5.5,1649734909,538,0,0,0,0,0,0,0,0,0,0,0,0,0
alibaba/lowcode-engine,b1a61006bba4292790899c7c49c9c611a9384472,,,4.5.5,1649735814,536,0,0,0,0,0,0,0,0,0,0,0,0,0
alibaba/lowcode-engine,2bb8efb6ee678a5652d0989221a40f667029f6d3,,,4.5.5,1649735814,537,0,0,0,0,0,0,0,0,0,0,0,0,0
alibaba/lowcode-engine,20c6fca03e99b11fa5c257cbbda0d4d23f410090,,,4.5.5,1649735814,537,0,0,0,0,0,0,0,0,0,0,0,0,0
alibaba/lowcode-engine,2ccd1804cb9221e963676d526716b8f7970ff5f2,,,4.5.5,1649735814,537,0,0,0,0,0,0,0,0,0,0,0,0,0
alibaba/lowcode-engine,6db3e7ff17ad3f4df658cfaa3df30aaf533a4bd8,,,4.5.5,1649735814,539,0,0,0,0,0,0,0,0,0,0,0,0,0
alibaba/lowcode-engine,353dc9f6f3fd425307d671b45d031357cae5897b,,,4.5.5,1649735814,539,0,0,0,0,0,0,0,0,0,0,0,0,0
alibaba/lowcode-engine,2cf788c1716ae63fef20004348c59a5a65c6b3d2,,,4.5.5,1649735814,536,0,0,0,0,0,0,0,0,0,0,0,0,0
alibaba/lowcode-engine,ce531aeb457711fac92d828b431cfc3d643b3682,,,4.5.5,1649735814,537,0,0,0,0,0,0,0,0,0,0,0,0,0
alibaba/lowcode-engine,3b9b177b052169cd0c1078cf8b488f04cb374dac,,,4.5.5,1649735814,539,0,0,0,0,0,0,0,0,0,0,0,0,0
alibaba/lowcode-engine,ee65b8fa171753028a3a2dac6ff54b1761d92192,,,4.5.5,1649735814,537,0,0,0,0,0,0,0,0,0,0,0,0,0
alibaba/lowcode-engine,750d282c03a880204fefdef01e180510465b82f8,,,4.5.5,1649925960,527,0,0,0,0,0,0,0,0,0,0,0,0,0
alibaba/lowcode-engine,a47d4eea28cf4479e3b3a2bd1d194a6433666825,,,4.5.5,1650261823,527,0,0,0,0,0,0,0,0,0,0,0,0,0
alibaba/lowcode-engine,e08084e357f2f8ff94b3589a0aa677c4e09bf743,,,4.5.5,1650336626,527,0,0,0,0,0,0,0,0,0,0,0,0,0
alibaba/lowcode-engine,d5daba8aaf1f782acc8a74c66c0191dbfed0e0d9,,,4.5.5,1650337913,531,0,0,0,0,0,0,0,0,0,0,0,0,0
alibaba/lowcode-engine,9b3b4f9b0e35ef3ea2f0117f0cdb2254e15d5389,,,4.5.5,1650507329,533,0,0,0,0,0,0,0,0,0,0,0,0,0
alibaba/lowcode-engine,c657cee0694e3126dee89588a2aa17c4e118f786,,,4.5.5,1650508219,533,0,0,0,0,0,0,0,0,0,0,0,0,0
alibaba/lowcode-engine,0d40db2581f4fe5a9e22f763f21aec641e366c34,,,4.5.5,1650520372,533,0,0,0,0,0,0,0,0,0,0,0,0,0
alibaba/lowcode-engine,27ce430a6cf95d3f0a7afbbd17dd167be7438b54,,,4.5.5,1650522608,533,0,0,0,0,0,0,0,0,0,0,0,0,0
alibaba/lowcode-engine,835059deff9bf7c0b1ca5cbbf032457d26a50923,,,4.5.5,1650523597,533,0,0,0,0,0,0,0,0,0,0,0,0,0
alibaba/lowcode-engine,f0d8b852efabd542ba536ede37b59a4f0eb59aec,,,4.5.5,1650524283,545,0,0,0,0,0,0,0,0,0,0,0,0,0
alibaba/lowcode-engine,f6ad4a157df8c0ff7db327f4770f454998693d9a,,,4.5.5,1650953115,545,0,0,0,0,0,0,0,0,0,0,0,0,0
alibaba/lowcode-engine,7fda0efe131e0e2e3141849cf3f87307e7ce1b36,,,4.5.5,1650956721,545,0,0,0,0,0,0,0,0,0,0,0,0,0
alibaba/lowcode-engine,ed3ddcf5c942a8e78e1f247e41d4159da97e75a8,,,4.5.5,1651046368,545,0,0,0,0,0,0,0,0,0,0,0,0,0
alibaba/lowcode-engine,460167642b4e4fe5224edca67595d1118f82bf04,,,4.5.5,1651047274,545,0,0,0,0,0,0,0,0,0,0,0,0,0
alibaba/lowcode-engine,2dfdba3399d6de58ff553aff0dfd744e4549dd2b,,,4.5.5,1651047443,545,0,0,0,0,0,0,0,0,0,0,0,0,0
alibaba/lowcode-engine,38be3dec8383c216f188adccef86efaa0f15cc02,,,4.5.5,1651125998,545,0,0,0,0,0,0,0,0,0,0,0,0,0
alibaba/lowcode-engine,47874004cf02de74ea6afeaf8e253d9f4bc852e5,,,4.5.5,1651127971,545,0,0,0,0,0,0,0,0,0,0,0,0,0
alibaba/lowcode-engine,670eeb9fe29cd2bf5a78d8bd4adb745e287da200,,,4.5.5,1651128330,545,0,0,0,0,0,0,0,0,0,0,0,0,0
alibaba/lowcode-engine,f30db20606f5f2fdac0017305b1dda7ab2258c4b,,,4.5.5,1651142934,546,0,0,0,0,0,0,0,0,0,0,0,0,0
alibaba/lowcode-engine,18d1a4fe1d952bcd4715e693def09fee94da49a5,,,4.5.5,1651740495,527,0,0,0,0,0,0,0,0,0,0,0,0,0
alibaba/lowcode-engine,0c6bca339a1a871bbb385336ea8f58e5b85d3b9b,,,4.5.5,1651742004,549,0,0,0,0,0,0,0,0,0,0,0,0,0
alibaba/lowcode-engine,3d176cb5345f9c712457f2d2545e03541ffcb585,,,4.5.5,1651742144,550,0,0,0,0,0,0,0,0,0,0,0,0,0
alibaba/lowcode-engine,176583f48af573d30c0d2c36faa3d901b0541c06,,,4.5.5,1651742240,550,0,0,0,0,0,0,0,0,0,0,0,0,0
alibaba/lowcode-engine,80fbe6de2c081bcb00ebcb0105ba78bdd2ae554e,,,4.5.5,1651750703,550,0,0,0,0,0,0,0,0,0,0,0,0,0
alibaba/lowcode-engine,82a0f5084751fd5f2878fca5cbf418600fbebded,,,4.5.5,1651751279,550,0,0,0,0,0,0,0,0,0,0,0,0,0
alibaba/lowcode-engine,44650604a23f80300d94b142b0ef2a40db722caa,,,4.5.5,1651808621,550,0,0,0,0,0,0,0,0,0,0,0,0,0
alibaba/lowcode-engine,1ff46346ace668fea477f2ff99aa7ae61419889c,,,4.5.5,1651808656,550,0,0,0,0,0,0,0,0,0,0,0,0,0
alibaba/lowcode-engine,58ed44a6d13a316073cf2c4a012d062748877a50,,,4.5.5,1651808801,550,0,0,0,0,0,0,0,0,0,0,0,0,0
alibaba/lowcode-engine,5be9b384d66f5de369aa0be27ce88ae3f7247618,,,4.5.5,1651810569,550,0,0,0,0,0,0,0,0,0,0,0,0,0
alibaba/lowcode-engine,f71d0079e8580013ef92d7cb23c590493821cbba,,,4.5.5,1651820153,550,0,0,0,0,0,0,0,0,0,0,0,0,0
alibaba/lowcode-engine,325d2fb413c7436c48d1ab23fd62f4bc4586e551,,,4.5.5,1651820977,550,0,0,0,0,0,0,0,0,0,0,0,0,0
alibaba/lowcode-engine,6ae94807a7cf08471bb03daa1192be3fa63bac55,,,4.5.5,1651823884,550,0,0,0,0,0,0,0,0,0,0,0,0,0
alibaba/lowcode-engine,0a2c37fea8f1005e5cec1f944bbc851b741407b6,,,4.5.5,1651825203,550,0,0,0,0,0,0,0,0,0,0,0,0,0
alibaba/lowcode-engine,f57cf045c359a717b399c644a108072d7c6c6232,,,4.5.5,1651894210,550,0,0,0,0,0,0,0,0,0,0,0,0,0
alibaba/lowcode-engine,a5f6d76bda97cdd6d88f327fa49c0dd3f0e056ed,,,4.5.5,1651894282,550,0,0,0,0,0,0,0,0,0,0,0,0,0
alibaba/lowcode-engine,754cfd6e1fb1a35c63407f69493febc47ec78f02,,,4.5.5,1651914587,550,0,0,0,0,0,0,0,0,0,0,0,0,0
alibaba/lowcode-engine,0b33f0efa8c1e3a08c451f07360949a72ebcfd9c,,,4.5.5,1652099918,550,0,0,0,0,0,0,0,0,0,0,0,0,0
alibaba/lowcode-engine,9284cf4e9b8ef3a7768370cb7cb9491cbd90be34,,,4.5.5,1652100143,550,0,0,0,0,0,0,0,0,0,0,0,0,0
alibaba/lowcode-engine,610fe3a5697a171df104b5bf786db5e3bbf81fb8,,,4.5.5,1652159048,550,0,0,0,0,0,0,0,0,0,0,0,0,0
alibaba/lowcode-engine,28261fdc655c2c550e75649a18757acb5a6e6353,,,4.5.5,1652161177,550,0,0,0,0,0,0,0,0,0,0,0,0,0
alibaba/lowcode-engine,8ec0a9ab6f7ea8d0c9d3582dd4180f22f66e23c9,,,4.5.5,1652162144,550,0,0,0,0,0,0,0,0,0,0,0,0,0
alibaba/lowcode-engine,68fe51f2ecc061e8df4cf7b3ab02b7b53f7e442d,,,4.5.5,1652162547,550,0,0,0,0,0,0,0,0,0,0,0,0,0
alibaba/lowcode-engine,f99a47e502080134454795f5e361cfa4fba3f03b,,,4.5.5,1652249356,550,0,0,0,0,0,0,0,0,0,0,0,0,0
alibaba/lowcode-engine,03c53971df6de8c35620fd77743ac4f57a82d323,,,4.5.5,1652249356,550,0,0,0,0,0,0,0,0,0,0,0,0,0
alibaba/lowcode-engine,9d51dcdae38850be0206861f2cae74ca68805c25,,,4.5.5,1652249356,550,0,0,0,0,0,0,0,0,0,0,0,0,0
alibaba/lowcode-engine,4fd7f27f8eb33b66324ede279b412940fc1f7032,,,4.5.5,1652249357,550,0,0,0,0,0,0,0,0,0,0,0,0,0
alibaba/lowcode-engine,85704c36946191a1b88db789cfac59e9d027a371,,,4.5.5,1652249357,550,0,0,0,0,0,0,0,0,0,0,0,0,0
alibaba/lowcode-engine,98ececa9c11f93e5f849b201b5b5e7ff453733d7,,,4.5.5,1652249357,550,0,0,0,0,0,0,0,0,0,0,0,0,0
alibaba/lowcode-engine,e83adcee815eea73b6b1ed4f43f4d684c11818ca,,,4.5.5,1652249358,550,0,0,0,0,0,0,0,0,0,0,0,0,0
alibaba/lowcode-engine,4b0521a47494f78e120f75021e0a076fb00ce53e,,,4.5.5,1652249358,550,0,0,0,0,0,0,0,0,0,0,0,0,0
alibaba/lowcode-engine,bf2c1e96a1f5a52f85c6ccd2449f81e2cd1068dd,,,4.5.5,1652250129,550,0,0,0,0,0,0,0,0,0,0,0,0,0
alibaba/lowcode-engine,11319e1ac95107a45b903ac7273684a0a1276d9c,,,4.5.5,1652256494,550,0,0,0,0,0,0,0,0,0,0,0,0,0
alibaba/lowcode-engine,28afa05543b71152eb7ba98f85fbb95d0d2415ac,,,4.5.5,1652258232,550,0,0,0,0,0,0,0,0,0,0,0,0,0
alibaba/lowcode-engine,a2d5c6fd90ca0226bbbfea01a4b28c8b8d307a78,,,4.5.5,1652422305,550,0,0,0,0,0,0,0,0,0,0,0,0,0
alibaba/lowcode-engine,623a1b46c2a22114b0cf6163e54cf12fbd25318e,,,4.5.5,1652422760,550,0,0,0,0,0,0,0,0,0,0,0,0,0
alibaba/lowcode-engine,b96f16672e023831f4b6431a2b18639e76c28c9a,,,4.5.5,1652422966,550,0,0,0,0,0,0,0,0,0,0,0,0,0
alibaba/lowcode-engine,04631f813782dbf6d175f51c40ccc75ca4c099d2,,,4.5.5,1652423846,550,0,0,0,0,0,0,0,0,0,0,0,0,0
alibaba/lowcode-engine,fb580b5fb2653aec27e2213425e2865719002542,,,4.5.5,1652424473,550,0,0,0,0,0,0,0,0,0,0,0,0,0
alibaba/lowcode-engine,aa6b9c8f7a5353771af9f46216310f044e57c533,,,4.5.5,1652670209,550,0,0,0,0,0,0,0,0,0,0,0,0,0
alibaba/lowcode-engine,8255b7945836ee5d25fae73913faa6d0af7b3ff3,,,4.5.5,1652937626,550,0,0,0,0,0,0,0,0,0,0,0,0,0
alibaba/lowcode-engine,2871b5ba4c3dbf1ed76bf4d6359fb457190a9b22,,,4.5.5,1652941395,550,0,0,0,0,0,0,0,0,0,0,0,0,0
alibaba/lowcode-engine,f1f0613228e94317b0e7eac4154a84178d42ffa0,,,4.5.5,1652941625,550,0,0,0,0,0,0,0,0,0,0,0,0,0
alibaba/lowcode-engine,0152df9f234e78d7b1bee782613dbea8394bb619,,,4.5.5,1652941698,550,0,0,0,0,0,0,0,0,0,0,0,0,0
alibaba/lowcode-engine,1cfc8d668b8897ef3a53c11520312cc6d18338f9,,,4.5.5,1652942004,550,0,0,0,0,0,0,0,0,0,0,0,0,0
alibaba/lowcode-engine,b4f463e7d45f7b476de04bd4d98ad9f74d53cf13,,,4.5.5,1652942004,550,0,0,0,0,0,0,0,0,0,0,0,0,0
alibaba/lowcode-engine,cb8faabe99145ceb20c012f2a5a7b03ad49fa068,,,4.5.5,1652942028,550,0,0,0,0,0,0,0,0,0,0,0,0,0
alibaba/lowcode-engine,8af35a3dc4c315915c52da0dd83a07bb10d9654e,,,4.5.5,1652942343,550,0,0,0,0,0,0,0,0,0,0,0,0,0
alibaba/lowcode-engine,a79875cf8698d3912b50526d97f6ac72e9a21fc9,,,4.5.5,1652944808,550,0,0,0,0,0,0,0,0,0,0,0,0,0
alibaba/lowcode-engine,9ccded006ef44cd538abaa140250e519243bf090,,,4.5.5,1652944808,550,0,0,0,0,0,0,0,0,0,0,0,0,0
alibaba/lowcode-engine,7a14fff2180cbbbd198a0e944050148811a20fcb,,,4.5.5,1653027553,550,0,0,0,0,0,0,0,0,0,0,0,0,0
alibaba/lowcode-engine,7a3850bece22fe4364c7b946eb1ca539ceba35b6,,,4.5.5,1653027783,550,0,0,0,0,0,0,0,0,0,0,0,0,0
alibaba/lowcode-engine,5615b36d22d996bdbc70bc43997ab88443a02837,,,4.5.5,1653286367,550,0,0,0,0,0,0,0,0,0,0,0,0,0
alibaba/lowcode-engine,288871d5da36492116970bfd1e900a0031fec41c,,,4.5.5,1653287159,550,0,0,0,0,0,0,0,0,0,0,0,0,0
alibaba/lowcode-engine,acf7449ca231d45e8ed7e1d9416817ea11b1266f,,,4.5.5,1653447373,550,0,0,0,0,0,0,0,0,0,0,0,0,0
alibaba/lowcode-engine,cb3c46f7fb0aa7c60903416ebdeed8d5dec4d437,,,4.5.5,1653479916,550,0,0,0,0,0,0,0,0,0,0,0,0,0
alibaba/lowcode-engine,016f2e600b93d7c5f20af29e97b3c6e7e8403e36,,,4.5.5,1653480167,550,0,0,0,0,0,0,0,0,0,0,0,0,0
alibaba/lowcode-engine,d04e96e6dd190db4bcb1e195f0a385ca0ab99281,,,4.5.5,1653548081,550,0,0,0,0,0,0,0,0,0,0,0,0,0
alibaba/lowcode-engine,8a3a0b824162e25a930711c6fef511b4b369e897,,,4.5.5,1653548283,550,0,0,0,0,0,0,0,0,0,0,0,0,0
alibaba/lowcode-engine,75626d877db017b8862b1d5e64d75f3af7ff667a,,,4.5.5,1653548332,550,0,0,0,0,0,0,0,0,0,0,0,0,0
alibaba/lowcode-engine,57cdb8b6c334e42e6e7cc9601bc6e5edef6a40bd,,,4.5.5,1653548397,550,0,0,0,0,0,0,0,0,0,0,0,0,0
alibaba/lowcode-engine,bf280c6fa1e46d084fc8f20323164816fad4076f,,,4.5.5,1653560708,550,0,0,0,0,0,0,0,0,0,0,0,0,0
alibaba/lowcode-engine,3262e47b5fb8065ad0d3aeb0e89d245bef90986c,,,4.5.5,1653618330,550,0,0,0,0,0,0,0,0,0,0,0,0,0
alibaba/lowcode-engine,95755c038582a84277c105f19f74fe278d9c922c,,,4.5.5,1653619660,550,0,0,0,0,0,0,0,0,0,0,0,0,0
alibaba/lowcode-engine,37a3f54051897d8d0810c6a9ceb88eb876bac30c,,,4.5.5,1653620030,550,0,0,0,0,0,0,0,0,0,0,0,0,0
alibaba/lowcode-engine,c7035c0b71f4ede600c747686f14d4af76dcfea7,,,4.5.5,1653620793,550,0,0,0,0,0,0,0,0,0,0,0,0,0
alibaba/lowcode-engine,171b1013b2d28bdbacfac05d3cf895722e7232cc,,,4.5.5,1653911767,551,0,0,0,0,0,0,0,0,0,0,0,0,0
alibaba/lowcode-engine,edea336f764c8fed433451222fbc03db1ba04848,,,4.5.5,1653962176,551,0,0,0,0,0,0,0,0,0,0,0,0,0
alibaba/lowcode-engine,2c3634801a12e2e4a9a945b19b102200b8b39aa6,,,4.5.5,1653962444,551,0,0,0,0,0,0,0,0,0,0,0,0,0
alibaba/lowcode-engine,e9874c7cb99c0eb00a9510753b17d61bfd1f6962,,,4.5.5,1653962719,551,0,0,0,0,0,0,0,0,0,0,0,0,0
alibaba/lowcode-engine,30267cb173fca2cd80a61450b9f2fe2bceac0f06,,,4.5.5,1653962841,551,0,0,0,0,0,0,0,0,0,0,0,0,0
alibaba/lowcode-engine,5ea53f706b6571946bcfa56b8655b55717381771,,,4.5.5,1653962842,551,0,0,0,0,0,0,0,0,0,0,0,0,0
alibaba/lowcode-engine,941ae0592586334694c48197aaa6692d49cefbce,,,4.5.5,1653962842,551,0,0,0,0,0,0,0,0,0,0,0,0,0
alibaba/lowcode-engine,d16bbc32877c31ab352a372a19d2a6224b9d7c18,,,4.5.5,1653962842,551,0,0,0,0,0,0,0,0,0,0,0,0,0
alibaba/lowcode-engine,de1f60bbee157267e2c2212df1077cc49ce506f4,,,4.5.5,1653962843,551,0,0,0,0,0,0,0,0,0,0,0,0,0
alibaba/lowcode-engine,d9a44c5de7861e9180567b4afb787e381cefac61,,,4.5.5,1653962843,551,0,0,0,0,0,0,0,0,0,0,0,0,0
alibaba/lowcode-engine,2f8b9545de0210260001a832b52f608238ac4191,,,4.5.5,1653962843,551,0,0,0,0,0,0,0,0,0,0,0,0,0
alibaba/lowcode-engine,b8f35c504edd4ef36b5b0f26a6bf3fae3bd8c205,,,4.5.5,1653963524,551,0,0,0,0,0,0,0,0,0,0,0,0,0
alibaba/lowcode-engine,ac881145cfc8b194173565e4f0ad11197bcd5340,,,4.5.5,1654062922,551,0,0,0,0,0,0,0,0,0,0,0,0,0
alibaba/lowcode-engine,44ad744aac174f80e06c122a2189f0be75c24e49,,,4.5.5,1654064260,551,0,0,0,0,0,0,0,0,0,0,0,0,0
alibaba/lowcode-engine,7eecb39c97b30416228f204c20cba55d67419870,,,4.5.5,1654142356,552,0,0,0,0,0,0,0,0,0,0,0,0,0
alibaba/lowcode-engine,031c7f25f10a6cfebfc7929c9226f4e4167a359f,,,4.5.5,1654569991,552,0,0,0,0,0,0,0,0,0,0,0,0,0
alibaba/lowcode-engine,232c81d7cd01026ee7c1e9d4f064796dd0328a92,,,4.5.5,1654571003,552,0,0,0,0,0,0,0,0,0,0,0,0,0
alibaba/lowcode-engine,5ebdcfbd5c7eade504a7b4c7144fc82e53b9537a,,,4.5.5,1654571052,552,0,0,0,0,0,0,0,0,0,0,0,0,0
alibaba/lowcode-engine,00c2d5ec51e26fcf2976c6722b2331ea67c28456,,,4.5.5,1654571233,552,0,0,0,0,0,0,0,0,0,0,0,0,0
alibaba/lowcode-engine,f9566454ef83eb4c48b68d63a766c3d0ff927c73,,,4.5.5,1654571233,552,0,0,0,0,0,0,0,0,0,0,0,0,0
alibaba/lowcode-engine,8b90f9bfd77bd04dd5d2adb3c9f8b10a9ea3755b,,,4.5.5,1654571965,552,0,0,0,0,0,0,0,0,0,0,0,0,0
alibaba/lowcode-engine,dcc247c7d54f6af2ed36d46bfd79c7eacf7bd604,,,4.5.5,1654573165,552,0,0,0,0,0,0,0,0,0,0,0,0,0
alibaba/lowcode-engine,89bed55582d3d4bf14663a78ab720dfd4a2aac93,,,4.5.5,1654582741,552,0,0,0,0,0,0,0,0,0,0,0,0,0
alibaba/lowcode-engine,ab33caf3f2b8ed8ff060e7ff9966fc2ad9c2ee40,,,4.5.5,1654582871,552,0,0,0,0,0,0,0,0,0,0,0,0,0
alibaba/lowcode-engine,6f3337e3fcfa52a0e0f94b46a44aa5a1c45c16d8,,,4.5.5,1654584483,552,0,0,0,0,0,0,0,0,0,0,0,0,0
alibaba/lowcode-engine,cf3bc4bdb978fa6c5db5a8113468f0844b03a8e2,,,4.5.5,1654585999,552,0,0,0,0,0,0,0,0,0,0,0,0,0
alibaba/lowcode-engine,9fb0283dfb7a54ec7c57e5659b786b425f586278,,,4.5.5,1654586809,552,0,0,0,0,0,0,0,0,0,0,0,0,0
alibaba/lowcode-engine,66e34c5449aa72355d5be98ea9a0bd25688abf49,,,4.5.5,1654586870,552,0,0,0,0,0,0,0,0,0,0,0,0,0
alibaba/lowcode-engine,0af1c28dad2353a18ce18fe26de587a8fdf15e80,,,4.5.5,1654589607,552,0,0,0,0,0,0,0,0,0,0,0,0,0
alibaba/lowcode-engine,988719d72f979b7a3dda4789917b8bd53a56c1bc,,,4.5.5,1654593441,552,0,0,0,0,0,0,0,0,0,0,0,0,0
alibaba/lowcode-engine,0735f1ca76e87e69620cf2251a51c5dbbcb91de8,,,4.5.5,1654593921,552,0,0,0,0,0,0,0,0,0,0,0,0,0
alibaba/lowcode-engine,77f6c1298f61bb7a0dd05346cd8d26244537fb4f,,,4.5.5,1654755395,552,0,0,0,0,0,0,0,0,0,0,0,0,0
alibaba/lowcode-engine,e809f8906dcf82763eb32317955f8b7fc076cf64,,,4.5.5,1654756144,552,0,0,0,0,0,0,0,0,0,0,0,0,0
alibaba/lowcode-engine,7b76ff357e4e638454c31a9b1324fb68966ec522,,,4.5.5,1654833032,552,0,0,0,0,0,0,0,0,0,0,0,0,0
alibaba/lowcode-engine,dd27cf8be2f528fa3a519f1b55831a0aaad09ab7,,,4.5.5,1654833057,552,0,0,0,0,0,0,0,0,0,0,0,0,0
alibaba/lowcode-engine,0ec2f7f20e19cf9a65fb2bd9cf5c535eb7c78d38,,,4.5.5,1654833863,552,0,0,0,0,0,0,0,0,0,0,0,0,0
alibaba/lowcode-engine,fbfd1f313971b5e89a6d3f9daf936b9027c253c1,,,4.5.5,1654843344,552,0,0,0,0,0,0,0,0,0,0,0,0,0
alibaba/lowcode-engine,fc5fbc63a04a32bc887754f32e74c76149d74b05,,,4.5.5,1654844046,552,0,0,0,0,0,0,0,0,0,0,0,0,0
alibaba/lowcode-engine,c5e8ff1ce7cc8f684247859d58cb1b11335c9d92,,,4.5.5,1654844061,552,0,0,0,0,0,0,0,0,0,0,0,0,0
alibaba/lowcode-engine,dbb95f72124f9c789f284405863c9f2b6faa4b07,,,4.5.5,1654844263,552,0,0,0,0,0,0,0,0,0,0,0,0,0
alibaba/lowcode-engine,16a88578634b9da2f04698df5ca5a5e69151bb97,,,4.5.5,1655106734,552,0,0,0,0,0,0,0,0,0,0,0,0,0
alibaba/lowcode-engine,9e6dffa8803c2e1a1a6625153d7cfb24a35645e4,,,4.5.5,1655109523,552,0,0,0,0,0,0,0,0,0,0,0,0,0
alibaba/lowcode-engine,534e29429d445d97c71d95d4c4e492868527bb6b,,,4.5.5,1655109570,552,0,0,0,0,0,0,0,0,0,0,0,0,0
alibaba/lowcode-engine,b89cf5c97d80523ce034b2d1f4eef73b770db98b,,,4.5.5,1655109589,552,0,0,0,0,0,0,0,0,0,0,0,0,0
alibaba/lowcode-engine,e37170692919009afa9541f3740c5e642aeb9876,,,4.5.5,1655110499,552,0,0,0,0,0,0,0,0,0,0,0,0,0
alibaba/lowcode-engine,a9a118fe6e79080245c6eea42ed26772b7c784ca,,,4.5.5,1655111744,552,0,0,0,0,0,0,0,0,0,0,0,0,0
alibaba/lowcode-engine,ba90327eac0f5f82f6349bb9a7684bf51259e9c9,,,4.5.5,1655111744,552,0,0,0,0,0,0,0,0,0,0,0,0,0
alibaba/lowcode-engine,f61e2a2b8a3d8d6754474cd392bc259917c7eb10,,,4.5.5,1655111744,552,0,0,0,0,0,0,0,0,0,0,0,0,0
alibaba/lowcode-engine,e02933c18bc15519b2eba8ad946282502a509611,,,4.5.5,1655172854,552,0,0,0,0,0,0,0,0,0,0,0,0,0
alibaba/lowcode-engine,bf2562e0e9aca0acc7d3c54d07c01b66656f8f24,,,4.5.5,1655173848,552,0,0,0,0,0,0,0,0,0,0,0,0,0
alibaba/lowcode-engine,567fd56cfe9e499a3ef77b31f5ef7c09ed18aede,,,4.5.5,1655190487,553,0,0,0,0,0,0,0,0,0,0,0,0,0
alibaba/lowcode-engine,84b77cf4b693254cbf3f5fc1255af70d17626de7,,,4.5.5,1655195100,552,0,0,0,0,0,0,0,0,0,0,0,0,0
alibaba/lowcode-engine,ff5ab30029963800232dedb05ac444b59919af57,,,4.5.5,1655261532,552,0,0,0,0,0,0,0,0,0,0,0,0,0
alibaba/lowcode-engine,310508146621dc19f10739240381b5731caf992a,,,4.5.5,1655279062,553,0,0,0,0,0,0,0,0,0,0,0,0,0
alibaba/lowcode-engine,058a84226af8ca19d8c7d63599d80d0cdf70281c,,,4.5.5,1655291352,553,0,0,0,0,0,0,0,0,0,0,0,0,0
alibaba/lowcode-engine,c5ffbd59c46ecd7fbc81d759f1351e09dbc6e4d9,,,4.5.5,1655357711,567,0,0,0,0,0,0,0,0,0,0,0,0,0
alibaba/lowcode-engine,abf8fae3ef4d62b5688362e1b98f1b508a207029,,,4.5.5,1655367842,567,0,0,0,0,0,0,0,0,0,0,0,0,0
alibaba/lowcode-engine,97665937192eda5710fb47086dc2085526787051,,,4.5.5,1655373024,567,0,0,0,0,0,0,0,0,0,0,0,0,0
alibaba/lowcode-engine,e005ca2e2e2e7d18bd7993bf63976b8a9ee58f66,,,4.5.5,1655446931,567,0,0,0,0,0,0,0,0,0,0,0,0,0
alibaba/lowcode-engine,8dab2ce68a24567262e70139a3165fe2a32646b7,,,4.5.5,1655446931,567,0,0,0,0,0,0,0,0,0,0,0,0,0
alibaba/lowcode-engine,cbd95a1778415406670f37507ce957af6b3ecd4a,,,4.5.5,1655455468,567,0,0,0,0,0,0,0,0,0,0,0,0,0
alibaba/lowcode-engine,712da6772e2908324ebf21b6ff4804d25563c91a,,,4.5.5,1655457191,567,0,0,0,0,0,0,0,0,0,0,0,0,0
alibaba/lowcode-engine,ee7160ea3c625d421c07730ef51711b8f14392a0,,,4.5.5,1655710168,567,0,0,0,0,0,0,0,0,0,0,0,0,0
alibaba/lowcode-engine,022643350c50125284add821f4c512ad6d8dee43,,,4.5.5,1655778188,567,0,0,0,0,0,0,0,0,0,0,0,0,0
alibaba/lowcode-engine,3dd0b6d0a86267e3029c176ff49aff793ce3e186,,,4.5.5,1655875813,567,0,0,0,0,0,0,0,0,0,0,0,0,0
alibaba/lowcode-engine,8f237b108953d69e953a3cd4e81d397053dddeb4,,,4.5.5,1655957938,570,0,0,0,0,0,0,0,0,0,0,0,0,0
alibaba/lowcode-engine,2022308e21abe7c1960743f1ac25ad607b3be965,,,4.5.5,1655958098,569,0,0,0,0,0,0,0,0,0,0,0,0,0
alibaba/lowcode-engine,da7f77ee91b3bf441a4a57614872df32d6a1d041,,,4.5.5,1655966675,569,0,0,0,0,0,0,0,0,0,0,0,0,0
alibaba/lowcode-engine,d1ec7996a7ad436511453af5bd1042f411578b97,,,4.5.5,1655966692,569,0,0,0,0,0,0,0,0,0,0,0,0,0
alibaba/lowcode-engine,ce87b6ff946a250c9d4c27689f5dc7100fe7f155,,,4.5.5,1655969015,569,0,0,0,0,0,0,0,0,0,0,0,0,0
alibaba/lowcode-engine,98bc477d80dbf7993f89befdb42762d78a55fb1b,,,4.5.5,1655969699,569,0,0,0,0,0,0,0,0,0,0,0,0,0
alibaba/lowcode-engine,85d1f0fd90d210630d8694b35e3e0571e4c62a83,,,4.5.5,1655970055,569,0,0,0,0,0,0,0,0,0,0,0,0,0
alibaba/lowcode-engine,b216aa5d2bdd67f724222baca60331d169a74393,,,4.5.5,1655970592,569,0,0,0,0,0,0,0,0,0,0,0,0,0
alibaba/lowcode-engine,7cb02e032d729e461ddc03bd509bb1285cb37918,,,4.5.5,1655970645,569,0,0,0,0,0,0,0,0,0,0,0,0,0
alibaba/lowcode-engine,7e5a919f9352397f11741fd911495996469c0256,,,4.5.5,1656055126,569,0,0,0,0,0,0,0,0,0,0,0,0,0
alibaba/lowcode-engine,1aa39b426903146a8cbc6e68111c8f5b3cfe1727,,,4.5.5,1656055170,569,0,0,0,0,0,0,0,0,0,0,0,0,0
alibaba/lowcode-engine,c2c59b7ff72ba06156bbcdb952262739d6188209,,,4.5.5,1656057791,569,0,0,0,0,0,0,0,0,0,0,0,0,0
alibaba/lowcode-engine,961ebe2f6cbfab53a26b9ce7ef0df3e4820260c1,,,4.5.5,1656057841,569,0,0,0,0,0,0,0,0,0,0,0,0,0
alibaba/lowcode-engine,c92307346b3336f8eebe2dfd460ceac7d8bf540e,,,4.5.5,1656059006,569,0,0,0,0,0,0,0,0,0,0,0,0,0
alibaba/lowcode-engine,8e5fcd1d598918f8b99a4f03ed853d0ccd32c300,,,4.5.5,1656314904,569,0,0,0,0,0,0,0,0,0,0,0,0,0
alibaba/lowcode-engine,152a24d65528d0a3b7990c9aa87e6d8d09aa9b2a,,,4.5.5,1656386279,569,0,0,0,0,0,0,0,0,0,0,0,0,0
alibaba/lowcode-engine,3f7c0cd5191b7924f2630c58e6439f4d4a936ac9,,,4.5.5,1656386279,569,0,0,0,0,0,0,0,0,0,0,0,0,0
alibaba/lowcode-engine,23cf6bc7789846d97f412e862f835ffae6508e9d,,,4.5.5,1656396361,569,0,0,0,0,0,0,0,0,0,0,0,0,0
alibaba/lowcode-engine,6bb64f3aa1fa41d1284565addaf3976ffded1abb,,,4.5.5,1656403002,569,0,0,0,0,0,0,0,0,0,0,0,0,0
alibaba/lowcode-engine,6fe774d09fcde3598e5281bc102737f23ff9d959,,,4.5.5,1656409780,569,0,0,0,0,0,0,0,0,0,0,0,0,0
alibaba/lowcode-engine,900b2394323e85f0dce5df83dfc773f96da23e24,,,4.5.5,1656465726,569,0,0,0,0,0,0,0,0,0,0,0,0,0
alibaba/lowcode-engine,aaa1f4e2c6a7a1577cc2695e63f201f3867386fe,,,4.5.5,1656469878,569,0,0,0,0,0,0,0,0,0,0,0,0,0
alibaba/lowcode-engine,5dd462544fbbbccfa97165f2bcfeed8629fab2a3,,,4.5.5,1656494274,569,0,0,0,0,0,0,0,0,0,0,0,0,0
alibaba/lowcode-engine,4b59190c7f9d518bc7efac44b7eeee73f1b5d177,,,4.5.5,1656557403,569,0,0,0,0,0,0,0,0,0,0,0,0,0
alibaba/lowcode-engine,d85437d4af1043371e27dfde98cecf914b93a126,,,4.5.5,1656557403,569,0,0,0,0,0,0,0,0,0,0,0,0,0
alibaba/lowcode-engine,951d1cb103fa46c0e7926d6138657c7d10cc4f88,,,4.5.5,1657005827,569,0,0,0,0,0,0,0,0,0,0,0,0,0
alibaba/lowcode-engine,12f67dcdeb577622eb7e2ebaa6c484db133b88b2,,,4.5.5,1657007633,569,0,0,0,0,0,0,0,0,0,0,0,0,0
alibaba/lowcode-engine,a0c772fb903cf5eb9e0b811b64bbe3846d4ba8ac,,,4.5.5,1657076632,569,0,0,0,0,0,0,0,0,0,0,0,0,0
alibaba/lowcode-engine,30d4ba9d215ce8b7e6238c2bff5e1d8ba1fc752a,,,4.5.5,1657077617,569,0,0,0,0,0,0,0,0,0,0,0,0,0
alibaba/lowcode-engine,267f79cc4c3a79c7cc8b77b058d3e72f2eebd2fd,,,4.5.5,1657077788,569,0,0,0,0,0,0,0,0,0,0,0,0,0
alibaba/lowcode-engine,81a73049bd848524e1156761ded08ddf325863ba,,,4.5.5,1657154314,569,0,0,0,0,0,0,0,0,0,0,0,0,0
alibaba/lowcode-engine,035bde453c763e656e5555d97c0b29c8949aa71b,,,4.5.5,1657179290,569,0,0,0,0,0,0,0,0,0,0,0,0,0
alibaba/lowcode-engine,b4b30a359932f5c0e8fde1b28f54a883c87901d8,,,4.5.5,1657182104,569,0,0,0,0,0,0,0,0,0,0,0,0,0
alibaba/lowcode-engine,a176e9d245981fb5718c8d144f477202b3796be6,,,4.5.5,1657199302,569,0,0,0,0,0,0,0,0,0,0,0,0,0
alibaba/lowcode-engine,9be46e7b34e3a40cbc489dbae4bfd0915c2090e3,,,4.5.5,1657242382,569,0,0,0,0,0,0,0,0,0,0,0,0,0
alibaba/lowcode-engine,a8de3f299c7b26fa939d2b2ea1428143e2b5fb01,,,4.5.5,1657242622,569,0,0,0,0,0,0,0,0,0,0,0,0,0
alibaba/lowcode-engine,33c7948a65db6412533beb4cf62c5186cb5699c0,,,4.5.5,1657247836,569,0,0,0,0,0,0,0,0,0,0,0,0,0
alibaba/lowcode-engine,6e96adf2174b4eabdaa0f9fe6c015a50a1e73984,,,4.5.5,1657248423,569,0,0,0,0,0,0,0,0,0,0,0,0,0
alibaba/lowcode-engine,969a130b373fb028f8051e96cb9d79f1de0a2a1c,,,4.5.5,1657508354,569,0,0,0,0,0,0,0,0,0,0,0,0,0
alibaba/lowcode-engine,37654cd04050fb37ee4b6afde606bd55a9de7beb,,,4.5.5,1657509469,569,0,0,0,0,0,0,0,0,0,0,0,0,0
alibaba/lowcode-engine,1135a30780ca5767c25c53a82f8528d562c26e50,,,4.5.5,1657520216,569,0,0,0,0,0,0,0,0,0,0,0,0,0
alibaba/lowcode-engine,282a30afa4aa387f319f98e9115ff2fa38f259d1,,,4.5.5,1657594638,569,0,0,0,0,0,0,0,0,0,0,0,0,0
alibaba/lowcode-engine,6399cce05ae494dac6facf4366949b0b97576079,,,4.5.5,1657676511,569,0,0,0,0,0,0,0,0,0,0,0,0,0
alibaba/lowcode-engine,706dad4aa5b47eaad8a2dadadb5a5c1a2da18e3e,,,4.5.5,1657691478,569,0,0,0,0,0,0,0,0,0,0,0,0,0
alibaba/lowcode-engine,1fa2694635275ca67545dfc9d42f3c3676a97485,,,4.5.5,1657868474,569,0,0,0,0,0,0,0,0,0,0,0,0,0
alibaba/lowcode-engine,70e7c1c2e8998e80d58447759efdf651105724a9,,,4.5.5,1658277209,569,0,0,0,0,0,0,0,0,0,0,0,0,0
alibaba/lowcode-engine,63e049d9bd2316b6bcafba12b4b19237af74b4e7,,,4.5.5,1658286565,569,0,0,0,0,0,0,0,0,0,0,0,0,0
alibaba/lowcode-engine,823242469743d235923b3b946ec7d2db70887ead,,,4.5.5,1658395487,569,0,0,0,0,0,0,0,0,0,0,0,0,0
alibaba/lowcode-engine,80c805780f08348c2c4de09afbdd24b0061ddf17,,,4.5.5,1658911852,569,0,0,0,0,0,0,0,0,0,0,0,0,0
alibaba/lowcode-engine,912ee22180a424f63298c319c62fb481513af904,,,4.5.5,1659080440,569,0,0,0,0,0,0,0,0,0,0,0,0,0
alibaba/lowcode-engine,2432aed83d55407d2f8b5f94910ada7ea78bb59e,,,4.5.5,1659608407,569,0,0,0,0,0,0,0,0,0,0,0,0,0
alibaba/lowcode-engine,4d6dfe9f579e77651e58395474843e837061898b,,,4.5.5,1659608805,569,0,0,0,0,0,0,0,0,0,0,0,0,0
alibaba/lowcode-engine,9a5a04ac9560fb6a51bf4e0ed8ea446381d39c35,,,4.5.5,1659613050,569,0,0,0,0,0,0,0,0,0,0,0,0,0
alibaba/lowcode-engine,9c545cca6004f65e2f206ea001cefa3fa3cfa807,,,4.5.5,1659613543,569,0,0,0,0,0,0,0,0,0,0,0,0,0
alibaba/lowcode-engine,50eddf17a971844d2c3a92b78655d3b490ef168b,,,4.5.5,1659615528,569,0,0,0,0,0,0,0,0,0,0,0,0,0
alibaba/lowcode-engine,7c8cd36a10a7caa61de31a15abd93ab8a97fbe08,,,4.5.5,1659938405,569,0,0,0,0,0,0,0,0,0,0,0,0,0
alibaba/lowcode-engine,573504b0e3537ca60d234ce2b2f3feedb323405e,,,4.5.5,1659938405,569,0,0,0,0,0,0,0,0,0,0,0,0,0
alibaba/lowcode-engine,1a9cb0234e7c2efa102da42d19a734ba1c6474b8,,,4.5.5,1659938871,569,0,0,0,0,0,0,0,0,0,0,0,0,0
alibaba/lowcode-engine,c1bcb8f4d4566f58249411fc7059212d3e7b871b,,,4.5.5,1659949308,569,0,0,0,0,0,0,0,0,0,0,0,0,0
alibaba/lowcode-engine,57df803179ca9cec4e8ab1dac1be577175732e65,,,4.5.5,1659952915,569,0,0,0,0,0,0,0,0,0,0,0,0,0
alibaba/lowcode-engine,c27f8019bc0d23bfd755b4a3fec94dd4d3a74288,,,4.5.5,1660040747,569,0,0,0,0,0,0,0,0,0,0,0,0,0
alibaba/lowcode-engine,f4dd4e522686165d0bfece402d9959330f426cba,,,4.5.5,1660046344,569,0,0,0,0,0,0,0,0,0,0,0,0,0
alibaba/lowcode-engine,a9f15a7552264117f538ebc0a74cf688a51a0390,,,4.5.5,1660187461,569,0,0,0,0,0,0,0,0,0,0,0,0,0
alibaba/lowcode-engine,f320f43e462565e64000b40de5554ac4135a0ee7,,,4.5.5,1660210793,572,0,0,0,0,0,0,0,0,0,0,0,0,0
alibaba/lowcode-engine,64cc3283c15342151a8f93c46a276681f3575153,,,4.5.5,1660784864,569,0,0,0,0,0,0,0,0,0,0,0,0,0
alibaba/lowcode-engine,94a211e2795f74721cfd2ae3ff38a1d3607e9cd0,,,4.5.5,1661311636,569,0,0,0,0,0,0,0,0,0,0,0,0,0
alibaba/lowcode-engine,d7237d75024364f6f126fd0b14db5aa0892b608d,,,4.5.5,1661321409,569,0,0,0,0,0,0,0,0,0,0,0,0,0
alibaba/lowcode-engine,2a2c9cac4413e8ec7ec986d5b0cba9d6529c0502,,,4.5.5,1661323753,569,0,0,0,0,0,0,0,0,0,0,0,0,0
alibaba/lowcode-engine,06e6920602bdf21b6e1ffe5cfa3dfe4856e7c57e,,,4.5.5,1661998351,569,0,0,0,0,0,0,0,0,0,0,0,0,0
alibaba/lowcode-engine,70fb8308f964dbefcdbf0d584a634679e462aede,,,4.5.5,1661999428,569,0,0,0,0,0,0,0,0,0,0,0,0,0
alibaba/lowcode-engine,3fe6e41536cd3a9b9c7eaca5b353de4bd1f91b11,,,4.5.5,1662085750,569,0,0,0,0,0,0,0,0,0,0,0,0,0
alibaba/lowcode-engine,5146bbedf32fc94c018ba83024dfb0c898bc730e,,,4.5.5,1662085844,569,0,0,0,0,0,0,0,0,0,0,0,0,0
alibaba/lowcode-engine,6d79b946694d6834821401d1702d68cc8c1dd71c,,,4.5.5,1662087060,569,0,0,0,0,0,0,0,0,0,0,0,0,0
alibaba/lowcode-engine,0c62ac0c3a631d613df914c65b6183fd5390aac7,,,4.5.5,1662105972,569,0,0,0,0,0,0,0,0,0,0,0,0,0
alibaba/lowcode-engine,d770007ff8c39e6cf527e07a7d6468dbb88c776d,,,4.5.5,1662106229,569,0,0,0,0,0,0,0,0,0,0,0,0,0
alibaba/lowcode-engine,50e4a03b7d810131ce413cc057b43d4a726f1ebe,,,4.5.5,1662106229,569,0,0,0,0,0,0,0,0,0,0,0,0,0
alibaba/lowcode-engine,b4d7d6d8c290a335a2c1f60731d4417b23444941,,,4.5.5,1662106229,569,0,0,0,0,0,0,0,0,0,0,0,0,0
alibaba/lowcode-engine,c50b07d3ec659cfc08698cd61bfbc81009da23ae,,,4.5.5,1662106229,569,0,0,0,0,0,0,0,0,0,0,0,0,0
alibaba/lowcode-engine,f25feba63f181efa83f1a8dff530e1c39ab1b34c,,,4.5.5,1662106229,569,0,0,0,0,0,0,0,0,0,0,0,0,0
alibaba/lowcode-engine,f3914ed815ee2b1efd4922f469e2ec2093f89c14,,,4.5.5,1662106229,569,0,0,0,0,0,0,0,0,0,0,0,0,0
alibaba/lowcode-engine,3e6cfa055ca3fbb07740cc0a04fb057458094a6b,,,4.5.5,1662106229,569,0,0,0,0,0,0,0,0,0,0,0,0,0
alibaba/lowcode-engine,9d187ccb7de55857e861d3fc881c610506872d03,,,4.5.5,1662106229,569,0,0,0,0,0,0,0,0,0,0,0,0,0
alibaba/lowcode-engine,4c032d0d0ead9731c038bd62dccc4a7d96435183,,,4.5.5,1662106229,569,0,0,0,0,0,0,0,0,0,0,0,0,0
alibaba/lowcode-engine,5bd68ee6b448fa58b022870b3f8175d8b77febde,,,4.5.5,1662106229,569,0,0,0,0,0,0,0,0,0,0,0,0,0
alibaba/lowcode-engine,7a0bab11aca6fa5856af894736222c6d14897467,,,4.5.5,1662106229,569,0,0,0,0,0,0,0,0,0,0,0,0,0
alibaba/lowcode-engine,141e19593184d18cb9cac7f7a62b8188059eac4e,,,4.5.5,1662106229,569,0,0,0,0,0,0,0,0,0,0,0,0,0
alibaba/lowcode-engine,f85975211814147d40ae5330a76cb21cb6c66916,,,4.5.5,1662106229,569,0,0,0,0,0,0,0,0,0,0,0,0,0
alibaba/lowcode-engine,63f5d2ca3e0bda92898fd0df28c9500707812082,,,4.5.5,1662106229,569,0,0,0,0,0,0,0,0,0,0,0,0,0
alibaba/lowcode-engine,6daca093ef4dcd85806d913ea5d4b8e42d2ed366,,,4.5.5,1662106229,569,0,0,0,0,0,0,0,0,0,0,0,0,0
alibaba/lowcode-engine,1f355c6a58348a1abd34abb6a64ac982d11dcfe0,,,4.5.5,1662434608,569,0,0,0,0,0,0,0,0,0,0,0,0,0
alibaba/lowcode-engine,02f8f981ef85fc0108ef112c523b182b0ca0c5a4,,,4.5.5,1662446195,569,0,0,0,0,0,0,0,0,0,0,0,0,0
alibaba/lowcode-engine,ff9c208c05c99ebcd7dd35a81d65e06ec1981c9e,,,4.5.5,1662454277,569,0,0,0,0,0,0,0,0,0,0,0,0,0
alibaba/lowcode-engine,e221d6f7326d5a7b9d7b596b0b90a8cb7ca11080,,,4.5.5,1662455048,569,0,0,0,0,0,0,0,0,0,0,0,0,0
alibaba/lowcode-engine,dbe0764ff4901450f03ca56b62167fbc87d2524a,,,4.5.5,1662633657,569,0,0,0,0,0,0,0,0,0,0,0,0,0
alibaba/lowcode-engine,391251788a131e382b70958561c7b4fc513b02eb,,,4.5.5,1662715663,569,0,0,0,0,0,0,0,0,0,0,0,0,0
alibaba/lowcode-engine,6a6156a38d82fbac98a1485765c522277e35e27e,,,4.5.5,1663074251,569,0,0,0,0,0,0,0,0,0,0,0,0,0
alibaba/lowcode-engine,2dbd66cb2866aa710600f0c60c002fa067b6a0ee,,,4.5.5,1663074301,569,0,0,0,0,0,0,0,0,0,0,0,0,0
alibaba/lowcode-engine,5bb8cf5d12d38d70b69fa28deb2f8aa0afa9b9b9,,,4.5.5,1663243578,569,0,0,0,0,0,0,0,0,0,0,0,0,0
alibaba/lowcode-engine,d1c9838343ba1bdd4c02c1cfbf1f920dd8c87e7d,,,4.5.5,1663316153,571,0,0,0,0,0,0,0,0,0,0,0,0,0
alibaba/lowcode-engine,f6859e653781bdd25d0d2bb808260e6d5bd87efd,,,4.5.5,1663317462,571,0,0,0,0,0,0,0,0,0,0,0,0,0
alibaba/lowcode-engine,eb73686c245d4c8164d4fecada5563f02122bbb5,,,4.5.5,1663321834,571,0,0,0,0,0,0,0,0,0,0,0,0,0
alibaba/lowcode-engine,bca8cd23a4808a06dd743826cc2e6843f2147148,,,4.5.5,1663585658,571,0,0,0,0,0,0,0,0,0,0,0,0,0
alibaba/lowcode-engine,2b2bcbdaebde6a3ce974072f586386ef7ef3497c,,,4.5.5,1663585658,571,0,0,0,0,0,0,0,0,0,0,0,0,0
alibaba/lowcode-engine,89abae82e20194b385a406277ff3bee87636c1b7,,,4.5.5,1663639326,571,0,0,0,0,0,0,0,0,0,0,0,0,0
alibaba/lowcode-engine,ecb9dca2b9386ef6fadfd009d161a9203b9b9558,,,4.5.5,1663639581,571,0,0,0,0,0,0,0,0,0,0,0,0,0
alibaba/lowcode-engine,f4001728259047b09db75d76a8c3ef1e1bcb4e0a,,,4.5.5,1663748419,571,0,0,0,0,0,0,0,0,0,0,0,0,0
alibaba/lowcode-engine,3d41fd5d0783048a7cfb54c6f80d058856153d25,,,4.5.5,1663902585,571,0,0,0,0,0,0,0,0,0,0,0,0,0
alibaba/lowcode-engine,6ee6b07a10ba4aac583def52d8ff1fa78d111d0b,,,4.5.5,1663904664,571,0,0,0,0,0,0,0,0,0,0,0,0,0
alibaba/lowcode-engine,0bcd9ff78227aeddaf2fdc22d10fbd662fed91d3,,,4.5.5,1663904789,571,0,0,0,0,0,0,0,0,0,0,0,0,0
alibaba/lowcode-engine,1f9150e4b260d522bd7cb31497069b700a1e8576,,,4.5.5,1663915112,571,0,0,0,0,0,0,0,0,0,0,0,0,0
alibaba/lowcode-engine,438cccd58e4341638070c1d8b2d4e78e4e20e3fb,,,4.5.5,1663915135,571,0,0,0,0,0,0,0,0,0,0,0,0,0
alibaba/lowcode-engine,d3c891e2a46d138e31c81a7f9b804a8240154df5,,,4.5.5,1663918343,571,0,0,0,0,0,0,0,0,0,0,0,0,0
alibaba/lowcode-engine,f346675e159e7b8ead282ffe36c22da027468a5f,,,4.5.5,1663918521,571,0,0,0,0,0,0,0,0,0,0,0,0,0
alibaba/lowcode-engine,66b73a64f138e8d2bc7f06bdf4c594fab4da2b1d,,,4.5.5,1663919140,571,0,0,0,0,0,0,0,0,0,0,0,0,0
alibaba/lowcode-engine,6eefb4e96dab2750870b22d2053943ef4160aee3,,,4.5.5,1664174969,571,0,0,0,0,0,0,0,0,0,0,0,0,0
alibaba/lowcode-engine,4b8ec09e86e3950a9d4066c28e681a59273b4c93,,,4.5.5,1664175352,571,0,0,0,0,0,0,0,0,0,0,0,0,0
alibaba/lowcode-engine,c0bb4dd822f4c0ec4cd4585f52d3d04e42e00db3,,,4.5.5,1664175903,571,0,0,0,0,0,0,0,0,0,0,0,0,0
alibaba/lowcode-engine,8312ab30f615b83d87ee3a2786561e132b24547f,,,4.5.5,1664176728,571,0,0,0,0,0,0,0,0,0,0,0,0,0
alibaba/lowcode-engine,fcfce3cbeb5a53600c40aea07ffef19c9c9591c4,,,4.5.5,1665372882,571,0,0,0,0,0,0,0,0,0,0,0,0,0
alibaba/lowcode-engine,c4768871dbd6a3f0f1c502d7d8f59b7f4f305ffa,,,4.5.5,1665385286,571,0,0,0,0,0,0,0,0,0,0,0,0,0
alibaba/lowcode-engine,8f6b53e67d89ee7af754132f0994a759522b3821,,,4.5.5,1665386214,571,0,0,0,0,0,0,0,0,0,0,0,0,0
alibaba/lowcode-engine,22f87ceed96f75d40c958165300065c7658531e9,,,4.5.5,1665392636,571,0,0,0,0,0,0,0,0,0,0,0,0,0
alibaba/lowcode-engine,ca7972c9a7c1560ce83a32c64cbfe914a4213ac9,,,4.5.5,1665392868,571,0,0,0,0,0,0,0,0,0,0,0,0,0
alibaba/lowcode-engine,51dd1538d2ad3c4b276a486cbc7ddb7a512e6745,,,4.5.5,1665393042,571,0,0,0,0,0,0,0,0,0,0,0,0,0
alibaba/lowcode-engine,9beae9c3269901bf03a29033121c7d480571bce5,,,4.5.5,1665648277,571,0,0,0,0,0,0,0,0,0,0,0,0,0
alibaba/lowcode-engine,1343a81042e24088e054c2591c9ce3300769d9e7,,,4.5.5,1665661762,571,0,0,0,0,0,0,0,0,0,0,0,0,0
alibaba/lowcode-engine,86b8889ec4c8e612528101879c31ea0f1642bb99,,,4.5.5,1666062180,571,0,0,0,0,0,0,0,0,0,0,0,0,0
alibaba/lowcode-engine,6576346b9185bedb090be9c84129e077cf5389b3,,,4.5.5,1666086562,571,0,0,0,0,0,0,0,0,0,0,0,0,0
alibaba/lowcode-engine,67ec788f0341d2d7181d45348bead03d9f058856,,,4.5.5,1666088517,571,0,0,0,0,0,0,0,0,0,0,0,0,0
alibaba/lowcode-engine,6b78157b211d6eabf60297b9ce980a3e10cc8272,,,4.5.5,1666180792,571,0,0,0,0,0,0,0,0,0,0,0,0,0
alibaba/lowcode-engine,51aca3d330b6483c05b71867f1b362a9f5db6cfe,,,4.5.5,1666594643,571,0,0,0,0,0,0,0,0,0,0,0,0,0
alibaba/lowcode-engine,ef3a5409106b51bb36cd91d6623c163f82fb0b2f,,,4.5.5,1666594643,571,0,0,0,0,0,0,0,0,0,0,0,0,0
alibaba/lowcode-engine,298cef6f96c8910de57d740aff514fba7193ab25,,,4.5.5,1666595356,571,0,0,0,0,0,0,0,0,0,0,0,0,0
alibaba/lowcode-engine,49194b41f215109852a3494236d778c8a97af794,,,4.5.5,1666595576,571,0,0,0,0,0,0,0,0,0,0,0,0,0
alibaba/lowcode-engine,c4055aa4e003cb5ff2811112cfe00f78c2f538ab,,,4.5.5,1666669625,571,0,0,0,0,0,0,0,0,0,0,0,0,0
alibaba/lowcode-engine,e9680b5e662ce15583772106004f48e62ccaeeb4,,,4.5.5,1666669783,571,0,0,0,0,0,0,0,0,0,0,0,0,0
alibaba/lowcode-engine,cc9551c8393176c3b8f5316c30b70282c97e2f34,,,4.5.5,1666676754,571,0,0,0,0,0,0,0,0,0,0,0,0,0
alibaba/lowcode-engine,1043ef82b1e9ceefc3b74fd21eb28e9a740bd1db,,,4.5.5,1666685489,573,0,0,0,0,0,0,0,0,0,0,0,0,0
alibaba/lowcode-engine,a86897cec023816927f58633cf6b53c90c5f6022,,,4.5.5,1666685489,571,0,0,0,0,0,0,0,0,0,0,0,0,0
alibaba/lowcode-engine,84bdb3f6fb1b6da8c2020e7579f50f7ccf93535c,,,4.5.5,1666685489,571,0,0,0,0,0,0,0,0,0,0,0,0,0
alibaba/lowcode-engine,8050415fddb9f205f56a4e94a26338ba673c3c28,,,4.5.5,1666685613,573,0,0,0,0,0,0,0,0,0,0,0,0,0
alibaba/lowcode-engine,1ecb2f3c5a92d2dc197305d98ee3c8efea688962,,,4.5.5,1666685869,573,0,0,0,0,0,0,0,0,0,0,0,0,0
alibaba/lowcode-engine,2cf74cd04b4f48a3501d37329d39784f6964366a,,,4.5.5,1666771003,573,0,0,0,0,0,0,0,0,0,0,0,0,0
alibaba/lowcode-engine,491635ccabf6f5e4e4b479e4e68c033b20372ace,,,4.5.5,1666771051,573,0,0,0,0,0,0,0,0,0,0,0,0,0
alibaba/lowcode-engine,f6b16b2a30c9cea30b7831785dd0eab4fdfa31c6,,,4.5.5,1666771346,574,0,0,0,0,0,0,0,0,0,0,0,0,0
alibaba/lowcode-engine,e1153c9aae1b17c92d1cb0afe0301f7137abcdeb,,,4.5.5,1666839839,573,0,0,0,0,0,0,0,0,0,0,0,0,0
alibaba/lowcode-engine,b0014ecdb9e8771671a8d5abfdb65c851fdf8079,,,4.5.5,1666840305,573,0,0,0,0,0,0,0,0,0,0,0,0,0
alibaba/lowcode-engine,f9b33adc8b73bc914ca6943b393936934046ec6c,,,4.5.5,1666840686,573,0,0,0,0,0,0,0,0,0,0,0,0,0
alibaba/lowcode-engine,66f6918a6908c297f31c70d7d4524243308994a1,,,4.5.5,1666873324,573,0,0,0,0,0,0,0,0,0,0,0,0,0
alibaba/lowcode-engine,42b40d244a9657418776804cb8853e640d66ef6f,,,4.5.5,1666873638,573,0,0,0,0,0,0,0,0,0,0,0,0,0
alibaba/lowcode-engine,9b0ea3bef3c9f0a6927db736b1c9d3682396f525,,,4.5.5,1666873964,573,0,0,0,0,0,0,0,0,0,0,0,0,0
alibaba/lowcode-engine,64d3de701b682231d1ac93af36cc44c753e1e308,,,4.5.5,1666874906,573,0,0,0,0,0,0,0,0,0,0,0,0,0
alibaba/lowcode-engine,433dfc4df059c6de028398c6eaf9c6a5bd833fac,,,4.5.5,1666922308,573,0,0,0,0,0,0,0,0,0,0,0,0,0
alibaba/lowcode-engine,b537b92f44558ec6316233c7ba0ab4b742868856,,,4.5.5,1666923818,573,0,0,0,0,0,0,0,0,0,0,0,0,0
alibaba/lowcode-engine,1833160038ea5abdb3b9f959e13d676a10c34105,,,4.5.5,1666924373,573,0,0,0,0,0,0,0,0,0,0,0,0,0
alibaba/lowcode-engine,319b13b559f637301934c60cae9d72dbec3bf48d,,,4.5.5,1667185112,573,0,0,0,0,0,0,0,0,0,0,0,0,0
alibaba/lowcode-engine,d98b90e365d474fb5d4cb2c6e21aea30245013ad,,,4.5.5,1667185182,573,0,0,0,0,0,0,0,0,0,0,0,0,0
alibaba/lowcode-engine,e1af5a2644ac9211cc08e141f91104b7a55b8000,,,4.5.5,1667185832,573,0,0,0,0,0,0,0,0,0,0,0,0,0
alibaba/lowcode-engine,b33cd1be88c03882792b6b2c6b6636a5ddeca467,,,4.5.5,1667295986,573,0,0,0,0,0,0,0,0,0,0,0,0,0
alibaba/lowcode-engine,55365194e92d7f34c4a16dd08c0505f4390d504e,,,4.5.5,1667369986,573,0,0,0,0,0,0,0,0,0,0,0,0,0
alibaba/lowcode-engine,2d40d0bd07b0cf36eeb77d623dd852ba51984464,,,4.5.5,1667385637,575,0,0,0,0,0,0,0,0,0,0,0,0,0
alibaba/lowcode-engine,3653f6a970431a306976defcdc47ad3cea2b741f,,,4.5.5,1667385911,575,0,0,0,0,0,0,0,0,0,0,0,0,0
alibaba/lowcode-engine,fe5b848044d1b65abd23c9979ec001076944fc88,,,4.5.5,1667389623,575,0,0,0,0,0,0,0,0,0,0,0,0,0
alibaba/lowcode-engine,74ac483d42a55c9dd094279d4cd37d1b588d7a74,,,4.5.5,1667389988,575,0,0,0,0,0,0,0,0,0,0,0,0,0
alibaba/lowcode-engine,727d04f23c69f888a2e28d7ae68643d76f210495,,,4.5.5,1667390314,575,0,0,0,0,0,0,0,0,0,0,0,0,0
alibaba/lowcode-engine,d2046cd225533a0ed41a2d8ad9129027782fbea4,,,4.5.5,1667528866,575,0,0,0,0,0,0,0,0,0,0,0,0,0
alibaba/lowcode-engine,944d630e390ff2d14e6541ba98b2649b709c1033,,,4.5.5,1667528891,575,0,0,0,0,0,0,0,0,0,0,0,0,0
alibaba/lowcode-engine,7a0faa48eebd0f9eed353e006d25f3d9b2c5e5fd,,,4.5.5,1667529507,575,0,0,0,0,0,0,0,0,0,0,0,0,0
alibaba/lowcode-engine,e8fde6189c8be376126f087a2c3d8f0f12fd4a80,,,4.5.5,1667792911,575,0,0,0,0,0,0,0,0,0,0,0,0,0
alibaba/lowcode-engine,600b468ef23ca94b596029f0ab320f1e54464537,,,4.5.5,1667793025,575,0,0,0,0,0,0,0,0,0,0,0,0,0
alibaba/lowcode-engine,456742eeac842412bf7dec8f3ab32a57146bb3f2,,,4.5.5,1667794260,575,0,0,0,0,0,0,0,0,0,0,0,0,0
alibaba/lowcode-engine,a8c12b7b1d39ad5cc3e4d0d3a4938ec5639c146e,,,4.5.5,1667817791,573,0,0,0,0,0,0,0,0,0,0,0,0,0
alibaba/lowcode-engine,fb4b640cddbb3b0ddc9c22a41e55d3be4a80c6e1,,,4.5.5,1667874191,575,0,0,0,0,0,0,0,0,0,0,0,0,0
alibaba/lowcode-engine,29d3e9657b0aaab9bdde298420f6c558b665b5c5,,,4.5.5,1667875191,575,0,0,0,0,0,0,0,0,0,0,0,0,0
alibaba/lowcode-engine,4ca80cb6186d09d32c441bfb122fc556613207ac,,,4.5.5,1667875201,575,0,0,0,0,0,0,0,0,0,0,0,0,0
alibaba/lowcode-engine,7bf7ca428d9537398168d3307d448232d5ee11de,,,4.5.5,1667875617,575,0,0,0,0,0,0,0,0,0,0,0,0,0
alibaba/lowcode-engine,fb640805319761568ab5a721eca25ba859e0feda,,,4.5.5,1667876944,575,0,0,0,0,0,0,0,0,0,0,0,0,0
alibaba/lowcode-engine,f77a0538bbd49ebc9b61e84a7b7e625a40385559,,,4.5.5,1667877177,575,0,0,0,0,0,0,0,0,0,0,0,0,0
alibaba/lowcode-engine,92fc196cec512b7a4516972a314af19fd033e876,,,4.5.5,1667877792,575,0,0,0,0,0,0,0,0,0,0,0,0,0
alibaba/lowcode-engine,d6c17d2e5351a3f05ae64091c54a63ad83b91263,,,4.5.5,1667890851,575,0,0,0,0,0,0,0,0,0,0,0,0,0
alibaba/lowcode-engine,407a620b32dc27506352d0b3f5838a546019e703,,,4.5.5,1667893050,573,0,0,0,0,0,0,0,0,0,0,0,0,0
alibaba/lowcode-engine,734a9d83e9d7a49790721cabd9fc4d5a080648eb,,,4.5.5,1667893050,571,0,0,0,0,0,0,0,0,0,0,0,0,0
alibaba/lowcode-engine,e0e537a5a3ac4578110c96a7134998b48fd2f265,,,4.5.5,1667893050,571,0,0,0,0,0,0,0,0,0,0,0,0,0
alibaba/lowcode-engine,453e0699ece06d98e59227e23248baf1de4082aa,,,4.5.5,1667893050,573,0,0,0,0,0,0,0,0,0,0,0,0,0
alibaba/lowcode-engine,b8a02faf5b057f61b2483214e3ffeeacacc2050e,,,4.5.5,1667893050,573,0,0,0,0,0,0,0,0,0,0,0,0,0
alibaba/lowcode-engine,b9264508c11981c5c9bba36f43c0c09a114de8f3,,,4.5.5,1667893050,571,0,0,0,0,0,0,0,0,0,0,0,0,0
alibaba/lowcode-engine,3b72278867dcafab1f15fcb566f3dd160a3614ae,,,4.5.5,1667893050,573,0,0,0,0,0,0,0,0,0,0,0,0,0
alibaba/lowcode-engine,fab83b4ab162342473cbd228dcfcc3c0fbb22d5a,,,4.5.5,1667893050,573,0,0,0,0,0,0,0,0,0,0,0,0,0
alibaba/lowcode-engine,78d94e2a5d03e6a9902da4afa264d3fcea5e1b33,,,4.5.5,1667893050,571,0,0,0,0,0,0,0,0,0,0,0,0,0
alibaba/lowcode-engine,8a83fc9b5c0bca17bc3be5f1d7907ce5c886999d,,,4.5.5,1667893050,571,0,0,0,0,0,0,0,0,0,0,0,0,0
alibaba/lowcode-engine,0c2abc2497903a31da5ec21f3ad88913b5b1fdad,,,4.5.5,1667893050,573,0,0,0,0,0,0,0,0,0,0,0,0,0
alibaba/lowcode-engine,535b75c04fdb9dfc7d93ff24b2fe8d2eb47ccc96,,,4.5.5,1667893050,571,0,0,0,0,0,0,0,0,0,0,0,0,0
alibaba/lowcode-engine,6cb0df3209c7954d58f00f80135fe21e52b0e6da,,,4.5.5,1667893050,573,0,0,0,0,0,0,0,0,0,0,0,0,0
alibaba/lowcode-engine,80be82af6a4db316a0171ef75c13900a5c782aad,,,4.5.5,1667893050,573,0,0,0,0,0,0,0,0,0,0,0,0,0
alibaba/lowcode-engine,9a0fd151a3ff1434df8265e0a6aef107724e3d48,,,4.5.5,1667893050,573,0,0,0,0,0,0,0,0,0,0,0,0,0
alibaba/lowcode-engine,e818d84c8b22ae112498e5b2bf419dc07b91fc29,,,4.5.5,1667893050,575,0,0,0,0,0,0,0,0,0,0,0,0,0
alibaba/lowcode-engine,7d3048a12697e44a3b60bf9fb2b96f974c1a1c39,,,4.5.5,1667893050,575,0,0,0,0,0,0,0,0,0,0,0,0,0
alibaba/lowcode-engine,413d17b84bd4123b26cb5055634682a89cd1db13,,,4.5.5,1667893050,573,0,0,0,0,0,0,0,0,0,0,0,0,0
alibaba/lowcode-engine,b4f3613bb4a4b5638c3ca665c6f20730b9b6b4d5,,,4.5.5,1667893050,573,0,0,0,0,0,0,0,0,0,0,0,0,0
alibaba/lowcode-engine,7b58b6a6d755395ba80f4857d617a0d3841084f1,,,4.5.5,1667893050,573,0,0,0,0,0,0,0,0,0,0,0,0,0
alibaba/lowcode-engine,268fbe949ba28eafd78b389beb4d14088370a1f4,,,4.5.5,1667894164,575,0,0,0,0,0,0,0,0,0,0,0,0,0
alibaba/lowcode-engine,d81d310f9ef17e14cc4e8000347049d7779f4511,,,4.5.5,1668657739,575,0,0,0,0,0,0,0,0,0,0,0,0,0
alibaba/lowcode-engine,40023b5341ab012c40cc153e397697f524662250,,,4.5.5,1668659239,575,0,0,0,0,0,0,0,0,0,0,0,0,0
alibaba/lowcode-engine,81f1dbfe1ffb2349558173a3053593259212bbe7,,,4.5.5,1668661135,575,0,0,0,0,0,0,0,0,0,0,0,0,0
alibaba/lowcode-engine,a6934e1085cf3c383e2c05ec75a71e8f6572a025,,,4.5.5,1668661183,575,0,0,0,0,0,0,0,0,0,0,0,0,0
alibaba/lowcode-engine,855c641eca8109dc050db957a3d565a522fe5dcf,,,4.5.5,1668661230,575,0,0,0,0,0,0,0,0,0,0,0,0,0
alibaba/lowcode-engine,a06b6bc1f944f054a6cc336e8508bbec1dc86f4d,,,4.5.5,1668661370,575,0,0,0,0,0,0,0,0,0,0,0,0,0
alibaba/lowcode-engine,bcaad576b34c521d1e50a2256d4595bde37e381d,,,4.5.5,1668664876,575,0,0,0,0,0,0,0,0,0,0,0,0,0
alibaba/lowcode-engine,dd9b2e3132d216ed9ffd694e6ee664251ac75713,,,4.5.5,1668670506,575,0,0,0,0,0,0,0,0,0,0,0,0,0
alibaba/lowcode-engine,4462e3d3a021389f0ec43c969d85f91eb152912a,,,4.5.5,1668670702,575,0,0,0,0,0,0,0,0,0,0,0,0,0
alibaba/lowcode-engine,2139f9e2b8887ff077dce3527b53717c7d889316,,,4.5.5,1668682665,575,0,0,0,0,0,0,0,0,0,0,0,0,0
alibaba/lowcode-engine,9a3b57d40fbb16e34a85d7b9ed2364bbe68bc27d,,,4.5.5,1668693498,575,0,0,0,0,0,0,0,0,0,0,0,0,0
alibaba/lowcode-engine,b18b70461cbadd4f4d6d6f1e6dfa731a3ffdd145,,,4.5.5,1669105029,575,0,0,0,0,0,0,0,0,0,0,0,0,0
alibaba/lowcode-engine,407294dff3d6c8845c0b77eef17a24175850b16e,,,4.5.5,1669106669,575,0,0,0,0,0,0,0,0,0,0,0,0,0
alibaba/lowcode-engine,ab817312ff9e6feb4f8980a2402128f014e10c20,,,4.5.5,1669108623,575,0,0,0,0,0,0,0,0,0,0,0,0,0
alibaba/lowcode-engine,7456e78ad8858c03a141e4214bb9a0ed698b55a2,,,4.5.5,1669109042,575,0,0,0,0,0,0,0,0,0,0,0,0,0
alibaba/lowcode-engine,f951399f97cee55dd09bcd732f5afafbda54143f,,,4.5.5,1669185220,575,0,0,0,0,0,0,0,0,0,0,0,0,0
alibaba/lowcode-engine,43b2175792f5a8d455dbb68592bfd0de990b3f47,,,4.6.2,1669195538,575,0,0,0,0,0,0,0,0,0,0,0,0,0
alibaba/lowcode-engine,1e54fefd7e16462074dc90bedb2850e5949f51d1,,,4.5.5,1669195584,575,0,0,0,0,0,0,0,0,0,0,0,0,0
alibaba/lowcode-engine,d207d92053201ffac00d39a371cbee835c0dd777,,,4.6.2,1669195584,575,0,0,0,0,0,0,0,0,0,0,0,0,0
alibaba/lowcode-engine,f30ccf509a7c3341ef5cffc6b88aff0a0286787e,,,4.6.2,1669195858,575,0,0,0,0,0,0,0,0,0,0,0,0,0
alibaba/lowcode-engine,48e8a727006a950e3aa8b68e895274b11a84aeaf,,,4.6.2,1669197305,575,0,0,0,0,0,0,0,0,0,0,0,0,0
alibaba/lowcode-engine,0a60dfe2bdca52d4cbe0d26367ccf9b37a5490be,,,4.6.2,1669197763,575,0,0,0,0,0,0,0,0,0,0,0,0,0
alibaba/lowcode-engine,8fe8aaa300f95e46c40b91533f83ac89d0753df1,,,4.6.2,1669201953,575,0,0,0,0,0,0,0,0,0,0,0,0,0
alibaba/lowcode-engine,a079fbc256f8275e8a69eb6d8abb6f6b08179578,,,4.5.5,1669269765,576,0,0,0,0,0,0,0,0,0,0,0,0,0
alibaba/lowcode-engine,fdb1791d437e73f7e8a899b0c9b787f42cc876ae,,,4.5.5,1669269796,576,0,0,0,0,0,0,0,0,0,0,0,0,0
alibaba/lowcode-engine,01ce70c06c2d7a3a71d62fe01639638918f53641,,,4.6.2,1669343916,575,0,0,0,0,0,0,0,0,0,0,0,0,0
alibaba/lowcode-engine,8f4cb19278e9a3ab78639dc347ce5fba9382659d,,,4.6.2,1669344138,575,0,0,0,0,0,0,0,0,0,0,0,0,0
alibaba/lowcode-engine,caffc0c0201dfea4c0d5d05fc3147f21525f3dce,,,4.6.2,1669344227,575,0,0,0,0,0,0,0,0,0,0,0,0,0
alibaba/lowcode-engine,84491fde2263a6f67623308f4aef1ad8eea71bf4,,,4.6.2,1669344270,575,0,0,0,0,0,0,0,0,0,0,0,0,0
alibaba/lowcode-engine,7d50d93fcb80f8ffbe4110f3356089b07392bbda,,,4.6.2,1669345059,575,0,0,0,0,0,0,0,0,0,0,0,0,0
alibaba/lowcode-engine,0e5290b63ec151a079745bfb5959abe5c4073d48,,,4.6.2,1669346093,575,0,0,0,0,0,0,0,0,0,0,0,0,0
alibaba/lowcode-engine,948660b54f763914ea004c008c9d513832f6b142,,,4.6.2,1669366756,575,0,0,0,0,0,0,0,0,0,0,0,0,0
alibaba/lowcode-engine,c3984e52636a8fe012cb1cdecbe160c7af9b503c,,,4.6.2,1669366779,575,0,0,0,0,0,0,0,0,0,0,0,0,0
alibaba/lowcode-engine,3f538750630cee5756d9e7eda6e381b8a4d8e148,,,4.6.2,1669398409,575,0,0,0,0,0,0,0,0,0,0,0,0,0
alibaba/lowcode-engine,256df61dbaab44689addf6056037be3930b37862,,,4.6.2,1669398424,576,0,0,0,0,0,0,0,0,0,0,0,0,0
alibaba/lowcode-engine,12d1291113f05aa22988bf8036eb5e280bcbb09c,,,4.6.2,1669398424,576,0,0,0,0,0,0,0,0,0,0,0,0,0
alibaba/lowcode-engine,3c165617bfe226f376ab009b1ddd795133144027,,,4.6.2,1669398424,576,0,0,0,0,0,0,0,0,0,0,0,0,0
alibaba/lowcode-engine,73acf6f112de22feb0ccea8033e6adf3b25c0e4b,,,4.6.2,1669603925,576,0,0,0,0,0,0,0,0,0,0,0,0,0
alibaba/lowcode-engine,fceffce5cdc2cb4aabc7d17b3405bc91ad0d7402,,,4.6.2,1669604754,576,0,0,0,0,0,0,0,0,0,0,0,0,0
alibaba/lowcode-engine,84e0c1f09609d81716274af2f94c676e68ab8f15,,,4.6.2,1669605388,576,0,0,0,0,0,0,0,0,0,0,0,0,0
alibaba/lowcode-engine,6b1b9cf4b27499f4be65a24ff334f9d56403dd3d,,,4.6.2,1669606324,575,0,0,0,0,0,0,0,0,0,0,0,0,0
alibaba/lowcode-engine,260e17980c5a89b7d854d453bf386113af385c9e,,,4.6.2,1669618136,576,0,0,0,0,0,0,0,0,0,0,0,0,0
alibaba/lowcode-engine,3e485b07dae2dd6f440fcdeea6f1a5e9ee9a62c0,,,4.6.2,1669622736,576,0,0,0,0,0,0,0,0,0,0,0,0,0
alibaba/lowcode-engine,16952d1696af054fa1fbe5b01366f20d790250de,,,4.6.2,1669624844,576,0,0,0,0,0,0,0,0,0,0,0,0,0
alibaba/lowcode-engine,f73dabe91c788c19c9f05b72d80c0a68ca2a683a,,,4.6.2,1669624884,576,0,0,0,0,0,0,0,0,0,0,0,0,0
alibaba/lowcode-engine,05269806fb63dd4f1dba82b9d1667df8dff18180,,,4.6.2,1669627386,575,0,0,0,0,0,0,0,0,0,0,0,0,0
alibaba/lowcode-engine,dcd14e32720cabd4282dc523f174259ae447f3a6,,,4.6.2,1669627388,575,0,0,0,0,0,0,0,0,0,0,0,0,0
alibaba/lowcode-engine,a24418d846a1a7b27022c874efdd099e0404914c,,,4.6.2,1669627389,575,0,0,0,0,0,0,0,0,0,0,0,0,0
alibaba/lowcode-engine,84d26b443b9baecb7c6e0cff64fd5ca813116af6,,,4.6.2,1669627391,576,0,0,0,0,0,0,0,0,0,0,0,0,0
alibaba/lowcode-engine,b157aa53729b5344620e5521dc4528c6f7b154b5,,,4.6.2,1669627399,576,0,0,0,0,0,0,0,0,0,0,0,0,0
alibaba/lowcode-engine,4839fb6bc8dd8dfa60854fb55518303293768f9b,,,4.6.2,1669627401,576,0,0,0,0,0,0,0,0,0,0,0,0,0
alibaba/lowcode-engine,fe2e9cdd9634fc989b4776dcfdcbdf4ee6c5c335,,,4.6.2,1669627403,576,0,0,0,0,0,0,0,0,0,0,0,0,0
alibaba/lowcode-engine,bf027611da798ace89d03be4150fcef6c89837fd,,,4.6.2,1669627404,576,0,0,0,0,0,0,0,0,0,0,0,0,0
alibaba/lowcode-engine,ada747092f27147830ee4d6b4932ac8ff1da7f7d,,,4.6.2,1669627405,576,0,0,0,0,0,0,0,0,0,0,0,0,0
alibaba/lowcode-engine,a2bb61a35fef76d05918705759e87a442873134e,,,4.6.2,1669627407,576,0,0,0,0,0,0,0,0,0,0,0,0,0
alibaba/lowcode-engine,d0832f36988069d957a77fd9dc855055440fd10f,,,4.6.2,1669627408,576,0,0,0,0,0,0,0,0,0,0,0,0,0
alibaba/lowcode-engine,3a9cb1d890d8ea833df07b96623c6bf36e2a216c,,,4.6.2,1669628146,576,0,0,0,0,0,0,0,0,0,0,0,0,0
alibaba/lowcode-engine,3a0ab6d4419afc5841ac5197d84eee0758d4fe28,,,4.6.2,1669686187,576,0,0,0,0,0,0,0,0,0,0,0,0,0
alibaba/lowcode-engine,cff86c492ae3999b87503a750e014ebdb34e2098,,,4.6.2,1669686187,576,0,0,0,0,0,0,0,0,0,0,0,0,0
alibaba/lowcode-engine,b2af5b29d57066b021a3f027003c23855bd239b4,,,4.5.5,1669688437,575,0,0,0,0,0,0,0,0,0,0,0,0,0
alibaba/lowcode-engine,5f14347903f0d25f78a338262dc35b38f95e9fa7,,,4.6.2,1669689203,576,0,0,0,0,0,0,0,0,0,0,0,0,0
alibaba/lowcode-engine,f49c6299d8e26975b5ccd1c4e57635487e38a761,,,4.6.2,1669714543,576,0,0,0,0,0,0,0,0,0,0,0,0,0
alibaba/lowcode-engine,b664663890fd9fa5e41ac4998e38e85a4a3f2a03,,,4.6.2,1669791035,573,0,0,0,0,0,0,0,0,0,0,0,0,0
alibaba/lowcode-engine,abe7f40325d8156cb1fb200f18e10da7020efdae,,,4.6.2,1669863505,573,0,0,0,0,0,0,0,0,0,0,0,0,0
alibaba/lowcode-engine,bce06dbdcf8445aaf60bd2e0e8266070c9c98e75,,,4.6.2,1669864245,573,0,0,0,0,0,0,0,0,0,0,0,0,0
alibaba/lowcode-engine,5abe68110eaaabe9d47d66e4466388071234d5b8,,,4.6.2,1669880414,573,0,0,0,0,0,0,0,0,0,0,0,0,0
alibaba/lowcode-engine,21d5460fd89b3dbc00696910e47057261766a803,,,4.6.2,1669880590,573,0,0,0,0,0,0,0,0,0,0,0,0,0
alibaba/lowcode-engine,7674e27f833d2edc823e1be9d41c3788ee96458c,,,4.6.2,1669885198,573,0,0,0,0,0,0,0,0,0,0,0,0,0
alibaba/lowcode-engine,e5011c3d167d8251edbc8f878a0329bb2a32b586,,,4.6.2,1669973708,573,0,0,0,0,0,0,0,0,0,0,0,0,0
alibaba/lowcode-engine,8e13f0cee18e6a7c8906efb0bc81132b1ad625ef,,,4.6.2,1669973839,573,0,0,0,0,0,0,0,0,0,0,0,0,0
alibaba/lowcode-engine,e5a5c26de8c1ad97bac9047a0f2856447dcce8b7,,,4.6.2,1670055890,573,0,0,0,0,0,0,0,0,0,0,0,0,0
alibaba/lowcode-engine,1f3c697a27d103f642d3b1c5bfeae26843e3112c,,,4.6.2,1670055983,573,0,0,0,0,0,0,0,0,0,0,0,0,0
alibaba/lowcode-engine,da010eef42050639970e6da06e7b629620187549,,,4.6.2,1670055990,573,0,0,0,0,0,0,0,0,0,0,0,0,0
alibaba/lowcode-engine,bb58c8505de1818c41576bbb23c4da1363e6211e,,,4.6.2,1670056521,573,0,0,0,0,0,0,0,0,0,0,0,0,0
alibaba/lowcode-engine,d3f8a96e728d52e867b786d7c4e426dc8475ce95,,,4.6.2,1670206926,586,0,0,0,0,0,0,0,0,0,0,0,0,0
alibaba/lowcode-engine,20c8419f220776c2647da4ff86bba721e65ca389,,,4.6.2,1670223411,573,0,0,0,0,0,0,0,0,0,0,0,0,0
alibaba/lowcode-engine,bf0ffc55fb8e5240288fa68bf45ac247a56d40bb,,,4.6.2,1670234044,586,0,0,0,0,0,0,0,0,0,0,0,0,0
alibaba/lowcode-engine,0fbf4cda4cbc1367b888976f6ea46ae57fb5cd3c,,,4.6.2,1670242287,573,0,0,0,0,0,0,0,0,0,0,0,0,0
alibaba/lowcode-engine,aed94f1532692c040ac5048deb05ca8d55e3a1c9,,,4.6.2,1670242533,573,0,0,0,0,0,0,0,0,0,0,0,0,0
alibaba/lowcode-engine,94d07e02713aca688e28ea0d8160d6b4e5dcdc0a,,,4.6.2,1670295311,573,0,0,0,0,0,0,0,0,0,0,0,0,0
alibaba/lowcode-engine,8fbef9078584cfa113acede9847491318914cf31,,,4.6.2,1670295311,573,0,0,0,0,0,0,0,0,0,0,0,0,0
alibaba/lowcode-engine,403be8e47e35366e466c073a54bfc049dff98062,,,4.6.2,1670295312,573,0,0,0,0,0,0,0,0,0,0,0,0,0
alibaba/lowcode-engine,55c3fc9e58d566edeabd1daa489ac83ba6b787d1,,,4.6.2,1670296320,639,0,0,0,0,0,0,0,0,0,0,0,0,0
alibaba/lowcode-engine,9f60b113dd2db7f4ee904c731eaf5b688d3b0502,,,4.6.2,1670296413,639,0,0,0,0,0,0,0,0,0,0,0,0,0
alibaba/lowcode-engine,cac555158adf77d59ec0b9808be954ff07006320,,,4.6.2,1670296815,639,0,0,0,0,0,0,0,0,0,0,0,0,0
alibaba/lowcode-engine,3fa810d8ce55c5e0eac8dc347d2f22130b58614c,,,4.6.2,1670298351,639,0,0,0,0,0,0,0,0,0,0,0,0,0
alibaba/lowcode-engine,a54ded2fd6969e1362da644f32b3cefca12bfaf5,,,4.6.2,1670308012,639,0,0,0,0,0,0,0,0,0,0,0,0,0
alibaba/lowcode-engine,6ae7c1bee5630cd5b48abaeba3b4b89d95960db8,,,4.6.2,1670470873,641,0,0,0,0,0,0,0,0,0,0,0,0,0
alibaba/lowcode-engine,c314c952eb8b5efeecfe63cb03cf1b5cca0ebd3f,,,4.6.2,1670470969,641,0,0,0,0,0,0,0,0,0,0,0,0,0
alibaba/lowcode-engine,5a3ca971877a0889323b72605766ab25dfb0a15e,,,4.6.2,1670471211,641,0,0,0,0,0,0,0,0,0,0,0,0,0
alibaba/lowcode-engine,5de97c10c8b308ebb63040f385853c8fa5c1bcaa,,,4.6.2,1670480086,642,0,0,0,0,0,0,0,0,0,0,0,0,0
alibaba/lowcode-engine,335314aec6843511dc0f53ba73518df7910e6d9a,,,4.6.2,1670481441,642,0,0,0,0,0,0,0,0,0,0,0,0,0
alibaba/lowcode-engine,1fa525d64acbb0f79209cf44c56380113f493461,,,4.6.2,1670482622,586,0,0,0,0,0,0,0,0,0,0,0,0,0
alibaba/lowcode-engine,d55838893d9dbe6238da8eb5abda460222833c89,,,4.6.2,1670492943,642,0,0,0,0,0,0,0,0,0,0,0,0,0
alibaba/lowcode-engine,5af13213d69394a71cb4f37286778c911de80112,,,4.6.2,1670493085,642,0,0,0,0,0,0,0,0,0,0,0,0,0
alibaba/lowcode-engine,62178eea50794e3e73cbc21ba7da0e8daa547ba8,,,4.6.2,1670493220,642,0,0,0,0,0,0,0,0,0,0,0,0,0
alibaba/lowcode-engine,f6feef218aeecaa8a2ab4f164756662dba0d054e,,,4.6.2,1670556998,642,0,0,0,0,0,0,0,0,0,0,0,0,0
alibaba/lowcode-engine,9b95daba8136c0c12a697a2de9ca386d0350616a,,,4.6.2,1670569602,642,0,0,0,0,0,0,0,0,0,0,0,0,0
alibaba/lowcode-engine,de3443a9dc0f68ca094e5e92ca6ccbc61ac7e488,,,4.6.2,1670569640,642,0,0,0,0,0,0,0,0,0,0,0,0,0
alibaba/lowcode-engine,c85e561b5e7c3f067fc42442e9719d195b3cc643,,,4.6.2,1670569841,642,0,0,0,0,0,0,0,0,0,0,0,0,0
alibaba/lowcode-engine,b2be450e0fee31e08396a79f34e929c8e6ef7c3e,,,4.6.2,1670569842,642,0,0,0,0,0,0,0,0,0,0,0,0,0
alibaba/lowcode-engine,4ae4d312a7cba2798b736c76020fdb2105a38ad2,,,4.6.2,1670569842,642,0,0,0,0,0,0,0,0,0,0,0,0,0
alibaba/lowcode-engine,34709f4c1f80d4aac1369f34d43c567f87f599ae,,,4.6.2,1670570299,642,0,0,0,0,0,0,0,0,0,0,0,0,0
alibaba/lowcode-engine,f509dc6301ba7270661ec2aee37c66ce68e47d9f,,,4.6.2,1670639305,586,0,0,0,0,0,0,0,0,0,0,0,0,0
alibaba/lowcode-engine,cbbe6d315262405ecf1167144fbff1d0997a3784,,,4.6.2,1670644533,655,0,0,0,0,0,0,0,0,0,0,0,0,0
alibaba/lowcode-engine,6d2a77a766f5a961e4b5bc007888c175c9b83eeb,,,4.6.2,1670651678,656,0,0,0,0,0,0,0,0,0,0,0,0,0
alibaba/lowcode-engine,91880bb5c0181768f0c35898001f891d647cd8ab,,,4.6.2,1670814043,574,0,0,0,0,0,0,0,0,0,0,0,0,0
alibaba/lowcode-engine,bad2d5e8ad043cfafc41954a7932d67630a62888,,,4.6.2,1670853179,653,0,0,0,0,0,0,0,0,0,0,0,0,0
alibaba/lowcode-engine,f9dcbaf61824df2a1901758d3ef15e6a1b865be5,,,4.6.2,1670898704,643,0,0,0,0,0,0,0,0,0,0,0,0,0
alibaba/lowcode-engine,5312614d3031dc7ececae2a02335be68831446ae,,,4.6.2,1670899802,655,0,0,0,0,0,0,0,0,0,0,0,0,0
alibaba/lowcode-engine,5d5af1db2c34971a93e4255c0cacde6d2e414e4d,,,4.6.2,1670902294,655,0,0,0,0,0,0,0,0,0,0,0,0,0
alibaba/lowcode-engine,1a453e2d2133c7f64a0fcae39b14d091ad712704,,,4.6.2,1670902604,643,0,0,0,0,0,0,0,0,0,0,0,0,0
alibaba/lowcode-engine,77fc3f2db281332905092b1617f50bb49311b274,,,4.6.2,1670913787,655,0,0,0,0,0,0,0,0,0,0,0,0,0
alibaba/lowcode-engine,6aa02e612f5cf80c62a6628cf3ff529e95c6e902,,,4.6.2,1670913921,643,0,0,0,0,0,0,0,0,0,0,0,0,0
alibaba/lowcode-engine,080102db5b53b8052383dc3bcc6c6183ec084001,,,4.6.2,1670916863,655,0,0,0,0,0,0,0,0,0,0,0,0,0
alibaba/lowcode-engine,5d042dd53371ed01fe9b3e8b32fdaf952e167f83,,,4.6.2,1670923321,643,0,0,0,0,0,0,0,0,0,0,0,0,0
alibaba/lowcode-engine,c88dfda955b3d05bfdec135766546a35d1f2222c,,,4.6.2,1670923611,655,0,0,0,0,0,0,0,0,0,0,0,0,0
alibaba/lowcode-engine,d3bf95785aba66f8337fe6bfac59f5007f20e034,,,4.6.2,1670924266,655,0,0,0,0,0,0,0,0,0,0,0,0,0
alibaba/lowcode-engine,d9e1203eeb1800690d58eb9dce4622066d0df953,,,4.6.2,1670924696,643,0,0,0,0,0,0,0,0,0,0,0,0,0
alibaba/lowcode-engine,f0e60bb9f865656918b9859c9ac27b67968700ad,,,4.6.2,1670927341,656,0,0,0,0,0,0,0,0,0,0,0,0,0
alibaba/lowcode-engine,6130212e6a0bf5254d407c3e0442af4988710c1a,,,4.6.2,1670927897,656,0,0,0,0,0,0,0,0,0,0,0,0,0
alibaba/lowcode-engine,94e8a0e585a67f48dbe23a86de478492b1557779,,,4.6.2,1670927929,656,0,0,0,0,0,0,0,0,0,0,0,0,0
alibaba/lowcode-engine,778ba32a14d47ba8e57b78de4f815246484e6a6c,,,4.6.2,1670931479,644,0,0,0,0,0,0,0,0,0,0,0,0,0
alibaba/lowcode-engine,7096e53bbacd7636eb1c793c00264be3d319aad9,,,4.6.2,1670931760,643,0,0,0,0,0,0,0,0,0,0,0,0,0
alibaba/lowcode-engine,90a4d86fdb210833424d3fb77114b0f331bc050d,,,4.6.2,1670931760,643,0,0,0,0,0,0,0,0,0,0,0,0,0
alibaba/lowcode-engine,e56ea48108cca4c872b1314a1cc9b1ecf9250444,,,4.6.2,1670931761,643,0,0,0,0,0,0,0,0,0,0,0,0,0
alibaba/lowcode-engine,91fc2c3f99e1422c7ebebb875af0a68e8ace5376,,,4.6.2,1670931761,643,0,0,0,0,0,0,0,0,0,0,0,0,0
alibaba/lowcode-engine,3413f2c36e97522560b1be2d78a6a6f581fb0a37,,,4.6.2,1670931762,644,0,0,0,0,0,0,0,0,0,0,0,0,0
alibaba/lowcode-engine,370ba9985b1e23531770dfbf84b6915029fc2ec4,,,4.6.2,1670932096,644,0,0,0,0,0,0,0,0,0,0,0,0,0
alibaba/lowcode-engine,5fa7d6298a4a94b461c0028f03f87b7f014d8d64,,,4.6.2,1670932763,657,0,0,0,0,0,0,0,0,0,0,0,0,0
alibaba/lowcode-engine,734b4f305ecbf075787b5b409aa36316cf0be589,,,4.6.2,1670932926,657,0,0,0,0,0,0,0,0,0,0,0,0,0
alibaba/lowcode-engine,c4bb6c4e76c91bdaf44033a17c37e625c4e7f8ae,,,4.6.2,1670935336,657,0,0,0,0,0,0,0,0,0,0,0,0,0
alibaba/lowcode-engine,6bb6a2c3089b447fd28a8c9e0c4e4a17ceb1204f,,,4.6.2,1670935491,657,0,0,0,0,0,0,0,0,0,0,0,0,0
alibaba/lowcode-engine,546017d203c6de585dd2ce45177c249256f9cb4d,,,4.6.2,1670988580,644,0,0,0,0,0,0,0,0,0,0,0,0,0
alibaba/lowcode-engine,bacbe6acaab66b7ad3dcefc7312ddd7d6758f246,,,4.6.2,1670988997,644,0,0,0,0,0,0,0,0,0,0,0,0,0
alibaba/lowcode-engine,b4ffa02314a174931f4b9633992ad288f454e257,,,4.6.2,1670998073,643,0,0,0,0,0,0,0,0,0,0,0,0,0
alibaba/lowcode-engine,f93e17c530ca523709389b541eab0adeb845cbe4,,,4.6.2,1671003126,643,0,0,0,0,0,0,0,0,0,0,0,0,0
alibaba/lowcode-engine,4f3b0e9883f455ba5c0e33894933c23bc563e73e,,,4.6.2,1671006391,657,0,0,0,0,0,0,0,0,0,0,0,0,0
alibaba/lowcode-engine,5e96db046e67bd5b899939068e6bd612234cd76f,,,4.6.2,1671006392,657,0,0,0,0,0,0,0,0,0,0,0,0,0
alibaba/lowcode-engine,bddaa537e1317e1aa9244934dbe8c0cbf88429a2,,,4.6.2,1671006439,659,0,0,0,0,0,0,0,0,0,0,0,0,0
alibaba/lowcode-engine,79812a6fc299ae2de5756066de5e6668b8d13448,,,4.6.2,1671006445,659,0,0,0,0,0,0,0,0,0,0,0,0,0
alibaba/lowcode-engine,a885cd2a53159eb8e7efe0483132b46303528552,,,4.6.2,1671006584,659,0,0,0,0,0,0,0,0,0,0,0,0,0
alibaba/lowcode-engine,af99e922275064495abd78bce42342c0a2614b78,,,4.6.2,1671006754,659,0,0,0,0,0,0,0,0,0,0,0,0,0
alibaba/lowcode-engine,726375822466b089bd9ee7a88001641987e18708,,,4.6.2,1671006880,659,0,0,0,0,0,0,0,0,0,0,0,0,0
alibaba/lowcode-engine,f197355f19563224ca16a3dd6813ed5cf815d47d,,,4.6.2,1671171234,643,0,0,0,0,0,0,0,0,0,0,0,0,0
alibaba/lowcode-engine,36105b28f56ca36b13614231670b7e7d6f2350eb,,,4.6.2,1671433963,644,0,0,0,0,0,0,0,0,0,0,0,0,0
alibaba/lowcode-engine,d7132fa027d1e919de161b70e07a1cba728da7ea,,,4.6.2,1671441038,644,0,0,0,0,0,0,0,0,0,0,0,0,0
alibaba/lowcode-engine,064e8423825defcb972640479a662c8d24470c5d,,,4.6.2,1671588464,644,0,0,0,0,0,0,0,0,0,0,0,0,0
alibaba/lowcode-engine,3fe9882f9d5ef9302ee0265facb26ba1e58cccad,,,4.6.2,1671588476,644,0,0,0,0,0,0,0,0,0,0,0,0,0
alibaba/lowcode-engine,b3938b69a1f9548b25bc7357f8020f217c46733e,,,4.6.2,1671589114,644,0,0,0,0,0,0,0,0,0,0,0,0,0
alibaba/lowcode-engine,82b6a01533337db7b1489c4b1a3235993bb45a7f,,,4.6.2,1671594222,644,0,0,0,0,0,0,0,0,0,0,0,0,0
alibaba/lowcode-engine,995b11a073dbc7c8c92a6e1e6d5d6b6573987c8d,,,4.6.2,1671603702,644,0,0,0,0,0,0,0,0,0,0,0,0,0
alibaba/lowcode-engine,deeeed29ab68f4cc738350037bd11ff5ddccd74e,,,4.6.2,1671603702,644,0,0,0,0,0,0,0,0,0,0,0,0,0
alibaba/lowcode-engine,bda840e6bd6a01b1e56fbc07fa596415ee0249b7,,,4.6.2,1671603702,644,0,0,0,0,0,0,0,0,0,0,0,0,0
alibaba/lowcode-engine,1ca940c88001ac0e201e447ad5a37a9a1f5f537e,,,4.6.2,1671603702,644,0,0,0,0,0,0,0,0,0,0,0,0,0
alibaba/lowcode-engine,9cb4f0bd791edf3a55ffa99c7a6cf651dad56b84,,,4.6.2,1671603702,644,0,0,0,0,0,0,0,0,0,0,0,0,0
alibaba/lowcode-engine,2bd40d7589167553d82f69993363eecf466fff20,,,4.6.2,1671603702,644,0,0,0,0,0,0,0,0,0,0,0,0,0
alibaba/lowcode-engine,7d7ae0b7080a928a74815d8157f6a96c99ea739f,,,4.6.2,1671604603,644,0,0,0,0,0,0,0,0,0,0,0,0,0
alibaba/lowcode-engine,c675c03d89855a650febb675105d6c2b249ac0cd,,,4.6.2,1671606038,644,0,0,0,0,0,0,0,0,0,0,0,0,0
alibaba/lowcode-engine,9a4605431c89b694aea7416a221ca00900782fa4,,,4.6.2,1671606110,644,0,0,0,0,0,0,0,0,0,0,0,0,0
alibaba/lowcode-engine,89f4b11303033b446e2350637fb5e5c9c631fc68,,,4.6.2,1671607419,644,0,0,0,0,0,0,0,0,0,0,0,0,0
alibaba/lowcode-engine,cb9b85660b2cadfc69876537037f2d612707dafc,,,4.6.2,1671661129,745,0,0,0,0,0,0,0,0,0,0,0,0,0
alibaba/lowcode-engine,81c4659b79ec15246e15b71fc5b1cec83adaeb30,,,4.6.2,1671661571,745,0,0,0,0,0,0,0,0,0,0,0,0,0
alibaba/lowcode-engine,46789ac5815df123a3db792f2f900385942e212f,,,4.6.2,1671662064,745,0,0,0,0,0,0,0,0,0,0,0,0,0
alibaba/lowcode-engine,c2db198415632e3fa9653a1c08646f0a67514257,,,4.6.2,1671683853,745,0,0,0,0,0,0,0,0,0,0,0,0,0
alibaba/lowcode-engine,0f38cc8e3d0d6f2cbfeb2993f32729b9b2be4a10,,,4.6.2,1671684244,745,0,0,0,0,0,0,0,0,0,0,0,0,0
alibaba/lowcode-engine,7f69561232a485c22649c086e89d6b417477d7e3,,,4.6.2,1671685829,745,0,0,0,0,0,0,0,0,0,0,0,0,0
alibaba/lowcode-engine,f610c7d0b0650be492a657453234eedb81be2ee0,,,4.6.2,1671687721,745,0,0,0,0,0,0,0,0,0,0,0,0,0
alibaba/lowcode-engine,87be4f27619ab2fbaafa29af880de98cec35cb42,,,4.6.2,1671688063,745,0,0,0,0,0,0,0,0,0,0,0,0,0
alibaba/lowcode-engine,f831643dc132a859fde42206d146b855423a13e8,,,4.6.2,1671688534,745,0,0,0,0,0,0,0,0,0,0,0,0,0
alibaba/lowcode-engine,eafdf78ad87184b3ff1cfc7c487d793a648d3aef,,,4.6.2,1671689753,745,0,0,0,0,0,0,0,0,0,0,0,0,0
alibaba/lowcode-engine,6bd60e3bbc2bfb28b4925475518d65c20ac1d1be,,,4.6.2,1671690545,745,0,0,0,0,0,0,0,0,0,0,0,0,0
alibaba/lowcode-engine,c7c7d93e1a0f64d201f04e75039602e7d10174e3,,,4.6.2,1671696488,745,0,0,0,0,0,0,0,0,0,0,0,0,0
alibaba/lowcode-engine,f0c3b1f2e55f099757816cacd595a1eaa8b3b2fc,,,4.6.2,1671696837,745,0,0,0,0,0,0,0,0,0,0,0,0,0
alibaba/lowcode-engine,0d8e00b781b1683f2e84810bba5703d9a1d3eec1,,,4.6.2,1671697201,745,0,0,0,0,0,0,0,0,0,0,0,0,0
alibaba/lowcode-engine,9aa46e4fe3142be3892662260fd0990bb9c30f10,,,4.6.2,1671698484,745,0,0,0,0,0,0,0,0,0,0,0,0,0
alibaba/lowcode-engine,8479573f7b590fce043fa6c5756c6b17149330aa,,,4.6.2,1671699046,745,0,0,0,0,0,0,0,0,0,0,0,0,0
alibaba/lowcode-engine,5fd200f874acc5fd99bdc1519169d6356bd1aaf6,,,4.6.2,1671699230,745,0,0,0,0,0,0,0,0,0,0,0,0,0
alibaba/lowcode-engine,0964965ac4908cd02bc87f65790c0ba50894018f,,,4.6.2,1671702173,745,0,0,0,0,0,0,0,0,0,0,0,0,0
alibaba/lowcode-engine,163416fcfe291e133551cd75e484cc3ea6d0edc8,,,4.6.2,1671799391,745,0,0,0,0,0,0,0,0,0,0,0,0,0
alibaba/lowcode-engine,56e9f04221283b501a35ca78e76974a556b5ebdd,,,4.6.2,1672023204,745,0,0,0,0,0,0,0,0,0,0,0,0,0
alibaba/lowcode-engine,33ed67ab577e8870b2f4131b10d1abd6d6e7e98a,,,4.6.2,1672023820,747,0,0,0,0,0,0,0,0,0,0,0,0,0
alibaba/lowcode-engine,fadce950f91aaf2c1da076f5fe5d31c4fdc1dd02,,,4.6.2,1672024569,747,0,0,0,0,0,0,0,0,0,0,0,0,0
alibaba/lowcode-engine,840e70e3d01a91e63d0e628c3c14820148bc1f4b,,,4.6.2,1672028116,748,0,0,0,0,0,0,0,0,0,0,0,0,0
alibaba/lowcode-engine,bcdec0989e5b10a1d33603931721bdc3f598da37,,,4.6.2,1672034892,748,0,0,0,0,0,0,0,0,0,0,0,0,0
alibaba/lowcode-engine,53eb3a758a8c0a0be49401272dcdf2ad98ecbcc6,,,4.6.2,1672036208,748,0,0,0,0,0,0,0,0,0,0,0,0,0
alibaba/lowcode-engine,c0e946b522d3d0834474716d63edd2d6f898219a,,,4.6.2,1672036684,748,0,0,0,0,0,0,0,0,0,0,0,0,0
alibaba/lowcode-engine,aa1813d09b2815504c53444e56ba26cdf483be4b,,,4.6.2,1672037786,748,0,0,0,0,0,0,0,0,0,0,0,0,0
alibaba/lowcode-engine,37dffae1b8925a94888a8abba7e8bae9baf11a03,,,4.6.2,1672045547,748,0,0,0,0,0,0,0,0,0,0,0,0,0
alibaba/lowcode-engine,ba3adcfb891f92aca5c341571e9048fca30838cb,,,4.6.2,1672048001,748,0,0,0,0,0,0,0,0,0,0,0,0,0
alibaba/lowcode-engine,eea4a9a608b943dffe264e7452c5be21f1c0ac3f,,,4.6.2,1672048436,748,0,0,0,0,0,0,0,0,0,0,0,0,0
alibaba/lowcode-engine,a1828b1bbc90a98d847c109d88ba9690020b1334,,,4.6.2,1672050633,748,0,0,0,0,0,0,0,0,0,0,0,0,0
alibaba/lowcode-engine,87a30ff3a86a7a6dee85cabf4ff9d8e271207790,,,4.6.2,1672050820,748,0,0,0,0,0,0,0,0,0,0,0,0,0
alibaba/lowcode-engine,13c49ea5ff512a4d95fa08e45c384c6a865678a8,,,4.6.2,1672051104,748,0,0,0,0,0,0,0,0,0,0,0,0,0
alibaba/lowcode-engine,8db8c9001ad69f64231d7e5137d306d2fb1e81af,,,4.6.2,1672055041,748,0,0,0,0,0,0,0,0,0,0,0,0,0
alibaba/lowcode-engine,1342481942ef791940eca9fca8a563b9c3b46f90,,,4.6.2,1672115671,747,0,0,0,0,0,0,0,0,0,0,0,0,0
alibaba/lowcode-engine,b9e5ebfb91ad55bed07dca006eff3302ecdc166f,,,4.6.2,1672115954,747,0,0,0,0,0,0,0,0,0,0,0,0,0
alibaba/lowcode-engine,efe7c6e7ded300196958adb890d75c5041ceca9d,,,4.6.2,1672116518,747,0,0,0,0,0,0,0,0,0,0,0,0,0
alibaba/lowcode-engine,b62b05e2b3d0d4cda5ce0c5e2d5c4fef4ab7e4a4,,,4.6.2,1672136650,747,0,0,0,0,0,0,0,0,0,0,0,0,0
alibaba/lowcode-engine,1f8d91f85f2e98d39b1a7a571310af1112998f75,,,4.6.2,1672137488,747,0,0,0,0,0,0,0,0,0,0,0,0,0
alibaba/lowcode-engine,8bfd7de54af121613cae326f525bd26c4f005c39,,,4.6.2,1672137743,747,0,0,0,0,0,0,0,0,0,0,0,0,0
alibaba/lowcode-engine,7f7596697d8456993b97cdd5183f85096a3c56cb,,,4.6.2,1672138561,747,0,0,0,0,0,0,0,0,0,0,0,0,0
alibaba/lowcode-engine,63f4b27bf14e07d20ca8ad1c275a6810f05d8a61,,,4.6.2,1672307202,749,0,0,0,0,0,0,0,0,0,0,0,0,0
alibaba/lowcode-engine,0a2427354b447a6c479ee950548b49b868cce1ab,,,4.6.2,1672310426,749,0,0,0,0,0,0,0,0,0,0,0,0,0
alibaba/lowcode-engine,dae09e3bcb21b420a88a5e5256320ad50ab1ac2d,,,4.6.2,1672312110,751,0,0,0,0,0,0,0,0,0,0,0,0,0
alibaba/lowcode-engine,5a1e1bc052598e32c39b80082d7a5cc0fa323965,,,4.6.2,1672369231,751,0,0,0,0,0,0,0,0,0,0,0,0,0
alibaba/lowcode-engine,98df9023c5faf1ecdf12c33eefba3aa0ab42c7ab,,,4.6.2,1672370105,751,0,0,0,0,0,0,0,0,0,0,0,0,0
alibaba/lowcode-engine,8fb6975c65c94fc17c88bd8a9bd4a43a061dd161,,,4.6.2,1672370697,751,0,0,0,0,0,0,0,0,0,0,0,0,0
alibaba/lowcode-engine,c6d65dbdc17cfc2ea652e7a09d7aa266afbf4b97,,,4.6.2,1672372010,751,0,0,0,0,0,0,0,0,0,0,0,0,0
alibaba/lowcode-engine,f9e6913c20adf8ce5b4c6a45f807387c95c9f095,,,4.6.2,1672374905,751,0,0,0,0,0,0,0,0,0,0,0,0,0
alibaba/lowcode-engine,02a712d52aee405e2181817069152d65dc93f6fa,,,4.6.2,1672381796,751,0,0,0,0,0,0,0,0,0,0,0,0,0
alibaba/lowcode-engine,da2cd2a957da9376da77c7e36142787c5166ce01,,,4.6.2,1672382536,751,0,0,0,0,0,0,0,0,0,0,0,0,0
alibaba/lowcode-engine,bc5ec038845e002884bc820b6cfe95f7420d35eb,,,4.6.2,1672391864,751,0,0,0,0,0,0,0,0,0,0,0,0,0
alibaba/lowcode-engine,e415ff67820697fb6ce2c0a5a7ff22bc9ac0bd7d,,,4.6.2,1672393745,751,0,0,0,0,0,0,0,0,0,0,0,0,0
