BrainJS/brain.js,ab2dd313a4b3040350fde0e871f0ef39a0637665,brain.js,2.0.0-alpha.11,,1579438854,9,0,0,0,0,0,0,0,0,0,0,0,0,0
BrainJS/brain.js,f83e7bd0b7ff4776a0213f0b65322654138b7de3,brain.js,2.0.0-alpha.11,,1579438861,9,0,0,0,0,0,0,0,0,0,0,0,0,0
BrainJS/brain.js,342f055af18ff65e337bd110956fd82cd01de6ea,brain.js,2.0.0-alpha.12,,1579438967,9,0,0,0,0,0,0,0,0,0,0,0,0,0
BrainJS/brain.js,36dfa4e1495d7471242cb39aba7e35891e4c95b8,brain.js,2.0.0-alpha.12,,1582138359,9,0,0,0,0,0,0,0,0,0,0,0,0,0
BrainJS/brain.js,cf9d1dec62676cdebbd9e203b3c93b1c87318b85,brain.js,2.0.0-alpha.12,,1582609434,9,0,0,0,0,0,0,0,0,0,0,0,0,0
BrainJS/brain.js,178af2ddea978eaef15d7d9bc48bf0917416b667,brain.js,2.0.0-alpha.12,,1582609450,9,0,0,0,0,0,0,0,0,0,0,0,0,0
BrainJS/brain.js,ca5d0be5e7a87c7e7195e2428872e0ab7650f6f9,brain.js,2.0.0-alpha.12,,1583746691,9,0,0,0,0,0,0,0,0,0,0,0,0,0
BrainJS/brain.js,5e8670e059986e91eba80c3cbb5bdd11bdfb157f,brain.js,2.0.0-alpha.12,,1583935061,9,0,0,0,0,0,0,0,0,0,0,0,0,0
BrainJS/brain.js,dc325d150affa0f989164542318339ca36b597db,brain.js,2.0.0-alpha.12,,1584202010,9,0,0,0,0,0,0,0,0,0,0,0,0,0
BrainJS/brain.js,41d6d3d638cedfd3544e349281507b9e62c09b60,brain.js,2.0.0-alpha.12,,1584359614,9,0,0,0,0,0,0,0,0,0,0,0,0,0
BrainJS/brain.js,d26c3b7f87595ab69285e3f281bad6b6f8c31384,brain.js,2.0.0-alpha.12,,1584607567,9,0,0,0,0,0,0,0,0,0,0,0,0,0
BrainJS/brain.js,a7af9ada509dcab4c147882834de73988f32eccc,brain.js,2.0.0-alpha.12,,1588158651,9,0,0,0,0,0,0,0,0,0,0,0,0,0
BrainJS/brain.js,aec9608ee98b9cbdb4e6f765a7c540acb78d67a4,brain.js,2.0.0-alpha.12,,1588162305,9,0,0,0,0,0,0,0,0,0,0,0,0,0
BrainJS/brain.js,234ea373c74bb6799677b167efe04686466ca671,brain.js,2.0.0-alpha.12,,1588163693,9,0,0,0,0,0,0,0,0,0,0,0,0,0
BrainJS/brain.js,9bc43d9911fbeb89bb0fced906d56343db4b6410,brain.js,2.0.0-alpha.12,,1588256310,9,0,0,0,0,0,0,0,0,0,0,0,0,0
BrainJS/brain.js,9fa31b6dfbdf27e634243280b729497c8954fa6d,brain.js,2.0.0-alpha.12,,1588256550,9,0,0,0,0,0,0,0,0,0,0,0,0,0
BrainJS/brain.js,50410f2476b83e5daf3bc15f64ff8acdde58055c,brain.js,2.0.0-alpha.12,,1588257669,9,0,0,0,0,0,0,0,0,0,0,0,0,0
BrainJS/brain.js,72341c565bfc75a6a17a53a293d17a096ea9d46b,brain.js,2.0.0-alpha.12,,1588257719,9,0,0,0,0,0,0,0,0,0,0,0,0,0
BrainJS/brain.js,fcb0f75cb26ee43ec68c3c767e3ba71b3e8a2ae3,brain.js,2.0.0-alpha.12,,1588258002,9,0,0,0,0,0,0,0,0,0,0,0,0,0
BrainJS/brain.js,b56d8a1cf1b8c9d9be710023470b17ffe06b3a35,brain.js,2.0.0-alpha.12,,1588282246,9,0,0,0,0,0,0,0,0,0,0,0,0,0
BrainJS/brain.js,baa84c97046a7b5237a05eb89c33ce232315826c,brain.js,2.0.0-alpha.12,,1588284880,9,0,0,0,0,0,0,0,0,0,0,0,0,0
BrainJS/brain.js,c73082bbfeacbd96bbf0050ab330a706902aeb82,brain.js,2.0.0-alpha.12,,1588286667,9,0,0,0,0,0,0,0,0,0,0,0,0,0
BrainJS/brain.js,610b646f41d7e2b5dbfbb98ba794854cbaa88a65,brain.js,2.0.0-alpha.12,,1588286813,9,0,0,0,0,0,0,0,0,0,0,0,0,0
BrainJS/brain.js,a31ce0518bc12335a4658cb8229d30aa72e907df,brain.js,2.0.0-alpha.12,,1588321448,9,0,0,0,0,0,0,0,0,0,0,0,0,0
BrainJS/brain.js,db6f260e5b58ae294a4c2686ed5ae0459c0a3e1c,brain.js,2.0.0-alpha.12,,1588321878,9,0,0,0,0,0,0,0,0,0,0,0,0,0
BrainJS/brain.js,818eb2dc9f2cd0f43ac8387870c2a511a467447f,brain.js,2.0.0-alpha.12,,1588323310,9,0,0,0,0,0,0,0,0,0,0,0,0,0
BrainJS/brain.js,6bfb207203224959ec4c78959b6f3aaacf9e0d7b,brain.js,2.0.0-alpha.12,,1588679962,9,0,0,0,0,0,0,0,0,0,0,0,0,0
BrainJS/brain.js,2b61239bab4449b58c69a86116db03a9dba45622,brain.js,2.0.0-alpha.12,,1588685997,9,0,0,0,0,0,0,0,0,0,0,0,0,0
BrainJS/brain.js,7b73a89f759702bbc25cf42253065f472a4f1846,brain.js,2.0.0-alpha.12,,1588806503,9,0,0,0,0,0,0,0,0,0,0,0,0,0
BrainJS/brain.js,ffbcec46cd7d906d88052ea2821bdb4561717ab1,brain.js,2.0.0-alpha.12,,1589379931,9,0,0,0,0,0,0,0,0,0,0,0,0,0
BrainJS/brain.js,031d746b30baab69012b3447cbfdc37e422fbb05,brain.js,2.0.0-alpha.12,,1589379948,9,0,0,0,0,0,0,0,0,0,0,0,0,0
BrainJS/brain.js,1bff74c8d1e2e50bf63764192649bc4a9d84c04d,brain.js,2.0.0-alpha.12,,1589406811,9,0,0,0,0,0,0,0,0,0,0,0,0,0
BrainJS/brain.js,43679ecb84e12464544a6a143218f0eab7f6ca91,brain.js,2.0.0-alpha.12,,1589409996,9,0,0,0,0,0,0,0,0,0,0,0,0,0
BrainJS/brain.js,76e7fc31272a4b7d16bdde390e961c34f725c60f,brain.js,2.0.0-alpha.12,3.9.2,1589450477,9,0,0,0,0,0,0,0,0,0,0,0,0,0
BrainJS/brain.js,e126b4695882090e5bd1c8431942cbcdd2a3066d,brain.js,2.0.0-alpha.12,3.9.2,1589450488,9,0,0,0,0,0,0,0,0,0,0,0,0,0
BrainJS/brain.js,6ea24325cbd5bc1153a5772a6e59fbd170799f49,brain.js,2.0.0-alpha.12,3.9.2,1589540530,9,0,0,0,0,0,0,0,0,0,0,0,0,0
BrainJS/brain.js,abaa5a9e007d09b90938f37436cdab91f2593f2b,brain.js,2.0.0-alpha.12,3.9.2,1589541452,9,0,0,0,0,0,0,0,0,0,0,0,0,0
BrainJS/brain.js,872b1978d2448d3532d768c7f3628d28a9b02941,brain.js,2.0.0-alpha.12,3.9.2,1589542599,9,0,0,0,0,0,0,0,0,0,0,0,0,0
BrainJS/brain.js,2f2b9d8c6fe88817406273dd8f898a8f28afdeac,brain.js,2.0.0-alpha.12,3.9.2,1589542968,9,0,0,0,0,0,0,0,0,0,0,0,0,0
BrainJS/brain.js,dd294dc64c5799cb3f0d66a6307f68eb9f154a8b,brain.js,2.0.0-alpha.12,3.9.2,1589543955,9,0,0,0,0,0,0,0,0,0,0,0,0,0
BrainJS/brain.js,f03195058ecb18ee7187fa58c9bd693fd03dae5f,brain.js,2.0.0-alpha.12,3.9.2,1589544654,9,0,0,0,0,0,0,0,0,0,0,0,0,0
BrainJS/brain.js,e58b4220a8b22c674ad480c4bd57684ff86165d6,brain.js,2.0.0-alpha.12,3.9.2,1589547748,9,0,0,0,0,0,0,0,0,0,0,0,0,0
BrainJS/brain.js,ab30b1f4533b5c23a43ad4ead578045045d8c75d,brain.js,2.0.0-alpha.12,3.9.2,1589550004,9,0,0,0,0,0,0,0,0,0,0,0,0,0
BrainJS/brain.js,4ea8a85f94eea9eff13ae93cb4ae18a51ee4c902,brain.js,2.0.0-alpha.12,3.9.2,1589554696,9,0,0,0,0,0,0,0,0,0,0,0,0,0
BrainJS/brain.js,df09083543177bbdceeb752b1523de72e29cae74,brain.js,2.0.0-alpha.12,3.9.2,1589562576,9,0,0,0,0,0,0,0,0,0,0,0,0,0
BrainJS/brain.js,82bdf629173b47486fad322c8b709986233bf665,brain.js,2.0.0-alpha.12,3.9.2,1589721879,9,0,0,0,0,0,0,0,0,0,0,0,0,0
BrainJS/brain.js,3d565c308d66b5b660ad327d5f6ecfa86fa769d6,brain.js,2.0.0-beta.1,,1589724349,9,0,0,0,0,0,0,0,0,0,0,0,0,0
BrainJS/brain.js,50d293ecaa97370a82538e06fac67bc223a14507,brain.js,2.0.0-beta.1,,1589724356,9,0,0,0,0,0,0,0,0,0,0,0,0,0
BrainJS/brain.js,d725b26a734c5a80786ecee551eebbf61c949a47,brain.js,2.0.0-beta.1,,1589724663,9,0,0,0,0,0,0,0,0,0,0,0,0,0
BrainJS/brain.js,8d8eea729f4a4b9cde6f0544683bbb84d575ca1b,brain.js,2.0.0-alpha.12,3.9.2,1589725819,9,0,0,0,0,0,0,0,0,0,0,0,0,0
BrainJS/brain.js,b0cab579272460c660c402e72bc5b5fed825fc47,brain.js,2.0.0-alpha.12,3.9.2,1589727441,9,0,0,0,0,0,0,0,0,0,0,0,0,0
BrainJS/brain.js,353c126388361add4ebe51a370fb7b16ba768a69,brain.js,2.0.0-beta.1,3.9.2,1589727473,9,0,0,0,0,0,0,0,0,0,0,0,0,0
BrainJS/brain.js,6ddd74c3f3acf0ba778766e9ec6a27014bc67272,brain.js,2.0.0-beta.1,3.9.2,1589747506,9,0,0,0,0,0,0,0,0,0,0,0,0,0
BrainJS/brain.js,40c12ed59edec08ebdd70d0871a1425d5c3b91e8,brain.js,2.0.0-beta.1,3.9.2,1589748270,9,0,0,0,0,0,0,0,0,0,0,0,0,0
BrainJS/brain.js,351dc2be643b76c744834e2f4c7809dd8a42237c,brain.js,2.0.0-beta.1,,1589838342,9,0,0,0,0,0,0,0,0,0,0,0,0,0
BrainJS/brain.js,60d6e025a9d5cea13d26e12be11b16612e374973,brain.js,2.0.0-beta.1,3.9.2,1589838351,9,0,0,0,0,0,0,0,0,0,0,0,0,0
BrainJS/brain.js,7c5dcb449e5c461934f5203f6a1885e9230f090b,brain.js,2.0.0-beta.1,3.9.2,1589993021,9,0,0,0,0,0,0,0,0,0,0,0,0,0
BrainJS/brain.js,c6d0bcfd726c141dec44f119f3a48bcc607bd71d,brain.js,2.0.0-beta.1,3.9.2,1590348959,9,0,0,0,0,0,0,0,0,0,0,0,0,0
BrainJS/brain.js,01ae48ded837cfb1604220951458f582ebe5bc21,brain.js,2.0.0-beta.1,3.9.2,1590349036,9,0,0,0,0,0,0,0,0,0,0,0,0,0
BrainJS/brain.js,350ecce73f5be8ef75cc337bba0a14a230ecf99a,brain.js,2.0.0-beta.1,3.9.2,1593164057,9,0,0,0,0,0,0,0,0,0,0,0,0,0
BrainJS/brain.js,fef2a4421bd5fe0cf9fb23252ec018c588623ed2,brain.js,2.0.0-beta.1,3.9.2,1597477182,9,0,0,0,0,0,0,0,0,0,0,0,0,0
BrainJS/brain.js,b5e213e8988eeeab9038c0eb5fb5832d6e7bc486,brain.js,2.0.0-beta.1,3.9.2,1597479367,9,0,0,0,0,0,0,0,0,0,0,0,0,0
BrainJS/brain.js,98f31846409f80f3be4c9566ee3ad9cbee5bc759,brain.js,2.0.0-beta.2,3.9.2,1598378284,9,0,0,0,0,0,0,0,0,0,0,0,0,0
BrainJS/brain.js,6caed45f632491f24709862356bb32818c235737,brain.js,2.0.0-beta.2,3.9.2,1598383999,9,0,0,0,0,0,0,0,0,0,0,0,0,0
BrainJS/brain.js,677101accb8aa84b10665595186e3c3eda9cbc6d,brain.js,2.0.0-beta.2,3.9.2,1598608618,9,0,0,0,0,0,0,0,0,0,0,0,0,0
BrainJS/brain.js,dae54099bc16f7e7f66d7b3a60e667256176a57b,brain.js,2.0.0-beta.2,3.9.2,1598645725,9,0,0,0,0,0,0,0,0,0,0,0,0,0
BrainJS/brain.js,0ea3a5d39628c150815d17c50a560cfbdba53a72,brain.js,2.0.0-beta.2,3.9.2,1598646236,14,0,0,0,0,0,0,0,0,0,0,0,0,0
BrainJS/brain.js,c4c7e57865fc521341e4fdeb70aae9dc68957bbd,brain.js,2.0.0-beta.2,3.9.2,1598646265,14,0,0,0,0,0,0,0,0,0,0,0,0,0
BrainJS/brain.js,05873f3df6e3aa29074267940bb73149c00d6e30,brain.js,2.0.0-beta.2,3.9.2,1598675142,14,0,0,0,0,0,0,0,0,0,0,0,0,0
BrainJS/brain.js,c0b0c088e69ec29f6177369c05444bd305c3fcac,brain.js,2.0.0-beta.2,3.9.2,1598675594,14,0,0,0,0,0,0,0,0,0,0,0,0,0
BrainJS/brain.js,83da47b627d040f922d693638e9bd58f291c4d0a,brain.js,2.0.0-beta.2,3.9.2,1598685961,14,0,0,0,0,0,0,0,0,0,0,0,0,0
BrainJS/brain.js,9be8dd928c4edf7a528fb28b6064aa460e1a67d1,brain.js,2.0.0-beta.2,4.0.2,1598686973,14,0,0,0,0,0,0,0,0,0,0,0,0,0
BrainJS/brain.js,09be89ce241ac4eaf0a2eff59091114bc9bb6a57,brain.js,2.0.0-beta.2,4.0.2,1598687015,14,0,0,0,0,0,0,0,0,0,0,0,0,0
BrainJS/brain.js,6f661e442682209b235773cad31b19931593b27b,brain.js,2.0.0-beta.2,4.0.2,1598687132,14,0,0,0,0,0,0,0,0,0,0,0,0,0
BrainJS/brain.js,e1e12df6d2a7fb00d97b2ccd558e9cbd6055cc41,brain.js,2.0.0-beta.2,4.0.2,1598697007,15,0,0,0,0,0,0,0,0,0,0,0,0,0
BrainJS/brain.js,0b438fef7dd8709db0333a1edd8d50bbd28094fc,brain.js,2.0.0-beta.2,4.0.2,1598792801,15,0,0,0,0,0,0,0,0,0,0,0,0,0
BrainJS/brain.js,8cc84ef7601308e7809717e5caa8e53240075b8e,brain.js,2.0.0-beta.2,4.0.2,1598818721,18,0,0,0,0,0,0,0,0,0,0,0,0,0
BrainJS/brain.js,21eacae0867faa099eabe0229e580ede93aafa56,brain.js,2.0.0-beta.2,4.0.2,1598818799,18,0,0,0,0,0,0,0,0,0,0,0,0,0
BrainJS/brain.js,17368033b27b365aa09ea4e654ffe7de4b9264f6,brain.js,2.0.0-beta.2,4.0.2,1598880310,15,0,0,0,0,0,0,0,0,0,0,0,0,0
BrainJS/brain.js,4a4121df975f69acbd580046481bc15a3bedd947,brain.js,2.0.0-beta.2,4.0.2,1598932441,18,0,0,0,0,0,0,0,0,0,0,0,0,0
BrainJS/brain.js,972bd4a0f1ba39f263401290fd01557dafe4ab8b,brain.js,2.0.0-beta.2,4.0.2,1598967742,15,0,0,0,0,0,0,0,0,0,0,0,0,0
BrainJS/brain.js,64081f207549e38a8f7258d670063fb21e7dea27,brain.js,2.0.0-beta.2,4.0.2,1598976265,18,0,0,0,0,0,0,0,0,0,0,0,0,0
BrainJS/brain.js,1c2faa1aac1fb6900121492c3f58a0faa35b8658,brain.js,2.0.0-beta.2,4.0.2,1598983383,18,0,0,0,0,0,0,0,0,0,0,0,0,0
BrainJS/brain.js,416d6050e3d3af5fabc8d7bb1029746603232288,brain.js,2.0.0-beta.2,4.0.2,1598989569,21,0,0,0,0,0,0,0,0,0,0,0,0,0
BrainJS/brain.js,d6417223e2fcac750597584c049e17ae4a15061d,brain.js,2.0.0-beta.2,4.0.2,1598998063,19,0,0,0,0,0,0,0,0,0,0,0,0,0
BrainJS/brain.js,0d73baae17d9bad26b2f0f535c14fe5e8fa3c6a8,brain.js,2.0.0-beta.2,4.0.2,1599108820,19,0,0,0,0,0,0,0,0,0,0,0,0,0
BrainJS/brain.js,751bbd2c7504f8c7267206e1d32f8f0f22aadef3,brain.js,2.0.0-beta.2,4.0.2,1599151465,18,0,0,0,0,0,0,0,0,0,0,0,0,0
BrainJS/brain.js,7121f7bab6ac0b4a304eb6ace1ba3189177f1baa,brain.js,2.0.0-beta.2,4.0.2,1599218506,19,0,0,0,0,0,0,0,0,0,0,0,0,0
BrainJS/brain.js,c6fb798fd26bb9bb1dd51ea98e85dec6fee42078,brain.js,2.0.0-beta.2,4.0.2,1599218899,19,0,0,0,0,0,0,0,0,0,0,0,0,0
BrainJS/brain.js,6a5c625d87e0961e6189ebc356214fe1ca9388e2,brain.js,2.0.0-beta.2,4.0.2,1599255871,19,0,0,0,0,0,0,0,0,0,0,0,0,0
BrainJS/brain.js,e575f106d91e5f80f1d8af91456da70cf3337046,brain.js,2.0.0-beta.2,4.0.2,1599258997,19,0,0,0,0,0,0,0,0,0,0,0,0,0
BrainJS/brain.js,98611eb2b9591ccc7e88da787ed1116d05d1bea2,brain.js,2.0.0-beta.2,4.0.2,1599277671,19,0,0,0,0,0,0,0,0,0,0,0,0,0
BrainJS/brain.js,fc5ad3581de83e9d42550a2f8ed844be058e49c7,brain.js,2.0.0-beta.2,4.0.2,1599277970,21,0,0,0,0,0,0,0,0,0,0,0,0,0
BrainJS/brain.js,cab233c587f96065c3675a37fbe09ea8aec7d773,brain.js,2.0.0-beta.2,4.0.2,1599304360,19,0,0,0,0,0,0,0,0,0,0,0,0,0
BrainJS/brain.js,57b507433307e07d07d13ea3cbcaea64a14a4565,brain.js,2.0.0-beta.2,4.0.2,1599304717,19,0,0,0,0,0,0,0,0,0,0,0,0,0
BrainJS/brain.js,370502c92ce228148524bc3bff95eac304a559a5,brain.js,2.0.0-beta.2,4.0.2,1599304836,19,0,0,0,0,0,0,0,0,0,0,0,0,0
BrainJS/brain.js,159c31432ac6b6b98caac3876b6c6be0e2af5570,brain.js,2.0.0-beta.2,4.0.2,1599323271,20,0,0,0,0,0,0,0,0,0,0,0,0,0
BrainJS/brain.js,cc045154f4ac5466e3c2b54672c79ce206760a60,brain.js,2.0.0-beta.2,4.0.2,1599323291,23,0,0,0,0,0,0,0,0,0,0,0,0,0
BrainJS/brain.js,66a68ed09cca003128dc71a8c76400dc227071f3,brain.js,2.0.0-beta.2,4.0.2,1599327704,24,0,0,0,0,0,0,0,0,0,0,0,0,0
BrainJS/brain.js,81f4a9175fb7bfc09a728b1611ff8cb88fd38b56,brain.js,2.0.0-beta.2,4.0.2,1599665834,26,0,0,0,0,0,0,0,0,0,0,0,0,0
BrainJS/brain.js,7d8c40f9a2b8d8de81fd6086609ade253a9c3dd0,brain.js,2.0.0-beta.2,4.0.2,1599708205,26,0,0,0,0,0,0,0,0,0,0,0,0,0
BrainJS/brain.js,355e3c9f0f35a47e8b434c38aa24b3ff7706baec,brain.js,2.0.0-beta.2,4.0.2,1599708248,26,0,0,0,0,0,0,0,0,0,0,0,0,0
BrainJS/brain.js,4e822238503bba3565bbf2344adadbb543030113,brain.js,2.0.0-beta.2,4.0.2,1599708292,26,0,0,0,0,0,0,0,0,0,0,0,0,0
BrainJS/brain.js,8eb559ee16fdbc820414d0858ed27bf8355a7079,brain.js,2.0.0-beta.2,4.0.2,1599708401,26,0,0,0,0,0,0,0,0,0,0,0,0,0
BrainJS/brain.js,75f227f341eebff8df61e6cce361439637062c28,brain.js,2.0.0-beta.2,4.0.2,1599709845,26,0,0,0,0,0,0,0,0,0,0,0,0,0
BrainJS/brain.js,45bcf2c7193ed6dee7f64b50ab21d7eee3e25b61,brain.js,2.0.0-beta.2,4.0.2,1599720503,27,0,0,0,0,0,0,0,0,0,0,0,0,0
BrainJS/brain.js,58ec033be17d340d879e0d78af693a6752668f75,brain.js,2.0.0-beta.2,4.0.2,1599720537,27,0,0,0,0,0,0,0,0,0,0,0,0,0
BrainJS/brain.js,611a2af2bea07739b0d5a56a0b4ef15961ba932f,brain.js,2.0.0-beta.2,4.0.2,1599729245,27,0,0,0,0,0,0,0,0,0,0,0,0,0
BrainJS/brain.js,fdbe3b7e958048acd94a9b51243e5361f3a78076,brain.js,2.0.0-beta.2,4.0.2,1599729245,27,0,0,0,0,0,0,0,0,0,0,0,0,0
BrainJS/brain.js,64098b9a796684a624b2d0adb8f5fbea20042a34,brain.js,2.0.0-beta.2,4.0.2,1599729253,27,0,0,0,0,0,0,0,0,0,0,0,0,0
BrainJS/brain.js,431152ffff32f306397a10025378e94315f7124c,brain.js,2.0.0-beta.2,4.0.2,1599729546,27,0,0,0,0,0,0,0,0,0,0,0,0,0
BrainJS/brain.js,12c2b9c897d9b38f97941be74363512f86118623,brain.js,2.0.0-beta.2,4.0.2,1599754222,26,0,0,0,0,0,0,0,0,0,0,0,0,0
BrainJS/brain.js,44ee494d48858843dae5e43aeb5128e1a20b19d6,brain.js,2.0.0-beta.2,4.0.2,1599754388,27,0,0,0,0,0,0,0,0,0,0,0,0,0
BrainJS/brain.js,f3f9dedc1b4d2bafeaf9911459487545ced91887,brain.js,2.0.0-beta.2,4.0.2,1599814550,28,0,0,0,0,0,0,0,0,0,0,0,0,0
BrainJS/brain.js,d0fcca596279a0b785029b124327f66ef9dc57cc,brain.js,2.0.0-beta.2,4.0.2,1599815264,29,0,0,0,0,0,0,0,0,0,0,0,0,0
BrainJS/brain.js,ca08e499731f4d4ef04e67060c55225514c518bc,brain.js,2.0.0-beta.2,4.0.2,1599891811,29,0,0,0,0,0,0,0,0,0,0,0,0,0
BrainJS/brain.js,a865c5ea7d482576ba07c92ed8af50161c7213a5,brain.js,2.0.0-beta.2,4.0.2,1599914553,27,0,0,0,0,0,0,0,0,0,0,0,0,0
BrainJS/brain.js,0f1db7313caf70cd8fc838b1583a81a8b2932312,brain.js,2.0.0-beta.2,4.0.2,1599929264,27,0,0,0,0,0,0,0,0,0,0,0,0,0
BrainJS/brain.js,6729e233a5e0caa636c8e0d792c1b564632ae10d,brain.js,2.0.0-beta.2,4.0.2,1600227041,29,0,0,0,0,0,0,0,0,0,0,0,0,0
BrainJS/brain.js,54e33cc7ca49ee42268ed407beca816863cc4fa6,brain.js,2.0.0-beta.2,4.0.2,1600355566,30,0,0,0,0,0,0,0,0,0,0,0,0,0
BrainJS/brain.js,604ba87ff9873a5d5d3e8a62f8dd03a494991b65,brain.js,2.0.0-beta.2,4.0.2,1600364388,31,0,0,0,0,0,0,0,0,0,0,0,0,0
BrainJS/brain.js,92248dd2fca8cd9fac971fc59fffabbf45298b69,brain.js,2.0.0-beta.2,4.0.2,1600458834,46,0,0,0,0,0,0,0,0,0,0,0,0,0
BrainJS/brain.js,7d9a4e5acb9daebec10389021023d4c68a3ee576,brain.js,2.0.0-beta.2,4.0.2,1600458993,46,0,0,0,0,0,0,0,0,0,0,0,0,0
BrainJS/brain.js,9814dd9c3e3180687edb8d9e49bbc3245edc4a1a,brain.js,2.0.0-beta.2,4.0.2,1600459750,46,0,0,0,0,0,0,0,0,0,0,0,0,0
BrainJS/brain.js,6851f57c580d7885b0767248219a7e3f7c6e0bf4,brain.js,2.0.0-beta.2,4.0.2,1600707784,46,0,0,0,0,0,0,0,0,0,0,0,0,0
BrainJS/brain.js,9f976d85c0c05d3a473a103ad7378ae981f1f43a,brain.js,2.0.0-beta.2,4.0.2,1600855980,51,0,0,0,0,0,0,0,0,0,0,0,0,0
BrainJS/brain.js,6d2701ac5ab88975bc6abbaae75d2df3cef7d705,brain.js,2.0.0-beta.2,4.0.2,1600889903,56,0,0,0,0,0,0,0,0,0,0,0,0,0
BrainJS/brain.js,ddd53085ed88badaf23bef873364995834cf7802,brain.js,2.0.0-beta.2,4.0.2,1600968939,61,0,0,0,0,0,0,0,0,0,0,0,0,0
BrainJS/brain.js,5ed5055f21997c8115b69669ed65fca58a5def08,brain.js,2.0.0-beta.2,4.0.2,1600971316,61,0,0,0,0,0,0,0,0,0,0,0,0,0
BrainJS/brain.js,6ce8073cad1524bc03708d67dfb8aeeb53460b8a,brain.js,2.0.0-beta.2,4.0.2,1601288377,29,0,0,0,0,0,0,0,0,0,0,0,0,0
BrainJS/brain.js,70671173943af6eed5810545c7097036fb05caff,brain.js,2.0.0-beta.2,4.0.2,1601302574,65,0,0,0,0,0,0,0,0,0,0,0,0,0
BrainJS/brain.js,e1fa2eecfe75fb7d97dffa4a657df5afe93f7e83,brain.js,2.0.0-beta.2,4.0.2,1601305415,67,0,0,0,0,0,0,0,0,0,0,0,0,0
BrainJS/brain.js,6ca93128b55880b820c2b72592fedffb281a9f49,brain.js,2.0.0-beta.2,4.0.2,1601305522,68,0,0,0,0,0,0,0,0,0,0,0,0,0
BrainJS/brain.js,ed0f39fb98b7510972df81e3f081be597870deb4,brain.js,2.0.0-beta.2,4.0.2,1601310737,73,0,0,0,0,0,0,0,0,0,0,0,0,0
BrainJS/brain.js,5bea16804e43cb27eabc7f87bdb5f3882c0af727,brain.js,2.0.0-beta.2,4.0.2,1601313529,75,0,0,0,0,0,0,0,0,0,0,0,0,0
BrainJS/brain.js,a6fc8130a90793c618edf9caef7dfafe877411ad,brain.js,2.0.0-beta.2,4.0.2,1601314477,78,0,0,0,0,0,0,0,0,0,0,0,0,0
BrainJS/brain.js,ccc32c7e3299320e71906ca87a928c40b090c637,brain.js,2.0.0-beta.2,4.0.2,1601314770,79,0,0,0,0,0,0,0,0,0,0,0,0,0
BrainJS/brain.js,4120c705c5288a488292884305e970d6e636fbbd,brain.js,2.0.0-beta.2,4.0.2,1601318556,82,0,0,0,0,0,0,0,0,0,0,0,0,0
BrainJS/brain.js,42de4d3a753491c3e2e3df4cbf424f4feddf0d65,brain.js,2.0.0-beta.2,4.0.2,1601319065,84,0,0,0,0,0,0,0,0,0,0,0,0,0
BrainJS/brain.js,1b47917beb980c01cd87e6f32ef3ac1b3585abbb,brain.js,2.0.0-beta.2,4.0.2,1601319385,85,0,0,0,0,0,0,0,0,0,0,0,0,0
BrainJS/brain.js,cab02cba8c96ecacc71acc2c6ccdd3b7780409f9,brain.js,2.0.0-beta.2,4.0.2,1601320277,87,0,0,0,0,0,0,0,0,0,0,0,0,0
BrainJS/brain.js,a916961a04536b30daf3eb9618a5bc085f59df9c,brain.js,2.0.0-beta.2,4.0.2,1601320479,89,0,0,0,0,0,0,0,0,0,0,0,0,0
BrainJS/brain.js,00174425002eb15a5ac85c53ba307e003ec1a4da,brain.js,2.0.0-beta.2,4.0.2,1601322322,91,0,0,0,0,0,0,0,0,0,0,0,0,0
BrainJS/brain.js,06a136953ebef0b1f0f3535fefbfa6c63b09b8a2,brain.js,2.0.0-beta.2,4.0.2,1601322704,92,0,0,0,0,0,0,0,0,0,0,0,0,0
BrainJS/brain.js,4793ad849087f8f52426fb398de493acf7417211,brain.js,2.0.0-beta.2,4.0.2,1601324089,94,0,0,0,0,0,0,0,0,0,0,0,0,0
BrainJS/brain.js,a2d25c3a4e8c823a8cf3dccc9acf51ebfe755477,brain.js,2.0.0-beta.2,4.0.2,1601388023,94,0,0,0,0,0,0,0,0,0,0,0,0,0
BrainJS/brain.js,38d16578c148d782a52b50b52bba6d13e28f3143,brain.js,2.0.0-beta.2,4.0.2,1601391376,94,0,0,0,0,0,0,0,0,0,0,0,0,0
BrainJS/brain.js,d396c61f9ceca96a7a310c168b7153ad87a4d21d,brain.js,2.0.0-beta.2,4.0.2,1601398549,94,0,0,0,0,0,0,0,0,0,0,0,0,0
BrainJS/brain.js,e4dafc2de3fc5f7b1ed808e89941dccb40df94e4,brain.js,2.0.0-beta.2,4.0.2,1601403812,94,0,0,0,0,0,0,0,0,0,0,0,0,0
BrainJS/brain.js,1f431bf9160461c9d70fb78a9542985a7639157c,brain.js,2.0.0-beta.2,4.0.2,1601439849,94,0,0,0,0,0,0,0,0,0,0,0,0,0
BrainJS/brain.js,8accd949731ca3425063ed3a8199dd8ead77ceda,brain.js,2.0.0-beta.2,4.0.2,1601492728,96,0,0,0,0,0,0,0,0,0,0,0,0,0
BrainJS/brain.js,9f5badc3b2ccfc1144513f6f0093a193106d5c59,brain.js,2.0.0-beta.2,4.0.2,1601492873,96,0,0,0,0,0,0,0,0,0,0,0,0,0
BrainJS/brain.js,d0821d5ec276e8877fdfc4a116e78fd586e989d7,brain.js,2.0.0-beta.2,4.0.2,1601543509,31,0,0,0,0,0,0,0,0,0,0,0,0,0
BrainJS/brain.js,ad81a4e55594485ac7a9accef7cc40dea3cefab5,brain.js,2.0.0-beta.2,4.0.2,1601558276,96,0,0,0,0,0,0,0,0,0,0,0,0,0
BrainJS/brain.js,456ad16121b910359471a6cbca7fd04542085615,brain.js,2.0.0-beta.2,4.0.2,1601558354,96,0,0,0,0,0,0,0,0,0,0,0,0,0
BrainJS/brain.js,0af465c308265f95137f262bcb2bd4f60a7882dc,brain.js,2.0.0-beta.2,4.0.2,1601558415,96,0,0,0,0,0,0,0,0,0,0,0,0,0
BrainJS/brain.js,c614c9279178bd0796dc40fd19a7750c195110e5,brain.js,2.0.0-beta.2,4.0.2,1601672387,102,0,0,0,0,0,0,0,0,0,0,0,0,0
BrainJS/brain.js,f636f140efc0266c67da02acb76b995540c04195,brain.js,2.0.0-beta.2,4.0.2,1601806819,98,0,0,0,0,0,0,0,0,0,0,0,0,0
BrainJS/brain.js,08f6aa26cc83262e747c31542f48edc700b1d9d6,brain.js,2.0.0-beta.2,4.0.2,1601808863,98,0,0,0,0,0,0,0,0,0,0,0,0,0
BrainJS/brain.js,a211592e3b807bef3139018bce2e55ab5807b388,brain.js,2.0.0-beta.2,4.0.2,1601811276,98,0,0,0,0,0,0,0,0,0,0,0,0,0
BrainJS/brain.js,62c7af9779e005a971f8035ffe1ef5a341372369,brain.js,2.0.0-beta.2,4.0.2,1601819475,99,0,0,0,0,0,0,0,0,0,0,0,0,0
BrainJS/brain.js,9f240688e94a2bbedc858b54d27ed1f11030e2e0,brain.js,2.0.0-beta.2,4.0.2,1601820624,105,0,0,0,0,0,0,0,0,0,0,0,0,0
BrainJS/brain.js,33bb28c58acde682e55db606447e21cd2e91e565,brain.js,2.0.0-beta.2,4.0.2,1601823642,124,0,0,0,0,0,0,0,0,0,0,0,0,0
BrainJS/brain.js,fc4836f3023262da9a8170c9dbe444103ee2de0b,brain.js,2.0.0-beta.2,4.0.2,1601843195,99,0,0,0,0,0,0,0,0,0,0,0,0,0
BrainJS/brain.js,3df79d30cbfd75e0f6aebde88b9262f96ccdc11e,brain.js,2.0.0-beta.2,4.0.2,1601844221,99,0,0,0,0,0,0,0,0,0,0,0,0,0
BrainJS/brain.js,d755492c6f1da13d94b6dcce7a9e8fa1643fe632,brain.js,2.0.0-beta.2,4.0.2,1601844277,100,0,0,0,0,0,0,0,0,0,0,0,0,0
BrainJS/brain.js,fab819969a555da3906a795342dbfe0322b10d53,brain.js,2.0.0-beta.2,4.0.2,1601846636,124,0,0,0,0,0,0,0,0,0,0,0,0,0
BrainJS/brain.js,4de3ebf0b83602cfd01bd7e387550b93fa674721,brain.js,2.0.0-beta.2,4.0.2,1601847274,101,0,0,0,0,0,0,0,0,0,0,0,0,0
BrainJS/brain.js,eb61cf6e31e8bfc8443c4023684167e9ac74db4c,brain.js,2.0.0-beta.2,4.0.2,1601871046,99,0,0,0,0,0,0,0,0,0,0,0,0,0
BrainJS/brain.js,d557cd7644e381aff91f2822c0288e27374b3608,brain.js,2.0.0-beta.2,4.0.2,1601885310,124,0,0,0,0,0,0,0,0,0,0,0,0,0
BrainJS/brain.js,2b382deef2ad18a431076281d007092d5cb58bfc,brain.js,2.0.0-beta.2,4.0.2,1601887926,105,0,0,0,0,0,0,0,0,0,0,0,0,0
BrainJS/brain.js,e5ec5a3a08acf3460db132c7a4fb2079d8763648,brain.js,2.0.0-beta.2,4.0.2,1601888539,100,0,0,0,0,0,0,0,0,0,0,0,0,0
BrainJS/brain.js,20746bd9c46447775f4c178f9f23a8afa816f791,brain.js,2.0.0-beta.2,4.0.2,1601889927,98,0,0,0,0,0,0,0,0,0,0,0,0,0
BrainJS/brain.js,9cedcdd3ff714e0b4c0700084e0b78c306e766c7,brain.js,2.0.0-beta.2,4.0.2,1601901875,104,0,0,0,0,0,0,0,0,0,0,0,0,0
BrainJS/brain.js,0b0461aed4f0763b64659a4fbe25f52fc61267db,brain.js,2.0.0-beta.2,4.0.2,1601914665,110,0,0,0,0,0,0,0,0,0,0,0,0,0
BrainJS/brain.js,e650d09de2e747dc3c49a3c03ff9f203e8ba86df,brain.js,2.0.0-beta.2,4.0.2,1601915508,124,0,0,0,0,0,0,0,0,0,0,0,0,0
BrainJS/brain.js,686394f3874a823b06257348591a6c084edeb178,brain.js,2.0.0-beta.2,4.0.2,1601915548,136,0,0,0,0,0,0,0,0,0,0,0,0,0
BrainJS/brain.js,a44cf27a5f3051c7c2a3892a5746f269d1605b50,brain.js,2.0.0-beta.2,4.0.2,1601928221,100,0,0,0,0,0,0,0,0,0,0,0,0,0
BrainJS/brain.js,3f6e02d9df9643494481463e64e4b60941d35d1a,brain.js,2.0.0-beta.2,4.0.2,1601930561,137,0,0,0,0,0,0,0,0,0,0,0,0,0
BrainJS/brain.js,ee238eb465d03c0b511b396b6aba81c9f3c92d30,brain.js,2.0.0-beta.2,4.0.2,1601931645,137,0,0,0,0,0,0,0,0,0,0,0,0,0
BrainJS/brain.js,f572a3d2489950cf530d7f7cee7721167744d351,brain.js,2.0.0-beta.2,4.0.2,1601932119,140,0,0,0,0,0,0,0,0,0,0,0,0,0
BrainJS/brain.js,e6e970fbbc60e438f67bda0768d0d0e5d2718f09,brain.js,2.0.0-beta.2,4.0.2,1602065019,141,0,0,0,0,0,0,0,0,0,0,0,0,0
BrainJS/brain.js,da7702513e4207ff1c18f02721e9225874ceb14b,brain.js,2.0.0-beta.2,4.0.2,1602067968,143,0,0,0,0,0,0,0,0,0,0,0,0,0
BrainJS/brain.js,5f2d54b8c8aab9d3cea780e3174c540d71d58520,brain.js,2.0.0-beta.2,4.0.2,1602068286,143,0,0,0,0,0,0,0,0,0,0,0,0,0
BrainJS/brain.js,3b464186dbca121bd3e92845aa4e49ae71df61b5,brain.js,2.0.0-beta.2,4.0.2,1602068405,143,0,0,0,0,0,0,0,0,0,0,0,0,0
BrainJS/brain.js,b28b509b1fb22bf8f55ab1930d2ce9ffbb84bf16,brain.js,2.0.0-beta.2,4.0.2,1602075882,145,0,0,0,0,0,0,0,0,0,0,0,0,0
BrainJS/brain.js,558b12fcb15c3ad39bffd50bec6e65459766df55,brain.js,2.0.0-beta.2,4.0.2,1602091872,146,0,0,0,0,0,0,0,0,0,0,0,0,0
BrainJS/brain.js,d47c25f947385b767a826d9f426b94ac04c579ed,brain.js,2.0.0-beta.2,4.0.2,1602098062,146,0,0,0,0,0,0,0,0,0,0,0,0,0
BrainJS/brain.js,7c16403d300302fc355e07972255359da6fdcce9,brain.js,2.0.0-beta.2,4.0.2,1602158451,146,0,0,0,0,0,0,0,0,0,0,0,0,0
BrainJS/brain.js,0ba29c41b5588def91bdd707c1ffa20b599e92d8,brain.js,2.0.0-beta.2,4.0.2,1602161969,148,0,0,0,0,0,0,0,0,0,0,0,0,0
BrainJS/brain.js,425059cbd76c96feaaba57ce9c819668999bef1a,brain.js,2.0.0-beta.2,4.0.2,1602162312,148,0,0,0,0,0,0,0,0,0,0,0,0,0
BrainJS/brain.js,45596c81af3ba4f9f7a4af5f2e64168d1e2c8e44,brain.js,2.0.0-beta.2,4.0.3,1602162534,148,0,0,0,0,0,0,0,0,0,0,0,0,0
BrainJS/brain.js,abc978c07ecd24523032b87ca1208ec99ca3374a,brain.js,2.0.0-beta.2,4.0.2,1602171737,148,0,0,0,0,0,0,0,0,0,0,0,0,0
BrainJS/brain.js,333ec83cc5fcfa2373516c0e295e2e2ff046db35,brain.js,2.0.0-beta.2,4.0.2,1602171760,148,0,0,0,0,0,0,0,0,0,0,0,0,0
BrainJS/brain.js,0bd2d1cb06498ea727b6b4ba7f6e05b7b4c0665a,brain.js,2.0.0-beta.2,4.0.2,1602175662,148,0,0,0,0,0,0,0,0,0,0,0,0,0
BrainJS/brain.js,4b0e9c99da53cdf0361d8bf9dbec5db37d8883f5,brain.js,2.0.0-beta.2,4.0.3,1602175736,150,0,0,0,0,0,0,0,0,0,0,0,0,0
BrainJS/brain.js,a1741f7be375cbfd6ac2907ca949ae18b74f3a59,brain.js,2.0.0-beta.2,4.0.3,1602175767,150,0,0,0,0,0,0,0,0,0,0,0,0,0
BrainJS/brain.js,cc2a2888252910c2bdf4537a1ba2d7c4cfd18813,brain.js,2.0.0-beta.2,4.0.3,1602176365,151,0,0,0,0,0,0,0,0,0,0,0,0,0
BrainJS/brain.js,055ff8baae8dc814f63d8c9c39e5e680b9de1b4c,brain.js,2.0.0-beta.2,4.0.3,1602341761,152,0,0,0,0,0,0,0,0,0,0,0,0,0
BrainJS/brain.js,5043825c23adad90f79a73153505d8bbad039636,brain.js,2.0.0-beta.2,4.0.3,1602348586,154,0,0,0,0,0,0,0,0,0,0,0,0,0
BrainJS/brain.js,2a9f0cfde51f00f2d13512af447b2aadbee3124b,brain.js,2.0.0-beta.2,4.0.3,1602351754,154,0,0,0,0,0,0,0,0,0,0,0,0,0
BrainJS/brain.js,1128aed3df4bd04c1d4f828963634883dc63c5c2,brain.js,2.0.0-beta.2,4.0.3,1602435399,154,0,0,0,0,0,0,0,0,0,0,0,0,0
BrainJS/brain.js,60b0c4ebe2c30cb82beea1db588e87c1ccdbae47,brain.js,2.0.0-beta.2,4.0.3,1602435445,154,0,0,0,0,0,0,0,0,0,0,0,0,0
BrainJS/brain.js,4f93887e1db75fc02559563a864274356dae52fa,brain.js,2.0.0-beta.2,4.0.3,1602435484,154,0,0,0,0,0,0,0,0,0,0,0,0,0
BrainJS/brain.js,7c46fe74870e310e7b1c4b9a3b99d34b58650c7c,brain.js,2.0.0-beta.2,4.0.3,1602437052,154,0,0,0,0,0,0,0,0,0,0,0,0,0
BrainJS/brain.js,5741a2ad3d4c628b217fedaf196a018700693b41,brain.js,2.0.0-beta.2,4.0.3,1602437089,154,0,0,0,0,0,0,0,0,0,0,0,0,0
BrainJS/brain.js,ef63028198701ab9f7173817ae21a7f270c9f0d8,brain.js,2.0.0-beta.2,4.0.3,1602437270,154,0,0,0,0,0,0,0,0,0,0,0,0,0
BrainJS/brain.js,8f58a2beede265cc415b898d9163fa497b41d373,brain.js,2.0.0-beta.2,4.0.3,1602437343,154,0,0,0,0,0,0,0,0,0,0,0,0,0
BrainJS/brain.js,e0453a8cb8ee8120cbfc1f33f6d8a606c9fd2be6,brain.js,2.0.0-beta.2,4.0.3,1602449095,155,0,0,0,0,0,0,0,0,0,0,0,0,0
BrainJS/brain.js,be1ca62e846d07861de2c07c80c3210b54ce05b8,brain.js,2.0.0-beta.2,4.0.3,1602449303,154,0,0,0,0,0,0,0,0,0,0,0,0,0
BrainJS/brain.js,1f8f78bef921ab742698df2767aac4dc2fdf8d71,brain.js,2.0.0-beta.2,4.0.3,1602482165,154,0,0,0,0,0,0,0,0,0,0,0,0,0
BrainJS/brain.js,3935a25876e51213b598a27889efcc4fc70d1f9f,brain.js,2.0.0-beta.2,4.0.3,1602482827,154,0,0,0,0,0,0,0,0,0,0,0,0,0
BrainJS/brain.js,a7acf9518608c11f4a451ad5a8f8392610d97e04,brain.js,2.0.0-beta.2,4.0.3,1602483770,154,0,0,0,0,0,0,0,0,0,0,0,0,0
BrainJS/brain.js,d2529f0aa19f31eb03eb0c468ad87e27a99b65da,brain.js,2.0.0-beta.2,4.0.3,1602507468,155,0,0,0,0,0,0,0,0,0,0,0,0,0
BrainJS/brain.js,221e066543abbe902ae77f5bb5e68873d3b7ac13,brain.js,2.0.0-beta.2,4.0.3,1602513410,155,0,0,0,0,0,0,0,0,0,0,0,0,0
BrainJS/brain.js,8a1c7fb517894137a77c5fe0a2c742c392229fd7,brain.js,2.0.0-beta.2,4.0.3,1602532472,155,0,0,0,0,0,0,0,0,0,0,0,0,0
BrainJS/brain.js,d2f0f46ea4cfe029883eb63e49f3bffc65adfd2e,brain.js,2.0.0-beta.2,4.0.3,1602534258,155,0,0,0,0,0,0,0,0,0,0,0,0,0
BrainJS/brain.js,8ed40be9d80535f752cc8bf02fdb6fd72967d818,brain.js,2.0.0-beta.2,4.0.3,1602544631,156,0,0,0,0,0,0,0,0,0,0,0,0,0
BrainJS/brain.js,5a7c6e29af965717e4a21bd877c0e53500c0bfa7,brain.js,2.0.0-beta.2,4.0.3,1602595061,153,0,0,0,0,0,0,0,0,0,0,0,0,0
BrainJS/brain.js,41c2c28aa984b8ed42cb2af81641bc73d6bbbc87,brain.js,2.0.0-beta.2,4.0.3,1602595479,156,0,0,0,0,0,0,0,0,0,0,0,0,0
BrainJS/brain.js,bb2ec0f2441eae02e5e4dbff06924a9e45750b90,brain.js,2.0.0-beta.2,4.0.3,1602599636,156,0,0,0,0,0,0,0,0,0,0,0,0,0
BrainJS/brain.js,1233d2f86b952a2032797ac32ba67c20d607a465,brain.js,2.0.0-beta.2,4.0.3,1602628203,156,0,0,0,0,0,0,0,0,0,0,0,0,0
BrainJS/brain.js,2ec2d0d807f0d1b5f8f9089e4b09ea2b1333ed0c,brain.js,2.0.0-beta.2,4.0.3,1602628645,156,0,0,0,0,0,0,0,0,0,0,0,0,0
BrainJS/brain.js,b865643759fb3665566ffe0dca1df334d434d37d,brain.js,2.0.0-beta.2,4.0.3,1602631882,162,0,0,0,0,0,0,0,0,0,0,0,0,0
BrainJS/brain.js,21796a4737b4d1458fec0dcbc867fe7b87be1a0f,brain.js,2.0.0-beta.2,4.0.3,1602632385,162,0,0,0,0,0,0,0,0,0,0,0,0,0
BrainJS/brain.js,c8aeb31add97fa8a912a57fc0d85f3c714c40f34,brain.js,2.0.0-beta.2,4.0.3,1602638199,158,0,0,0,0,0,0,0,0,0,0,0,0,0
BrainJS/brain.js,56358de07cd6266be184005d373c501767bfbdb4,brain.js,2.0.0-beta.2,4.0.3,1602772162,156,0,0,0,0,0,0,0,0,0,0,0,0,0
BrainJS/brain.js,7aea4440a32dc54627641106ef832175fadb7d8b,brain.js,2.0.0-beta.2,4.0.3,1602900866,156,0,0,0,0,0,0,0,0,0,0,0,0,0
BrainJS/brain.js,5ce59095499de731c32d3ab89b51bf556d73b5e6,brain.js,2.0.0-beta.2,4.0.3,1602901801,157,0,0,0,0,0,0,0,0,0,0,0,0,0
BrainJS/brain.js,40d180f5ba572384bca20906cae25a403c6f3839,brain.js,2.0.0-beta.2,4.0.3,1602940954,158,0,0,0,0,0,0,0,0,0,0,0,0,0
BrainJS/brain.js,7239b07b2bea173b0ee831284360de46267be2db,brain.js,2.0.0-beta.2,4.0.3,1602941024,158,0,0,0,0,0,0,0,0,0,0,0,0,0
BrainJS/brain.js,ce5d782592acac30a63a00b0794b214380ba5326,brain.js,2.0.0-beta.2,4.0.3,1602953651,162,0,0,0,0,0,0,0,0,0,0,0,0,0
BrainJS/brain.js,831dab6532a0bd81c881b9b7ce21ff897feb73a8,brain.js,2.0.0-beta.2,4.0.3,1602954925,158,0,0,0,0,0,0,0,0,0,0,0,0,0
BrainJS/brain.js,5107f645dc3898fa9842970d38853bf95ddce216,brain.js,2.0.0-beta.2,4.0.3,1603009703,158,0,0,0,0,0,0,0,0,0,0,0,0,0
BrainJS/brain.js,81e2414776492972acf92ad5c5c28a88958e7c0b,brain.js,2.0.0-beta.2,4.0.3,1603086103,156,0,0,0,0,0,0,0,0,0,0,0,0,0
BrainJS/brain.js,0c29ef37087b06e956621dd160ed875905557ef4,brain.js,2.0.0-beta.2,4.0.3,1603086259,158,0,0,0,0,0,0,0,0,0,0,0,0,0
BrainJS/brain.js,73c00d6ed5aea43d2640c2a4c5f13191a733b7f3,brain.js,2.0.0-beta.2,4.0.3,1603086275,160,0,0,0,0,0,0,0,0,0,0,0,0,0
BrainJS/brain.js,1d556830d92a524865ce2208659e38bfad1b4b6c,brain.js,2.0.0-beta.2,4.0.3,1603086295,161,0,0,0,0,0,0,0,0,0,0,0,0,0
BrainJS/brain.js,b2f8d011a750fbba5939f31c37e1dae35591f5f6,brain.js,2.0.0-beta.2,4.0.3,1603086394,165,0,0,0,0,0,0,0,0,0,0,0,0,0
BrainJS/brain.js,212ffd817a093c6c76931c5f2e2c12bc5eb76b27,brain.js,2.0.0-beta.2,4.0.3,1603086432,165,0,0,0,0,0,0,0,0,0,0,0,0,0
BrainJS/brain.js,ba69eea18a6f9b50aeff98440551a874eb49c327,brain.js,2.0.0-beta.2,4.0.3,1603086728,167,0,0,0,0,0,0,0,0,0,0,0,0,0
BrainJS/brain.js,dd0d3e6b764a0eab07279c6f1ffb50da4b6a389c,brain.js,2.0.0-beta.2,4.0.3,1603086904,167,0,0,0,0,0,0,0,0,0,0,0,0,0
BrainJS/brain.js,bc5dc95300a5ca1b93199d175d981284f70514ea,brain.js,2.0.0-beta.2,4.0.3,1603106279,168,0,0,0,0,0,0,0,0,0,0,0,0,0
BrainJS/brain.js,45139358f702d1e3f6fc038b7a8547045686b2a1,brain.js,2.0.0-beta.2,4.0.3,1603122951,168,0,0,0,0,0,0,0,0,0,0,0,0,0
BrainJS/brain.js,110ac88fd7f6464001ed77d2dbfcbabfe98d6636,brain.js,2.0.0-beta.2,4.0.3,1603123641,169,0,0,0,0,0,0,0,0,0,0,0,0,0
BrainJS/brain.js,75754cf80f8544c12f974a441c3dd48163a6ccb4,brain.js,2.0.0-beta.2,4.0.3,1603125490,169,0,0,0,0,0,0,0,0,0,0,0,0,0
BrainJS/brain.js,f78d4b9a3af197b9f6e64a73777a1392795d5fd3,brain.js,2.0.0-beta.2,4.0.3,1603129006,170,0,0,0,0,0,0,0,0,0,0,0,0,0
BrainJS/brain.js,2dc64f14729f3dc9d382d4472ffe449125a28667,brain.js,2.0.0-beta.2,4.0.3,1603146835,156,0,0,0,0,0,0,0,0,0,0,0,0,0
BrainJS/brain.js,92bb4157d49d45251686a53937534fd0f8955783,brain.js,2.0.0-beta.2,4.0.3,1603163935,170,0,0,0,0,0,0,0,0,0,0,0,0,0
BrainJS/brain.js,bf4fbd716b1387c5c1c7daa854348f9c177e2e78,brain.js,2.0.0-beta.2,4.0.3,1603164003,170,0,0,0,0,0,0,0,0,0,0,0,0,0
BrainJS/brain.js,5c5d48f6bcf30e79bcef20e87e0502ad0d01825c,brain.js,2.0.0-beta.2,4.0.3,1603178910,171,0,0,0,0,0,0,0,0,0,0,0,0,0
BrainJS/brain.js,4def39ba6337e0b8931a59bd3a5162aa70e6ba63,brain.js,2.0.0-beta.2,4.0.3,1603216501,171,0,0,0,0,0,0,0,0,0,0,0,0,0
BrainJS/brain.js,f73ffea42e8f976892b4b038cae31c452f67bca8,brain.js,2.0.0-beta.2,4.0.3,1603217491,171,0,0,0,0,0,0,0,0,0,0,0,0,0
BrainJS/brain.js,54c26b7d6fd37e73aa9c948e9b152748c3d57c0d,brain.js,2.0.0-beta.2,4.0.3,1603226426,171,0,0,0,0,0,0,0,0,0,0,0,0,0
BrainJS/brain.js,dc012359cb9b6fa5b2497e9857a8841361f51811,brain.js,2.0.0-beta.2,4.0.3,1603229916,172,0,0,0,0,0,0,0,0,0,0,0,0,0
BrainJS/brain.js,84c64dbd24fd7960ce20a7f7299e49aa4ab9da22,brain.js,2.0.0-beta.2,4.0.3,1603240137,172,0,0,0,0,0,0,0,0,0,0,0,0,0
BrainJS/brain.js,336a9bfd2fd148441d8ca7210b9e56b4219c8670,brain.js,2.0.0-beta.2,4.0.3,1603259408,172,0,0,0,0,0,0,0,0,0,0,0,0,0
BrainJS/brain.js,5d1a6dfd316a6ab1cc38eb23784ba31011d82405,brain.js,2.0.0-beta.2,4.0.3,1603354266,172,0,0,0,0,0,0,0,0,0,0,0,0,0
BrainJS/brain.js,349009fd5d5c3a1eb007c18e6f799296b6bbf39b,brain.js,2.0.0-beta.2,4.0.3,1603369987,173,0,0,0,0,0,0,0,0,0,0,0,0,0
BrainJS/brain.js,7bad5b7d13c6e570971ec126adb0dc9ea39aa964,brain.js,2.0.0-beta.2,4.0.3,1603480882,174,0,0,0,0,0,0,0,0,0,0,0,0,0
BrainJS/brain.js,7c14d7356b9945601a943b413914d28c7e53a4bf,brain.js,2.0.0-beta.2,4.0.3,1603488893,156,0,0,0,0,0,0,0,0,0,0,0,0,0
BrainJS/brain.js,fc03ebd02fa3175a4aa611b84cd1c1d6d91f9dca,brain.js,2.0.0-beta.2,4.0.3,1603515902,173,0,0,0,0,0,0,0,0,0,0,0,0,0
BrainJS/brain.js,41f0d52af598e4b6391dfc21a4d8af2bbfef8551,brain.js,2.0.0-beta.2,4.0.3,1603519129,173,0,0,0,0,0,0,0,0,0,0,0,0,0
BrainJS/brain.js,e9af4b3aabcea4582600b745677d2d0bb15be14e,brain.js,2.0.0-beta.2,4.0.3,1603519147,173,0,0,0,0,0,0,0,0,0,0,0,0,0
BrainJS/brain.js,2051538c92bd570749cb99e114347dd32fef7457,brain.js,2.0.0-beta.2,4.0.3,1603519251,174,0,0,0,0,0,0,0,0,0,0,0,0,0
BrainJS/brain.js,d474bd012457578620b9660ff473bcdbf1277119,brain.js,2.0.0-beta.2,4.0.3,1603519259,174,0,0,0,0,0,0,0,0,0,0,0,0,0
BrainJS/brain.js,01751291fe5fe65666ecd2be775d2b2d123a3da2,brain.js,2.0.0-beta.2,4.0.3,1603521496,174,0,0,0,0,0,0,0,0,0,0,0,0,0
BrainJS/brain.js,f16db624c6c0185f440c9b2daf2dfa3f35188ca5,brain.js,2.0.0-beta.2,4.0.3,1603521532,174,0,0,0,0,0,0,0,0,0,0,0,0,0
BrainJS/brain.js,a7f4837c1423c5a1400d35aaa83c6fd34e100508,brain.js,2.0.0-beta.2,4.0.3,1603521574,174,0,0,0,0,0,0,0,0,0,0,0,0,0
BrainJS/brain.js,08855fc1ec9130c5c5780c79c6ccb31807fc7a5f,brain.js,2.0.0-beta.2,4.0.3,1603521609,174,0,0,0,0,0,0,0,0,0,0,0,0,0
BrainJS/brain.js,5a71b306c8a6e3a0d1b4ae89e369d507c1330eb4,brain.js,2.0.0-beta.2,4.0.3,1603567112,174,0,0,0,0,0,0,0,0,0,0,0,0,0
BrainJS/brain.js,8ff1ef9c89d238ce66bac47084181de764550009,brain.js,2.0.0-beta.2,4.0.3,1603576650,173,0,0,0,0,0,0,0,0,0,0,0,0,0
BrainJS/brain.js,15116234d2ed436114b2222f70ab7c21a5ad7deb,brain.js,2.0.0-beta.2,4.0.3,1603576779,173,0,0,0,0,0,0,0,0,0,0,0,0,0
BrainJS/brain.js,0afb9e9f1dcd7550386dc0527d22fbd2e140970f,brain.js,2.0.0-beta.2,4.0.3,1603602218,174,0,0,0,0,0,0,0,0,0,0,0,0,0
BrainJS/brain.js,7bdc2b5b1c3873db5f828199be92ccbc36d54401,brain.js,2.0.0-beta.2,4.0.3,1603602227,174,0,0,0,0,0,0,0,0,0,0,0,0,0
BrainJS/brain.js,a157fe8eb80ffcb202f1a6b8f0a7471078b07e5b,brain.js,2.0.0-beta.2,4.0.3,1603602927,174,0,0,0,0,0,0,0,0,0,0,0,0,0
BrainJS/brain.js,94f5a552a12499a72233efb340fcf3faa7a5dd2e,brain.js,2.0.0-beta.2,4.0.3,1603622123,175,0,0,0,0,0,0,0,0,0,0,0,0,0
BrainJS/brain.js,3d001bb2e20caa6db29a8a96c049919e1cea80ee,brain.js,2.0.0-beta.2,4.0.3,1603622550,174,0,0,0,0,0,0,0,0,0,0,0,0,0
BrainJS/brain.js,ff8e1bd93043f81b3e580c9da63ae6cb4df1346b,brain.js,2.0.0-beta.2,4.0.3,1603622601,174,0,0,0,0,0,0,0,0,0,0,0,0,0
BrainJS/brain.js,9c0d44e105f3fe569e1d826473f9ec5ec673f846,brain.js,2.0.0-beta.2,4.0.3,1603622639,174,0,0,0,0,0,0,0,0,0,0,0,0,0
BrainJS/brain.js,96023445fc78022549de0aeecef2770fda38d95f,brain.js,2.0.0-beta.2,4.0.3,1603623357,175,0,0,0,0,0,0,0,0,0,0,0,0,0
BrainJS/brain.js,ae60bc0edf3af6c8cdce752bbe9fc208c8b29695,brain.js,2.0.0-beta.2,4.0.3,1603623367,175,0,0,0,0,0,0,0,0,0,0,0,0,0
BrainJS/brain.js,031cf9cd3911f318108ecaa8fcfa3f5e1acd54e5,brain.js,2.0.0-beta.2,4.0.3,1603631111,175,0,0,0,0,0,0,0,0,0,0,0,0,0
BrainJS/brain.js,88c31c0ddeb881d2e254a728aad091ae256d30ac,brain.js,2.0.0-beta.2,4.0.3,1603636549,176,0,0,0,0,0,0,0,0,0,0,0,0,0
BrainJS/brain.js,fa3acfd602a577aef30c7fc9dcd5d852766bf66d,brain.js,2.0.0-beta.2,4.0.3,1603656608,176,0,0,0,0,0,0,0,0,0,0,0,0,0
BrainJS/brain.js,4fa6006e48340f80daea8ecd459d8222f125dd60,brain.js,2.0.0-beta.2,4.0.3,1603797223,177,0,0,0,0,0,0,0,0,0,0,0,0,0
BrainJS/brain.js,226590805bff7f841e92892edd7006edc5195f87,brain.js,2.0.0-beta.2,4.0.3,1603820392,177,0,0,0,0,0,0,0,0,0,0,0,0,0
BrainJS/brain.js,088fb1fed5a4de208c9a1c5183d49450b1a5b3e1,brain.js,2.0.0-beta.2,4.0.3,1605619304,154,0,0,0,0,0,0,0,0,0,0,0,0,0
BrainJS/brain.js,3d6ece521cb1f0aaf1d996393bd67872dfefa6c9,brain.js,2.0.0-beta.2,4.0.3,1605809717,179,0,0,0,0,0,0,0,0,0,0,0,0,0
BrainJS/brain.js,87c19850172c97e41a81b1345466b3b8f87e8088,brain.js,2.0.0-beta.2,4.0.3,1605810515,180,0,0,0,0,0,0,0,0,0,0,0,0,0
BrainJS/brain.js,28caa43ebb7c81b01a579c1bee95d59aa09fdc0d,brain.js,2.0.0-beta.2,4.0.3,1606121148,177,0,0,0,0,0,0,0,0,0,0,0,0,0
BrainJS/brain.js,23a14d097da4f0535c1fd180e272f5578afefb44,brain.js,2.0.0-beta.2,4.0.3,1606751633,180,0,0,0,0,0,0,0,0,0,0,0,0,0
BrainJS/brain.js,15f061bae6c0b1c7863d2db68f37a907dcbbb071,brain.js,2.0.0-beta.2,4.0.3,1606752027,180,0,0,0,0,0,0,0,0,0,0,0,0,0
BrainJS/brain.js,274f7af07bc560dca474855913515803231adbdf,brain.js,2.0.0-beta.2,4.0.3,1608636056,185,0,0,0,0,0,0,0,0,0,0,0,0,0
BrainJS/brain.js,b4bd376c7f5646bf2b1ea7d3b0a0603c474a5391,brain.js,2.0.0-beta.2,4.0.3,1608638693,185,0,0,0,0,0,0,0,0,0,0,0,0,0
BrainJS/brain.js,1f3e5ab180589a21829718952f5b8f1a69768228,brain.js,2.0.0-beta.2,4.0.3,1608639873,185,0,0,0,0,0,0,0,0,0,0,0,0,0
BrainJS/brain.js,8befb4942d0c64cce85538e1c8a1e21440d3e050,brain.js,2.0.0-beta.2,4.0.3,1608699449,181,0,0,0,0,0,0,0,0,0,0,0,0,0
BrainJS/brain.js,19edfd7e12413cce9f65d3e8700aa07367e61402,brain.js,2.0.0-beta.2,4.0.3,1608700820,182,0,0,0,0,0,0,0,0,0,0,0,0,0
BrainJS/brain.js,010615d86d6094c21f48d4cb69a90ad0489a387f,brain.js,2.0.0-beta.2,4.0.3,1608704878,181,0,0,0,0,0,0,0,0,0,0,0,0,0
BrainJS/brain.js,0bc2a2a8658150eb30410ee93c6163cb4f716e4c,brain.js,2.0.0-beta.2,4.0.3,1608704895,182,0,0,0,0,0,0,0,0,0,0,0,0,0
BrainJS/brain.js,844086a503cd8f9f8203ee975029bbdef8806bd4,brain.js,2.0.0-beta.2,4.0.3,1608704987,182,0,0,0,0,0,0,0,0,0,0,0,0,0
BrainJS/brain.js,f6d8e41aae82b6997e83fad8f318ca8219b97f7d,brain.js,2.0.0-beta.2,4.0.3,1608705944,182,0,0,0,0,0,0,0,0,0,0,0,0,0
BrainJS/brain.js,9effbc7c0689ffda6ad6d8e085bcd92f66092fdb,brain.js,2.0.0-beta.2,4.0.3,1608708132,182,0,0,0,0,0,0,0,0,0,0,0,0,0
BrainJS/brain.js,028283daf5ae90227d7086077a78b8f83d91b2ff,brain.js,2.0.0-beta.2,4.0.3,1608832762,183,0,0,0,0,0,0,0,0,0,0,0,0,0
BrainJS/brain.js,8a62bfad00c442782793eb231937e52d6c076eaa,brain.js,2.0.0-beta.2,4.0.3,1608832825,183,0,0,0,0,0,0,0,0,0,0,0,0,0
BrainJS/brain.js,d976f4434bb4c83d5783fff1129f6a8bab66295e,brain.js,2.0.0-beta.2,4.0.3,1608836189,183,0,0,0,0,0,0,0,0,0,0,0,0,0
BrainJS/brain.js,53e61f3ee42d43411afcd4af885d84b61ccf28cd,brain.js,2.0.0-beta.2,4.0.3,1609173895,180,0,0,0,0,0,0,0,0,0,0,0,0,0
BrainJS/brain.js,661819c806c6f455862c1cf6ab572b46d835b6ff,brain.js,2.0.0-beta.2,4.0.3,1609179750,187,0,0,0,0,0,0,0,0,0,0,0,0,0
BrainJS/brain.js,14a509e5648ea0031b74847bc45defdd1e369b2d,brain.js,2.0.0-beta.2,4.0.3,1609183662,187,0,0,0,0,0,0,0,0,0,0,0,0,0
BrainJS/brain.js,fb2d2b8a692bd4d550e5cbc096cb52de4bd29d12,brain.js,2.0.0-beta.2,4.0.3,1609189802,187,0,0,0,0,0,0,0,0,0,0,0,0,0
BrainJS/brain.js,6939f27a2d578b4c1f5c008b3aa765d8c76f6b6f,brain.js,2.0.0-beta.2,4.0.3,1609190103,187,0,0,0,0,0,0,0,0,0,0,0,0,0
BrainJS/brain.js,db560e957a5ec185d1c82c119d034d676873bb48,brain.js,2.0.0-beta.2,4.0.3,1609191231,187,0,0,0,0,0,0,0,0,0,0,0,0,0
BrainJS/brain.js,79d3d6e78a3edfba7cd1d6a8e8146e3620a40b7f,brain.js,2.0.0-beta.2,4.0.3,1609191425,187,0,0,0,0,0,0,0,0,0,0,0,0,0
BrainJS/brain.js,eaf4f5dbf4ac928cf196004a41429ef518f36f33,brain.js,2.0.0-beta.2,4.0.3,1609191445,187,0,0,0,0,0,0,0,0,0,0,0,0,0
BrainJS/brain.js,1bcc7be746529c4726ecde37996af97b9f97bc5b,brain.js,2.0.0-beta.2,4.0.3,1609255517,183,0,0,0,0,0,0,0,0,0,0,0,0,0
BrainJS/brain.js,b71e92c5eb016760e656958b9b7bcb62441fa8b7,brain.js,2.0.0-beta.2,4.0.3,1609255533,190,0,0,0,0,0,0,0,0,0,0,0,0,0
BrainJS/brain.js,e0df928be6516c2b1171a0284e7df29531a5c2c9,brain.js,2.0.0-beta.2,4.0.3,1609361252,194,0,0,0,0,0,0,0,0,0,0,0,0,0
BrainJS/brain.js,315eb152ab07a469605fca114c4c4c65c7a978d7,brain.js,2.0.0-beta.2,4.0.3,1609361317,190,0,0,0,0,0,0,0,0,0,0,0,0,0
BrainJS/brain.js,d2d525873702455df654e050799350cdbe7611bd,brain.js,2.0.0-beta.2,4.0.3,1609361350,194,0,0,0,0,0,0,0,0,0,0,0,0,0
BrainJS/brain.js,56fd5887f76aa15078d88451683b6a29317e4b61,brain.js,2.0.0-beta.2,4.0.3,1609426463,194,0,0,0,0,0,0,0,0,0,0,0,0,0
BrainJS/brain.js,4a15564a57445d31dfb8d38d741083bf36abe5f7,brain.js,2.0.0-beta.2,4.0.3,1609432947,194,0,0,0,0,0,0,0,0,0,0,0,0,0
BrainJS/brain.js,e40747a1b8f3997bb2a8ae2a04575a300eda5774,brain.js,2.0.0-beta.2,4.0.3,1609435233,194,0,0,0,0,0,0,0,0,0,0,0,0,0
BrainJS/brain.js,4bcb7bdaf7782e2af075ee40b686923241b79af4,brain.js,2.0.0-beta.2,4.0.3,1609880624,194,0,0,0,0,0,0,0,0,0,0,0,0,0
BrainJS/brain.js,9586e8a38784d5c03841e6d54e8ce637d2adfb1c,brain.js,2.0.0-beta.2,4.0.3,1609880764,194,0,0,0,0,0,0,0,0,0,0,0,0,0
BrainJS/brain.js,a706280b30d143d58e4cec8ac8c446bd4c5df749,brain.js,2.0.0-beta.2,4.0.3,1610041085,194,0,0,0,0,0,0,0,0,0,0,0,0,0
BrainJS/brain.js,8d4d8a87e3ef90ed7283b81d08577c690d0c0a8c,brain.js,2.0.0-beta.2,4.0.3,1610041197,194,0,0,0,0,0,0,0,0,0,0,0,0,0
BrainJS/brain.js,78206525ba73c5e3960ea76f44af255aba40a765,brain.js,2.0.0-beta.2,4.0.3,1610042286,194,0,0,0,0,0,0,0,0,0,0,0,0,0
BrainJS/brain.js,4a838f7eb50e82bac04b602e7ea3d35296b4182c,brain.js,2.0.0-beta.2,4.0.3,1610044248,194,0,0,0,0,0,0,0,0,0,0,0,0,0
BrainJS/brain.js,4a18ae055f108b80597bf8417234fe3f26a27d87,brain.js,2.0.0-beta.2,4.0.3,1610210002,195,0,0,0,0,0,0,0,0,0,0,0,0,0
BrainJS/brain.js,dc6997b60a631302e39164ff5d18b1f209006f25,brain.js,2.0.0-beta.2,4.0.3,1610267235,194,0,0,0,0,0,0,0,0,0,0,0,0,0
BrainJS/brain.js,808ec34162c47267996bf5780fadd581354023c1,brain.js,2.0.0-beta.2,4.0.3,1610269816,194,0,0,0,0,0,0,0,0,0,0,0,0,0
BrainJS/brain.js,72c6dddb9c03df03e62f34371e5b54e232899300,brain.js,2.0.0-beta.2,4.0.3,1610297271,194,0,0,0,0,0,0,0,0,0,0,0,0,0
BrainJS/brain.js,8fde838df29e0a19c5ebe7c26e74b160077d1f84,brain.js,2.0.0-beta.2,4.0.3,1610364472,193,0,0,0,0,0,0,0,0,0,0,0,0,0
BrainJS/brain.js,53303e7f01975e47dff468241747beaa1f558e94,brain.js,2.0.0-beta.2,4.0.3,1610364649,193,0,0,0,0,0,0,0,0,0,0,0,0,0
BrainJS/brain.js,6c672afd00bf5e80e8fb46197b8210729a3deeaa,brain.js,2.0.0-beta.2,4.0.3,1610364666,193,0,0,0,0,0,0,0,0,0,0,0,0,0
BrainJS/brain.js,8890b9aeb72b5f1dd9ee5154c2bbeb33500733fc,brain.js,2.0.0-beta.2,4.0.3,1610366188,193,0,0,0,0,0,0,0,0,0,0,0,0,0
BrainJS/brain.js,db0cdf4b6f1edd623d45b975add6f557612e2953,brain.js,2.0.0-beta.2,4.0.3,1610370004,195,0,0,0,0,0,0,0,0,0,0,0,0,0
BrainJS/brain.js,5b7b693782ca3972a163804b3ba3c14e2d419c9c,brain.js,2.0.0-beta.2,4.0.3,1610370244,195,0,0,0,0,0,0,0,0,0,0,0,0,0
BrainJS/brain.js,a84a4c04b112960cc4a5f580815865923010d20e,brain.js,2.0.0-beta.2,4.0.3,1610373995,193,0,0,0,0,0,0,0,0,0,0,0,0,0
BrainJS/brain.js,9b4a163e0290569b1085f724ca6a78393d766133,brain.js,2.0.0-beta.2,4.0.3,1610378609,194,0,0,0,0,0,0,0,0,0,0,0,0,0
BrainJS/brain.js,01e357b4ed8cb041d293d59f415443d87fefa31c,brain.js,2.0.0-beta.2,4.0.3,1610379310,194,0,0,0,0,0,0,0,0,0,0,0,0,0
BrainJS/brain.js,176479c5af6e62d5cfc0c26e3b60d061f496121e,brain.js,2.0.0-beta.2,4.0.3,1610380041,194,0,0,0,0,0,0,0,0,0,0,0,0,0
BrainJS/brain.js,8c874e7e7506d816df69aff9649927f94f0e0391,brain.js,2.0.0-beta.2,4.0.3,1610381793,195,0,0,0,0,0,0,0,0,0,0,0,0,0
BrainJS/brain.js,84942aa31d4f66d67ef648843ebb3269db1d1705,brain.js,2.0.0-beta.2,4.0.3,1610384012,193,0,0,0,0,0,0,0,0,0,0,0,0,0
BrainJS/brain.js,6c3a71c915e5c9fba3b50d7ae039a914def1f445,brain.js,2.0.0-beta.2,4.0.3,1610385502,195,0,0,0,0,0,0,0,0,0,0,0,0,0
BrainJS/brain.js,4127d3074f8cd5e183ee4a37b73a92dbecce93cd,brain.js,2.0.0-beta.2,4.0.3,1610387088,196,0,0,0,0,0,0,0,0,0,0,0,0,0
BrainJS/brain.js,46767aed7e9b0deb10d6bc2e243f141bb8df1d2c,brain.js,2.0.0-beta.2,4.0.3,1610387199,195,0,0,0,0,0,0,0,0,0,0,0,0,0
BrainJS/brain.js,b9023b9750c885ea982bbd0e156597af31d43e99,brain.js,2.0.0-beta.2,4.0.3,1610461899,195,0,0,0,0,0,0,0,0,0,0,0,0,0
BrainJS/brain.js,f89c24b8155ccca116491160f8ca6b414c65f942,brain.js,2.0.0-beta.2,4.0.3,1610543588,195,0,0,0,0,0,0,0,0,0,0,0,0,0
BrainJS/brain.js,af06f0b0da5883c303d5ec7b6a1cf7fa8fe54f90,brain.js,2.0.0-beta.2,4.0.3,1610544406,195,0,0,0,0,0,0,0,0,0,0,0,0,0
BrainJS/brain.js,8de8d9cdb6d2eb65974c207848aa01c26fdcde3e,brain.js,2.0.0-beta.2,4.0.3,1610570149,197,0,0,0,0,0,0,0,0,0,0,0,0,0
BrainJS/brain.js,6c86dce270ae0a0414a85cced0ff3c24ac8f30cd,brain.js,2.0.0-beta.2,4.0.3,1610575839,197,0,0,0,0,0,0,0,0,0,0,0,0,0
BrainJS/brain.js,f32c5256f9d6b91ad8e441eb7aec47192c115b58,brain.js,2.0.0-beta.2,4.0.3,1610654498,201,0,0,0,0,0,0,0,0,0,0,0,0,0
BrainJS/brain.js,aa091bc1f1e0d2a8ba4445af9f32f6c572ac2708,brain.js,2.0.0-beta.2,4.0.3,1610684323,197,0,0,0,0,0,0,0,0,0,0,0,0,0
BrainJS/brain.js,770ce6370d02588483f6a60a0deb91da0af9927f,brain.js,2.0.0-beta.2,4.0.3,1610684671,197,0,0,0,0,0,0,0,0,0,0,0,0,0
BrainJS/brain.js,716b0b9812d9a891c4495ce27f7507eed605ba43,brain.js,2.0.0-beta.2,4.0.3,1610813517,197,0,0,0,0,0,0,0,0,0,0,0,0,0
BrainJS/brain.js,4bbe293af8cfecf01a91befdef2886c58ae40566,brain.js,2.0.0-beta.2,4.0.3,1610815105,197,0,0,0,0,0,0,0,0,0,0,0,0,0
BrainJS/brain.js,8fdc89bb9a1d1c7a17d29502b125b0c6d1712c52,brain.js,2.0.0-beta.2,4.0.3,1610815167,197,0,0,0,0,0,0,0,0,0,0,0,0,0
BrainJS/brain.js,3eb5839e6b17d47d12e01ffc23de8fb95893aadf,brain.js,2.0.0-beta.2,4.0.3,1610815393,197,0,0,0,0,0,0,0,0,0,0,0,0,0
BrainJS/brain.js,47d78bacf614109161291ec10ad27ea5bd089fd7,brain.js,2.0.0-beta.2,4.0.3,1610815412,197,0,0,0,0,0,0,0,0,0,0,0,0,0
BrainJS/brain.js,1b0b9e2e54cc6cc800a914e513bea6e7dc9d0332,brain.js,2.0.0-beta.2,4.0.3,1610815570,197,0,0,0,0,0,0,0,0,0,0,0,0,0
BrainJS/brain.js,4fbbe6a07e6e70611300ff95848fea8c04490762,brain.js,2.0.0-beta.2,4.0.3,1610824096,197,0,0,0,0,0,0,0,0,0,0,0,0,0
BrainJS/brain.js,63fbce84f5a247f44c131b72f4b6e93b6f4abcb4,brain.js,2.0.0-beta.2,4.0.3,1610875839,197,0,0,0,0,0,0,0,0,0,0,0,0,0
BrainJS/brain.js,72837c8cd54024dcaac79bd8ac780ed35c850ca9,brain.js,2.0.0-beta.2,4.0.3,1610876564,197,0,0,0,0,0,0,0,0,0,0,0,0,0
BrainJS/brain.js,c5f50c74ba2ded0dbce37e15da35ab3dfce60d0a,brain.js,2.0.0-beta.2,4.0.3,1610884156,197,0,0,0,0,0,0,0,0,0,0,0,0,0
BrainJS/brain.js,76f0104eccc0624d7080346f1e2b752f92bd9f88,brain.js,2.0.0-beta.2,4.0.3,1610886074,197,0,0,0,0,0,0,0,0,0,0,0,0,0
BrainJS/brain.js,c31e50f3eded0eacaa1e7ba599b742ae035fe848,brain.js,2.0.0-beta.2,4.0.3,1610886884,197,0,0,0,0,0,0,0,0,0,0,0,0,0
BrainJS/brain.js,0f2aa03f1395eff50dc1c86939a710d82823a873,brain.js,2.0.0-beta.2,4.0.3,1610887847,197,0,0,0,0,0,0,0,0,0,0,0,0,0
BrainJS/brain.js,5a2e23e8516fc384b57323d2684a29e69a4974ba,brain.js,2.0.0-beta.2,4.0.3,1610888041,197,0,0,0,0,0,0,0,0,0,0,0,0,0
BrainJS/brain.js,837fbd42923c4664fcdb00a8981978a3f6d42dec,brain.js,2.0.0-beta.2,4.0.3,1610912631,197,0,0,0,0,0,0,0,0,0,0,0,0,0
BrainJS/brain.js,ea4ec3bc40d31a70fe8cc60593582856997ce761,brain.js,2.0.0-beta.2,4.0.3,1610991845,197,0,0,0,0,0,0,0,0,0,0,0,0,0
BrainJS/brain.js,2100c727b4e3454f0b54846231e66461439682ed,brain.js,2.0.0-beta.2,4.0.3,1611047142,197,0,0,0,0,0,0,0,0,0,0,0,0,0
BrainJS/brain.js,e4672174c57ce4a4c3f6654ffd103706cce7fb70,brain.js,2.0.0-beta.2,4.0.3,1611048579,197,0,0,0,0,0,0,0,0,0,0,0,0,0
BrainJS/brain.js,088f11861f7c578c41bc6f33519aa144ee21999e,brain.js,2.0.0-beta.2,4.0.3,1611050555,197,0,0,0,0,0,0,0,0,0,0,0,0,0
BrainJS/brain.js,fdfd60baf56885e36d2000e97bd5d57c479d576b,brain.js,2.0.0-beta.2,4.0.3,1611050652,197,0,0,0,0,0,0,0,0,0,0,0,0,0
BrainJS/brain.js,25c93b20854e2d1debca4dc75ddeb1d6cf6f1901,brain.js,2.0.0-beta.2,4.0.3,1611077912,197,0,0,0,0,0,0,0,0,0,0,0,0,0
BrainJS/brain.js,1b64d50e6a2e0daf6786e50dd791806b35d99132,brain.js,2.0.0-beta.2,4.0.3,1611078026,197,0,0,0,0,0,0,0,0,0,0,0,0,0
BrainJS/brain.js,787cb23d8d7036dc7699beaf8b32f988e8a8987a,brain.js,2.0.0-beta.2,4.0.3,1611078278,197,0,0,0,0,0,0,0,0,0,0,0,0,0
BrainJS/brain.js,0c9ddc7e42810b7c055ea1b90f0f077d3de4671e,brain.js,2.0.0-beta.2,4.0.3,1611079315,197,0,0,0,0,0,0,0,0,0,0,0,0,0
BrainJS/brain.js,fc46acedaec3e744569c4d68f13fda8c70b81555,brain.js,2.0.0-beta.2,4.0.3,1611084940,197,0,0,0,0,0,0,0,0,0,0,0,0,0
BrainJS/brain.js,420a583d0f07a0bd9c8bf5680fdbdeed6712b96a,brain.js,2.0.0-beta.2,4.0.3,1611157505,197,0,0,0,0,0,0,0,0,0,0,0,0,0
BrainJS/brain.js,66f9f2c713d0298da38168502e376a3de3638831,brain.js,2.0.0-beta.2,4.0.3,1611174397,197,0,0,0,0,0,0,0,0,0,0,0,0,0
BrainJS/brain.js,2437f3c18ffda427dc05ef02e155f65469e95f70,brain.js,2.0.0-beta.2,4.0.3,1611188760,197,0,0,0,0,0,0,0,0,0,0,0,0,0
BrainJS/brain.js,9fb53490bc6d736f492c674c53a25a8983ba4816,brain.js,2.0.0-beta.2,4.0.3,1611197420,197,0,0,0,0,0,0,0,0,0,0,0,0,0
BrainJS/brain.js,3dd2641d9d44683bd2ba0fe23965d8e138d96f7c,brain.js,2.0.0-beta.2,4.0.3,1611227274,197,0,0,0,0,0,0,0,0,0,0,0,0,0
BrainJS/brain.js,8e245b77d9200e7045b5eaabb79e120c5b130013,brain.js,2.0.0-beta.2,4.0.3,1611228206,197,0,0,0,0,0,0,0,0,0,0,0,0,0
BrainJS/brain.js,48edef7302420bd06bb17defeb9bc0a47640e2ed,brain.js,2.0.0-beta.2,4.0.3,1611228440,197,0,0,0,0,0,0,0,0,0,0,0,0,0
BrainJS/brain.js,deaa42ad4c0b61ecdd2ce879c50031100c4b37dd,brain.js,2.0.0-beta.2,4.0.3,1611228667,197,0,0,0,0,0,0,0,0,0,0,0,0,0
BrainJS/brain.js,5f214d2b7f1ecc55ecb93f60e5bfb0dc13b1f093,brain.js,2.0.0-beta.2,4.0.3,1611243044,198,0,0,0,0,0,0,0,0,0,0,0,0,0
BrainJS/brain.js,9c3f1582ebebd8909db8bea0585856d03f5a3322,brain.js,2.0.0-beta.2,4.0.3,1611248864,198,0,0,0,0,0,0,0,0,0,0,0,0,0
BrainJS/brain.js,8b5eb9d9118712de7ff33050b822409f347186b0,brain.js,2.0.0-beta.2,4.0.3,1611336030,199,0,0,0,0,0,0,0,0,0,0,0,0,0
BrainJS/brain.js,884c4820a975d00004d6307dde4737f5d1b632ca,brain.js,2.0.0-beta.2,4.0.3,1611370828,199,0,0,0,0,0,0,0,0,0,0,0,0,0
BrainJS/brain.js,3d7d39e14b26b608e4613572bb2662db51e21a5a,brain.js,2.0.0-beta.2,4.0.3,1611371035,199,0,0,0,0,0,0,0,0,0,0,0,0,0
BrainJS/brain.js,7b208b69853ba110cda01249158023dfefda70c6,brain.js,2.0.0-beta.2,4.0.3,1615220054,199,0,0,0,0,0,0,0,0,0,0,0,0,0
BrainJS/brain.js,c643c93f6649eafc7b02426d2a1aade7512b2ab3,brain.js,2.0.0-beta.2,4.0.3,1615929893,199,0,0,0,0,0,0,0,0,0,0,0,0,0
BrainJS/brain.js,63d2eace36d6696aaadeeffc9a8f310ddfa32238,brain.js,2.0.0-beta.2,4.0.3,1615930451,199,0,0,0,0,0,0,0,0,0,0,0,0,0
BrainJS/brain.js,0c493f236d518ace78139ac9b764f213228d41e6,brain.js,2.0.0-beta.2,4.0.3,1615989317,199,0,0,0,0,0,0,0,0,0,0,0,0,0
BrainJS/brain.js,bab1715946beb53c63cb879b33a9e40dbe67439d,brain.js,2.0.0-beta.2,4.0.3,1616013350,198,0,0,0,0,0,0,0,0,0,0,0,0,0
BrainJS/brain.js,5209ba97caabc4b8461e8333d062401b98af79e6,brain.js,2.0.0-beta.2,4.0.3,1616013426,199,0,0,0,0,0,0,0,0,0,0,0,0,0
BrainJS/brain.js,939592e8133efc06b54d2a48e1dde336072bdc42,brain.js,2.0.0-beta.2,4.0.3,1616079346,199,0,0,0,0,0,0,0,0,0,0,0,0,0
BrainJS/brain.js,56e4bde077977946acdcf0dcc96f6d1c286c7881,brain.js,2.0.0-beta.2,4.0.3,1616079392,199,0,0,0,0,0,0,0,0,0,0,0,0,0
BrainJS/brain.js,f31dced530bd026d68dbb2d23462380b2f3cd098,brain.js,2.0.0-beta.2,4.0.3,1616079433,199,0,0,0,0,0,0,0,0,0,0,0,0,0
BrainJS/brain.js,6c908474061a107ed2cb11529260f2cfdb7c5d25,brain.js,2.0.0-beta.2,4.0.3,1619798268,199,0,0,0,0,0,0,0,0,0,0,0,0,0
BrainJS/brain.js,afe99e7db17acc15d85e54182fa323429ef775b5,brain.js,2.0.0-beta.2,4.0.3,1619800424,199,0,0,0,0,0,0,0,0,0,0,0,0,0
BrainJS/brain.js,6d87491b5fe34990c75108a59522e17fdbd345b5,brain.js,2.0.0-beta.2,4.0.3,1619803275,199,0,0,0,0,0,0,0,0,0,0,0,0,0
BrainJS/brain.js,7528bb04d6ff64a149c102fa986d7a549b0f8e1a,brain.js,2.0.0-beta.2,4.0.3,1619804205,199,0,0,0,0,0,0,0,0,0,0,0,0,0
BrainJS/brain.js,050bf517e1e4af70480747036199608f2eced233,brain.js,2.0.0-beta.2,4.0.3,1619804307,199,0,0,0,0,0,0,0,0,0,0,0,0,0
BrainJS/brain.js,d185d580f70aa3911314ec17fdcf37e0d2ccfe14,brain.js,2.0.0-beta.2,4.0.3,1619807033,199,0,0,0,0,0,0,0,0,0,0,0,0,0
BrainJS/brain.js,64cb19efe0444627654351479f18b8bb5685ccb7,brain.js,2.0.0-beta.2,4.0.3,1619807375,199,0,0,0,0,0,0,0,0,0,0,0,0,0
BrainJS/brain.js,940f92cd896d9256fa75b98276ddd3376bb3ad33,brain.js,2.0.0-beta.2,4.0.3,1619808559,199,0,0,0,0,0,0,0,0,0,0,0,0,0
BrainJS/brain.js,4934b4833e5d4db4de7731a68d7902d97d2de29e,brain.js,2.0.0-beta.2,4.0.3,1619808810,199,0,0,0,0,0,0,0,0,0,0,0,0,0
BrainJS/brain.js,66056fb229966fe0718ee86b8e4eb73d78ebd0c2,brain.js,2.0.0-beta.2,4.0.3,1619809261,199,0,0,0,0,0,0,0,0,0,0,0,0,0
BrainJS/brain.js,9616d4c5959146ccb53a055b945481e0fe27e36a,brain.js,2.0.0-beta.2,4.0.3,1619871545,199,0,0,0,0,0,0,0,0,0,0,0,0,0
BrainJS/brain.js,f4bebfb3ef38dbd4cacbff1d4eeff19f80dcb470,brain.js,2.0.0-beta.2,4.0.3,1619872566,199,0,0,0,0,0,0,0,0,0,0,0,0,0
BrainJS/brain.js,e8bc4e5277a151d48dda02ab2e3149475d8da967,brain.js,2.0.0-beta.2,4.0.3,1619975010,199,0,0,0,0,0,0,0,0,0,0,0,0,0
BrainJS/brain.js,76c3ce426b5bbcb4a13630af707fc745fc1aa718,brain.js,2.0.0-beta.2,4.0.3,1632252611,199,0,0,0,0,0,0,0,0,0,0,0,0,0
BrainJS/brain.js,d23df9c0cce21d0d34083bb298e377049c61e5e2,brain.js,2.0.0-beta.2,4.0.3,1632252663,199,0,0,0,0,0,0,0,0,0,0,0,0,0
BrainJS/brain.js,dfb7aec7eb416a582fc80c3b0cfdec4d32b26ecb,brain.js,2.0.0-beta.2,4.0.3,1632320728,199,0,0,0,0,0,0,0,0,0,0,0,0,0
BrainJS/brain.js,9d8d5f63d60c3703b883777fcf4db14166dde3bc,brain.js,2.0.0-beta.3,4.0.3,1632320952,199,0,0,0,0,0,0,0,0,0,0,0,0,0
BrainJS/brain.js,6b19f1b92e2811f3226759ce22282540028e7022,brain.js,2.0.0-beta.3,4.0.3,1634642887,199,0,0,0,0,0,0,0,0,0,0,0,0,0
BrainJS/brain.js,f20da4840a48edd174fc2011de2098f74e407b88,brain.js,2.0.0-beta.3,4.0.3,1634643356,199,0,0,0,0,0,0,0,0,0,0,0,0,0
BrainJS/brain.js,8323d839a2affea9d95211666f317f64df3559e6,brain.js,2.0.0-beta.3,4.0.3,1634711195,199,0,0,0,0,0,0,0,0,0,0,0,0,0
BrainJS/brain.js,e245bf3077f3edae0040fe4d78e150b907775cc3,brain.js,2.0.0-beta.3,4.0.3,1634711404,199,0,0,0,0,0,0,0,0,0,0,0,0,0
BrainJS/brain.js,b7ace67e9f7a63e8730b7bbfb282472cc3dc496c,brain.js,2.0.0-beta.4,4.0.3,1635452714,199,0,0,0,0,0,0,0,0,0,0,0,0,0
BrainJS/brain.js,2ca2208825b62496e9d97c7d604147be21a9aee1,brain.js,2.0.0-beta.4,4.0.3,1636202143,199,0,0,0,0,0,0,0,0,0,0,0,0,0
BrainJS/brain.js,600f323ab2a8356c39941caa35e6dc816d44efc3,brain.js,2.0.0-beta.4,4.0.3,1636202170,199,0,0,0,0,0,0,0,0,0,0,0,0,0
BrainJS/brain.js,ad3f8b847a18d5761a93d06153e8ef0a9f8f6532,brain.js,2.0.0-beta.4,4.0.3,1636382294,199,0,0,0,0,0,0,0,0,0,0,0,0,0
BrainJS/brain.js,6ec1f8b02d67103b8bec95ff186b042841e30ab7,brain.js,2.0.0-beta.2,4.0.3,1637252166,158,0,0,0,0,0,0,0,0,0,0,0,0,0
BrainJS/brain.js,ab54d8b9fe0e7d45457f42548967350c2f37ebbe,brain.js,2.0.0-beta.4,4.0.3,1637252653,199,0,0,0,0,0,0,0,0,0,0,0,0,0
BrainJS/brain.js,8d05e6090660c2188cdb129cf4a5b3ba3a8de7e8,brain.js,2.0.0-beta.4,4.0.3,1637252664,199,0,0,0,0,0,0,0,0,0,0,0,0,0
BrainJS/brain.js,9c7fcc27914faa6e9a6ce4f07a05f78d989c45ce,brain.js,2.0.0-beta.4,4.0.3,1641843030,199,0,0,0,0,0,0,0,0,0,0,0,0,0
BrainJS/brain.js,6a5aefd9f9271774580b47d697c934b1a2b840d2,brain.js,2.0.0-beta.4,4.0.3,1641849068,200,0,0,0,0,0,0,0,0,0,0,0,0,0
BrainJS/brain.js,db83e223ac7118895c0b0e2b1db494bf2d1b4f65,brain.js,2.0.0-beta.4,4.0.3,1644592399,200,0,0,0,0,0,0,0,0,0,0,0,0,0
BrainJS/brain.js,87dcbfb3c81ade049924499e9a127abe62ebd626,brain.js,2.0.0-beta.4,4.0.3,1645129299,200,0,0,0,0,0,0,0,0,0,0,0,0,0
BrainJS/brain.js,cceffd1ea858b6d80a79499a4d201014c6bb2496,brain.js,2.0.0-beta.4,4.0.3,1645164103,200,0,0,0,0,0,0,0,0,0,0,0,0,0
BrainJS/brain.js,2b4e8054b05894113f5f0ebd9ebc3d14c8867dfe,brain.js,2.0.0-beta.4,4.0.3,1645187603,200,0,0,0,0,0,0,0,0,0,0,0,0,0
BrainJS/brain.js,1998fcc7a960d6453337333a5bcde93233f12a2e,brain.js,2.0.0-beta.4,4.0.3,1646423631,200,0,0,0,0,0,0,0,0,0,0,0,0,0
BrainJS/brain.js,8420676500983338f0ac7b11464c5f12867cc005,brain.js,2.0.0-beta.4,4.0.3,1647019036,201,0,0,0,0,0,0,0,0,0,0,0,0,0
BrainJS/brain.js,57f1da79762a4b5540f8e644cd3b730b7f20c463,brain.js,2.0.0-beta.4,4.0.3,1647020145,201,0,0,0,0,0,0,0,0,0,0,0,0,0
BrainJS/brain.js,372d6cb70eb02013f29e5bfb4ea5c8c1e3f1f8ee,brain.js,2.0.0-beta.5,4.0.3,1647022522,201,0,0,0,0,0,0,0,0,0,0,0,0,0
BrainJS/brain.js,1b763d4dd935b5b95c100d517c7fbe5b007698b9,brain.js,2.0.0-beta.5,4.0.3,1647022559,201,0,0,0,0,0,0,0,0,0,0,0,0,0
BrainJS/brain.js,0c070936854a992e40e4f7f0e886ae09f9c7208a,brain.js,2.0.0-beta.5,4.0.3,1648060980,197,0,0,0,0,0,0,0,0,0,0,0,0,0
BrainJS/brain.js,4031325426e568d5455734fe616c76400e29fab2,brain.js,2.0.0-beta.5,4.0.3,1648061669,197,0,0,0,0,0,0,0,0,0,0,0,0,0
BrainJS/brain.js,e7b16ba62349b81ef2015012edd8fa40180e62ea,brain.js,2.0.0-beta.6,4.0.3,1648061741,197,0,0,0,0,0,0,0,0,0,0,0,0,0
BrainJS/brain.js,0d66e84be11f2e224b49cebd4e2de2a60f6e7755,brain.js,2.0.0-beta.7,4.0.3,1648138987,197,0,0,0,0,0,0,0,0,0,0,0,0,0
BrainJS/brain.js,d5710728b2c90bea62f37f4a796f7ef3ccf3cf9f,brain.js,2.0.0-beta.8,4.0.3,1648139101,197,0,0,0,0,0,0,0,0,0,0,0,0,0
BrainJS/brain.js,4c0fcf0b7f0135be4259cfe252150b4565321958,brain.js,2.0.0-beta.9,4.0.3,1648139194,197,0,0,0,0,0,0,0,0,0,0,0,0,0
BrainJS/brain.js,54fc7903d4e8430b9748a0d69364863fe30eacbb,brain.js,2.0.0-beta.9,4.0.3,1648142145,197,0,0,0,0,0,0,0,0,0,0,0,0,0
BrainJS/brain.js,684ff57c3526539e8e661e8c68db4f22cd84c079,brain.js,2.0.0-beta.9,4.0.3,1648143047,197,0,0,0,0,0,0,0,0,0,0,0,0,0
BrainJS/brain.js,c3614f7102f4b71596f9c82f66537a3bc2c0e056,brain.js,2.0.0-beta.9,4.0.3,1648143194,197,0,0,0,0,0,0,0,0,0,0,0,0,0
BrainJS/brain.js,53a545c89f0ee32912a56258b383ccd2d2738fdc,brain.js,2.0.0-beta.9,4.0.3,1648146589,197,0,0,0,0,0,0,0,0,0,0,0,0,0
BrainJS/brain.js,caf5f102332cf6eda61426f59b6cd1e4e3a1bb8b,brain.js,2.0.0-beta.9,4.0.3,1648148544,197,0,0,0,0,0,0,0,0,0,0,0,0,0
BrainJS/brain.js,5d3a3d39756f433d8cdbd80d75a93f918d08feb1,brain.js,2.0.0-beta.9,4.0.3,1648149108,197,0,0,0,0,0,0,0,0,0,0,0,0,0
BrainJS/brain.js,349d6fdc41e6245f390d2fa0605d69e5b56cbc43,brain.js,2.0.0-beta.9,4.0.3,1648149366,197,0,0,0,0,0,0,0,0,0,0,0,0,0
BrainJS/brain.js,be853a24a22d454db40afbf453cdc5be045be455,brain.js,2.0.0-beta.9,4.0.3,1648149609,197,0,0,0,0,0,0,0,0,0,0,0,0,0
BrainJS/brain.js,93320fae6a7144c60b1d353ea028970116256e3d,brain.js,2.0.0-beta.9,4.0.3,1648245623,197,0,0,0,0,0,0,0,0,0,0,0,0,0
BrainJS/brain.js,d78ad8c64fc12ca49a841ad5e6127618f58e218c,brain.js,2.0.0-beta.9,4.0.3,1648245641,197,0,0,0,0,0,0,0,0,0,0,0,0,0
BrainJS/brain.js,b7b637ebebcaa837123e0bfa4d35ffc110b5fc2d,brain.js,2.0.0-beta.9,4.0.3,1648245660,197,0,0,0,0,0,0,0,0,0,0,0,0,0
BrainJS/brain.js,9d70afec8e7f57450608f4bcbeae8e3b1cd36b59,brain.js,2.0.0-beta.9,4.0.3,1648245687,197,0,0,0,0,0,0,0,0,0,0,0,0,0
BrainJS/brain.js,0167c9737ff140ae9f7906e78f4361366d8946db,brain.js,2.0.0-beta.9,4.0.3,1648481412,197,0,0,0,0,0,0,0,0,0,0,0,0,0
BrainJS/brain.js,ec9c1b5ac7338c5b23344dbda436defd6050f916,brain.js,2.0.0-beta.10,4.0.3,1648481412,197,0,0,0,0,0,0,0,0,0,0,0,0,0
BrainJS/brain.js,5d523fe241f5edddd220e19420dfcecab841b30c,brain.js,2.0.0-beta.11,4.0.3,1648653774,197,0,0,0,0,0,0,0,0,0,0,0,0,0
BrainJS/brain.js,8865aacae34495ccf839f35e04264c30b5394e7c,brain.js,2.0.0-beta.11,4.0.3,1649434429,197,0,0,0,0,0,0,0,0,0,0,0,0,0
BrainJS/brain.js,f957f579f38b4e2357be699baf5cc71835fba0c7,brain.js,2.0.0-beta.12,4.0.3,1649858700,199,0,0,0,0,0,0,0,0,0,0,0,0,0
BrainJS/brain.js,240411c1f6687e26051633e6891695de3cac2c13,brain.js,2.0.0-beta.13,4.0.3,1649866134,199,0,0,0,0,0,0,0,0,0,0,0,0,0
BrainJS/brain.js,97c02319a33e7a055e54180c76d3a6b8660f7578,brain.js,2.0.0-beta.14,4.0.3,1649872813,199,0,0,0,0,0,0,0,0,0,0,0,0,0
BrainJS/brain.js,271d75c90671fdddb8d52eaf1121ce7608542c45,brain.js,2.0.0-beta.14,4.0.3,1649873420,198,0,0,0,0,0,0,0,0,0,0,0,0,0
BrainJS/brain.js,4a3ce7383000a0b50f6731e7747d635d3a318254,brain.js,2.0.0-beta.15,4.0.3,1649889465,198,0,0,0,0,0,0,0,0,0,0,0,0,0
BrainJS/brain.js,63ab1ce89946f01ad6eceb5b8006c87af5e5a5bb,brain.js,2.0.0-beta.15,4.0.3,1649889532,198,0,0,0,0,0,0,0,0,0,0,0,0,0
BrainJS/brain.js,8d74cea5a13af3a6de9d622814c5a87cee622dc5,brain.js,2.0.0-beta.15,4.0.3,1657240875,198,0,0,0,0,0,0,0,0,0,0,0,0,0
BrainJS/brain.js,f1a13af28a12af5b40624c428e386d1bd24baced,brain.js,2.0.0-beta.15,4.0.3,1661180313,198,0,0,0,0,0,0,0,0,0,0,0,0,0
BrainJS/brain.js,4042a99d5a2d7d93cf2188bd4dd0f3ee54f762ac,brain.js,2.0.0-beta.15,4.0.3,1663168814,198,0,0,0,0,0,0,0,0,0,0,0,0,0
BrainJS/brain.js,a5d0e918a6c4957d6df5c1ec2436b8a6f7b740e0,brain.js,2.0.0-beta.16,4.0.3,1663168979,198,0,0,0,0,0,0,0,0,0,0,0,0,0
BrainJS/brain.js,2ef25fd029ad4ea78405cdd2fddc305a8608e68d,brain.js,2.0.0-beta.17,4.0.3,1668637739,198,0,0,0,0,0,0,0,0,0,0,0,0,0
BrainJS/brain.js,5fabaabcfba1009b677a02eda56497cdde14b8fe,brain.js,2.0.0-beta.17,4.0.3,1669961232,198,0,0,0,0,0,0,0,0,0,0,0,0,0
