callstack/linaria,b07dc0b245442cea0e430a962f11d3cbc35e6555,linaria,1.3.1,,1577892402,3,0,0,0,0,0,0,0,0,0,0,0,0,0
callstack/linaria,c67f40d8e9bd4950450288decb0a0a29d6e4cff0,linaria,1.3.1,,1578843856,3,0,0,0,0,0,0,0,0,0,0,0,0,0
callstack/linaria,331447f0c5286e3f2874de06097477a2d19715aa,linaria,1.3.1,,1579002240,3,0,0,0,0,0,0,0,0,0,0,0,0,0
callstack/linaria,a3ec9a96bbe1f1de50365f04f5ce971d7fcf8114,linaria,1.3.1,,1579337858,3,0,0,0,0,0,0,0,0,0,0,0,0,0
callstack/linaria,f2b3ee967175a9a16c8d878012153cf7ed5db4c8,linaria,1.3.1,,1580813376,3,0,0,0,0,0,0,0,0,0,0,0,0,0
callstack/linaria,92d9d0c6552b25f64fa36b09e6464352f2a1c47f,linaria,1.3.1,,1580813729,3,0,0,0,0,0,0,0,0,0,0,0,0,0
callstack/linaria,6d5156b5f4c0412823e265dfe65d2a647273849e,linaria,1.3.1,,1581248817,3,0,0,0,0,0,0,0,0,0,0,0,0,0
callstack/linaria,354004419d79d61f8baa113a8503582ed237e523,linaria,1.3.1,,1581259129,3,0,0,0,0,0,0,0,0,0,0,0,0,0
callstack/linaria,0a78dea59cc413bd68f918d0fdad700d9ec64998,linaria,1.3.1,,1581260138,3,0,0,0,0,0,0,0,0,0,0,0,0,0
callstack/linaria,838c23cbb9bbf957b7576ac9ee9fa0bc8219025c,linaria,1.3.1,,1581260239,3,0,0,0,0,0,0,0,0,0,0,0,0,0
callstack/linaria,114be0db02ba996a126be39470f338f8b4e16123,linaria,1.3.1,,1581260615,3,0,0,0,0,0,0,0,0,0,0,0,0,0
callstack/linaria,d0452d2d08235e15bd5a4d81c2b948bff745ccde,linaria,1.3.1,,1581261881,3,0,0,0,0,0,0,0,0,0,0,0,0,0
callstack/linaria,d1751f740875aa5a71b44ebfa03693bbf6c1a412,linaria,1.3.1,,1581262506,3,0,0,0,0,0,0,0,0,0,0,0,0,0
callstack/linaria,e8b8c06fc98e9f56c3cde60d676d2194f729a0ce,linaria,1.3.2,,1581333530,3,0,0,0,0,0,0,0,0,0,0,0,0,0
callstack/linaria,5abde75e8d5108a536533e55417b5cff0b329474,linaria,1.3.2,3.3.4000,1581333622,4,0,0,0,0,0,0,0,0,0,0,0,0,0
callstack/linaria,10a83c1bed066dc08518adc1b8cb4bf1c48bd7cb,linaria,1.3.2,3.4.1,1581333623,20,0,0,0,0,0,0,0,0,0,0,0,0,0
callstack/linaria,49d5a6651e4e32ad078dba6292dc547545274615,linaria,1.3.2,3.4.1,1581333625,33,0,0,0,0,0,0,0,0,0,0,0,0,0
callstack/linaria,1bfdd0cfaeb874958826ae1537441912401e090e,linaria,1.3.2,3.4.1,1581333626,50,0,0,0,0,0,0,0,0,0,0,0,0,0
callstack/linaria,42134f1c8cf102139ae7c4f4b3ecf4ce0a8f6092,linaria,1.3.2,3.4.1,1581333629,50,0,0,0,0,0,0,0,0,0,0,0,0,0
callstack/linaria,602714b2bdad41f5b2121da608a3905aaf489921,linaria,1.3.2,3.4.1,1581333630,50,0,0,0,0,0,0,0,0,0,0,0,0,0
callstack/linaria,99f91dcc4529aa7329a116020bb362c667cad9f1,linaria,1.4.0-alpha.0,3.4.1,1581333703,50,0,0,0,0,0,0,0,0,0,0,0,0,0
callstack/linaria,c3792f394c2778c4e00e21295303eb635b17745f,linaria,1.4.0-alpha.0,3.4.1,1581333705,50,0,0,0,0,0,0,0,0,0,0,0,0,0
callstack/linaria,c02d28af1d41a16fc85e131d45bcb6c4f273c90c,linaria,1.4.0-alpha.0,3.4.1,1581333706,50,0,0,0,0,0,0,0,0,0,0,0,0,0
callstack/linaria,897f6b7f64c6217f7e0291fc2347bcb50571463d,linaria,1.4.0-alpha.0,3.4.1,1581333708,50,0,0,0,0,0,0,0,0,0,0,0,0,0
callstack/linaria,c011b0fdfa9ed16e1201c6c435a70f9a077787f0,linaria,1.4.0-alpha.1,3.4.1,1581333709,50,0,0,0,0,0,0,0,0,0,0,0,0,0
callstack/linaria,e66aaaf733d925d3df1e68cd2024a8ce30b5f606,linaria,1.4.0-alpha.1,3.4.1,1581333711,51,0,0,0,0,0,0,0,0,0,0,0,0,0
callstack/linaria,1ab69dff9c64d0b4bbc45f127cbc83e22830dd0a,linaria,1.4.0-alpha.1,3.4.1,1581333712,51,0,0,0,0,0,0,0,0,0,0,0,0,0
callstack/linaria,cea38abdb4a4422cfecca6932a3d97362d5de11c,linaria,1.4.0-alpha.1,3.5.3,1581333714,55,0,0,0,0,0,0,0,0,0,0,0,0,0
callstack/linaria,15f1e0a733c1c301b2e313f1365f6041572d10b8,linaria,1.4.0-alpha.1,3.5.3,1581333715,55,0,0,0,0,0,0,0,0,0,0,0,0,0
callstack/linaria,1b475997064ebc9ab807ad05e6b98e5fe1c10b51,linaria,1.4.0-alpha.1,3.5.3,1581333717,58,0,0,0,0,0,0,0,0,0,0,0,0,0
callstack/linaria,5eefa07099e3e1e17499cec7107bf1cce0b038d8,linaria,1.4.0-alpha.1,3.5.3,1581333718,58,0,0,0,0,0,0,0,0,0,0,0,0,0
callstack/linaria,5ce421015c0402251ca02909cf14c83d42e3fdc6,linaria,1.4.0-beta.0,3.5.3,1581333720,58,0,0,0,0,0,0,0,0,0,0,0,0,0
callstack/linaria,b22ce790071d963543721fe9a2e6f99e86f53cf6,linaria,1.4.0-beta.0,3.5.3,1581333721,58,0,0,0,0,0,0,0,0,0,0,0,0,0
callstack/linaria,4ee86797904018beddf2a6765a83cad72a5f08fb,linaria,1.4.0-beta.0,3.5.3,1581333723,60,0,0,0,0,0,0,0,0,0,0,0,0,0
callstack/linaria,9d080742910a6fab0509a6e4a22253cc4e7cfbc0,linaria,1.4.0-beta.0,3.5.3,1581333724,60,0,0,0,0,0,0,0,0,0,0,0,0,0
callstack/linaria,69a4c9d9e894b20f29cbfedb6201334bf11c2ee4,linaria,1.4.0-beta.0,3.5.3,1581333726,60,0,0,0,0,0,0,0,0,0,0,0,0,0
callstack/linaria,ccb43dab389742e494d24a64d6a8455444c4b4fe,linaria,1.4.0-beta.0,3.5.3,1581333727,73,0,0,0,0,0,0,0,0,0,0,0,0,0
callstack/linaria,4fe47d243443f6cf20270fa60885540dff852cac,linaria,1.4.0-beta.0,3.5.3,1581333729,73,0,0,0,0,0,0,0,0,0,0,0,0,0
callstack/linaria,8083cb579c98bc69cb8a353ec90115b0e731b87b,linaria,1.4.0-beta.1,3.5.3,1581333730,73,0,0,0,0,0,0,0,0,0,0,0,0,0
callstack/linaria,0d5751904a687086b0b8376cd618778d7a5397f6,linaria,1.4.0-beta.1,3.5.3,1581333732,73,0,0,0,0,0,0,0,0,0,0,0,0,0
callstack/linaria,8f4d08da839d1ad52e67f57d9b4cc1a6beb18950,linaria,1.4.0-beta.1,3.7.5,1581333733,73,0,0,0,0,0,0,0,0,0,0,0,0,0
callstack/linaria,5d6f51dac2ad769c5bf6df2e56ca4e0a60209662,linaria,1.4.0-beta.1,3.7.5,1581333735,73,0,0,0,0,0,0,0,0,0,0,0,0,0
callstack/linaria,ce926c84cce52be30e18df3976c009041eb2bf6b,linaria,1.4.0-beta.1,3.7.5,1581333737,73,0,0,0,0,0,0,0,0,0,0,0,0,0
callstack/linaria,96d648a3b643a64a6303677cb4235e6b473889bf,linaria,1.4.0-beta.1,3.7.5,1581333738,73,0,0,0,0,0,0,0,0,0,0,0,0,0
callstack/linaria,18c00b6d4163c248a357d8b64c679b8eb9bdf3a4,linaria,1.4.0-beta.1,3.7.5,1581333740,74,0,0,0,0,0,0,0,0,0,0,0,0,0
callstack/linaria,ea8b362cb041604870e98bd940ce7149f8aacab4,linaria,1.4.0-beta.1,3.7.5,1581333741,74,0,0,0,0,0,0,0,0,0,0,0,0,0
callstack/linaria,2bc68783c152888932f3acff3b96824b326225df,linaria,1.4.0-beta.1,3.7.5,1581333743,74,0,0,0,0,0,0,0,0,0,0,0,0,0
callstack/linaria,7f7356c5aa4734b87bf28c29886d8a1ac9d28026,linaria,1.4.0-beta.1,3.7.5,1581333744,74,0,0,0,0,0,0,0,0,0,0,0,0,0
callstack/linaria,0b820afe61b9ea459b70a4a877249b0e62aa3ce7,linaria,1.4.0-beta.2,3.7.5,1581333746,74,0,0,0,0,0,0,0,0,0,0,0,0,0
callstack/linaria,904896003dc1f8906fbe191a0820d14ca9b70a6f,linaria,1.4.0-beta.2,3.7.5,1581849396,75,0,0,0,0,0,0,0,0,0,0,0,0,0
callstack/linaria,9466b3db756b64e815dab92c08158aa44562d9d5,linaria,1.4.0-beta.3,3.7.5,1581849534,75,0,0,0,0,0,0,0,0,0,0,0,0,0
callstack/linaria,3e3e86561a97c3b6c5caf9b26b0d0c2b4c8f962b,linaria,1.3.2,,1581850791,3,0,0,0,0,0,0,0,0,0,0,0,0,0
callstack/linaria,ac2de08a8dc67c53f955e3cbf4fbb415562520a1,linaria,1.3.3,,1581850860,3,0,0,0,0,0,0,0,0,0,0,0,0,0
callstack/linaria,8e396785530bc2c08d70cd61ba0f73777f49d042,linaria,1.4.0-beta.3,3.7.5,1582789615,76,0,0,0,0,0,0,0,0,0,0,0,0,0
callstack/linaria,2eaef3f15b8ffcc02d16fae7d12f9411a4b04bb5,linaria,1.4.0-beta.3,3.7.5,1583056818,76,0,0,0,0,0,0,0,0,0,0,0,0,0
callstack/linaria,a59109c9f97932b334cd87da2bb28ae1c526911e,linaria,1.4.0-beta.3,3.7.5,1583059056,76,0,0,0,0,0,0,0,0,0,0,0,0,0
callstack/linaria,c97bfedf6381458673eae48887224439b32b0328,linaria,1.4.0-beta.3,3.7.5,1583606042,76,0,0,0,0,0,0,0,0,0,0,0,0,0
callstack/linaria,90e9811cc1cbda594f2385e55cffa112d4178245,linaria,1.4.0-beta.3,3.7.5,1584629587,76,0,0,0,0,0,0,0,0,0,0,0,0,0
callstack/linaria,8187f7e041420e5fafd9dcd16013e8615d57aa3b,linaria,1.4.0-beta.3,3.7.5,1584633888,76,0,0,0,0,0,0,0,0,0,0,0,0,0
callstack/linaria,b09e6a29d94a74114e3a6d855fe09614f182bb94,linaria,1.4.0-beta.4,3.7.5,1584633972,76,0,0,0,0,0,0,0,0,0,0,0,0,0
callstack/linaria,84f044fc74e27ce99f501a68e9536343d0013c61,linaria,1.4.0-beta.4,3.7.5,1584969382,76,0,0,0,0,0,0,0,0,0,0,0,0,0
callstack/linaria,eef6182ec0a6323cbabf3d74e0adadd066ceea5b,linaria,1.4.0-beta.4,3.8.3,1585067833,76,0,0,0,0,0,0,0,0,0,0,0,0,0
callstack/linaria,51cadfd251ca683d42d1406aafe6b15218abc918,linaria,1.4.0-beta.4,3.8.3,1585073411,76,0,0,0,0,0,0,0,0,0,0,0,0,0
callstack/linaria,b24b3131d9c683feca38a57fd6e88f645dc66755,linaria,1.4.0-beta.4,3.8.3,1585307878,76,0,0,0,0,0,0,0,0,0,0,0,0,0
callstack/linaria,c52e89b1c45d34f8770455d4a4a117ecb1ebc7c4,linaria,1.4.0-beta.5,3.8.3,1585308150,76,0,0,0,0,0,0,0,0,0,0,0,0,0
callstack/linaria,f2d2ed1586818a759ab8a8fa1b6b03055811c06f,linaria,1.4.0-beta.5,3.8.3,1585407362,76,0,0,0,0,0,0,0,0,0,0,0,0,0
callstack/linaria,7a8d08bbdeabbc43904f034a69cb618164eb4fc1,linaria,1.4.0-beta.5,3.8.3,1585408528,76,0,0,0,0,0,0,0,0,0,0,0,0,0
callstack/linaria,bc36870895da47f469987c63541e0a254be1d5e8,linaria,1.4.0-beta.5,3.8.3,1585488304,76,0,0,0,0,0,0,0,0,0,0,0,0,0
callstack/linaria,223ce5bf99131ba81494895761119436d75492c1,linaria,1.4.0-beta.5,3.8.3,1585749156,76,0,0,0,0,0,0,0,0,0,0,0,0,0
callstack/linaria,e8e6b8c2c7dbbbec466eb88f4441ebc99b32cdaa,linaria,1.4.0-beta.5,3.8.3,1585819323,76,0,0,0,0,0,0,0,0,0,0,0,0,0
callstack/linaria,c543a81042b90baa19dc3986b4c854e2a38ba20c,linaria,1.4.0-beta.5,3.8.3,1585839426,76,0,0,0,0,0,0,0,0,0,0,0,0,0
callstack/linaria,4c2c5a30882a788d947b67c60e5aaf6497332e70,linaria,1.4.0-beta.5,3.8.3,1586009792,76,0,0,0,0,0,0,0,0,0,0,0,0,0
callstack/linaria,aadff97d2fdc12a5d06d0988debe41e967052000,linaria,1.4.0-beta.5,3.8.3,1586072706,76,0,0,0,0,0,0,0,0,0,0,0,0,0
callstack/linaria,5151cb4d51f0db50dbbbb8be7e7c6ef978ff5c6e,linaria,1.4.0-beta.6,3.8.3,1586072869,76,0,0,0,0,0,0,0,0,0,0,0,0,0
callstack/linaria,7a42e7e038721ca504f5cf9d6ce2735bc27844a2,linaria,1.4.0-beta.6,3.8.3,1586087705,76,0,0,0,0,0,0,0,0,0,0,0,0,0
callstack/linaria,3543a94075e94f5c6222e81b47f461ff6de24b4d,linaria,1.4.0-beta.6,3.8.3,1586179728,76,0,0,0,0,0,0,0,0,0,0,0,0,0
callstack/linaria,31122c2a5d62273d7a554cda339e43a09927546a,linaria,1.4.0-beta.6,3.8.3,1586179729,76,0,0,0,0,0,0,0,0,0,0,0,0,0
callstack/linaria,1c33fa30e2507fecd2d45568f2046dd8b52b973c,linaria,1.4.0-beta.6,3.8.3,1586179729,76,0,0,0,0,0,0,0,0,0,0,0,0,0
callstack/linaria,a21ebc58b0c5c2ced0491560b0b06fe215acbe33,linaria,1.4.0-beta.6,3.8.3,1586179730,76,0,0,0,0,0,0,0,0,0,0,0,0,0
callstack/linaria,64069d9e5be7b08b24382911457a358b4e0e8a59,linaria,1.4.0-beta.6,3.8.3,1586179851,76,0,0,0,0,0,0,0,0,0,0,0,0,0
callstack/linaria,6caf41a3aa6bc1053e801f5c313884e0b359b8dd,linaria,1.4.0-beta.6,3.8.3,1586200525,76,0,0,0,0,0,0,0,0,0,0,0,0,0
callstack/linaria,a43db9c140faf9ab4f6407fc9f1f226e9eabb5b0,linaria,1.4.0-beta.6,3.8.3,1586200798,76,0,0,0,0,0,0,0,0,0,0,0,0,0
callstack/linaria,38a4d538c50eb688ed4815ab8e2743fbe9e384d3,linaria,1.4.0-beta.6,3.8.3,1586848112,76,0,0,0,0,0,0,0,0,0,0,0,0,0
callstack/linaria,5ab340dbe9f5ae7273432780333c37dd0d1d0c1d,linaria,1.4.0-beta.6,3.8.3,1586953356,76,0,0,0,0,0,0,0,0,0,0,0,0,0
callstack/linaria,691392aca2e3a4ebefd9c548386c2559aa9ab457,linaria,2.0.0-alpha.1,3.8.3,1587021419,76,0,0,0,0,0,0,0,0,0,0,0,0,0
callstack/linaria,1caeeabce9103a37c34fc1add1c2c0a3447d33ab,linaria,1.4.0-beta.6,3.8.3,1587023944,76,0,0,0,0,0,0,0,0,0,0,0,0,0
callstack/linaria,eee8b977d9a30a9fbe5ac64b9459f16a74dd631f,linaria,2.0.0-alpha.1,3.8.3,1587024157,76,0,0,0,0,0,0,0,0,0,0,0,0,0
callstack/linaria,836481d01a9ccf4c58cea8626231b6d8ec4c2410,linaria,1.4.0-beta.6,3.8.3,1587138822,76,0,0,0,0,0,0,0,0,0,0,0,0,0
callstack/linaria,c0d79ee730c5a6b8f3c6485979cd940687609d75,linaria,2.0.0-alpha.1,3.8.3,1587145928,76,0,0,0,0,0,0,0,0,0,0,0,0,0
callstack/linaria,bfe19cfb19c5b23d1fe03842dfc14bb8c0d00e69,linaria,2.0.0-alpha.1,3.8.3,1587393439,76,0,0,0,0,0,0,0,0,0,0,0,0,0
callstack/linaria,83bc7d50fecd85e9f7e3ba7b5bcd671e82ffc352,linaria,2.0.0-alpha.1,3.8.3,1587393773,76,0,0,0,0,0,0,0,0,0,0,0,0,0
callstack/linaria,ec9d3e7cd8454c9c7ca678b49ee77d401aae9d76,linaria,2.0.0-alpha.1,3.8.3,1587394257,76,0,0,0,0,0,0,0,0,0,0,0,0,0
callstack/linaria,672b0bfcedfba1c2a5a5e6f5bfae2d63bfeee241,linaria,2.0.0-alpha.1,3.8.3,1587394462,76,0,0,0,0,0,0,0,0,0,0,0,0,0
callstack/linaria,eda0efaa437b267f536fa4866efd9299f9738767,linaria,2.0.0-alpha.1,3.8.3,1587555416,76,0,0,0,0,0,0,0,0,0,0,0,0,0
callstack/linaria,ae4147d0ea6fd887855cdd436d75634c588fa0c7,linaria,1.4.0-beta.6,3.8.3,1587556032,76,0,0,0,0,0,0,0,0,0,0,0,0,0
callstack/linaria,fb19f01f6b6544459942840163625785e7ed7bf7,linaria,2.0.0-alpha.1,3.8.3,1587558617,76,0,0,0,0,0,0,0,0,0,0,0,0,0
callstack/linaria,8ff141c422542bcb0a760c030a484706aa7ef4a3,linaria,2.0.0-alpha.1,3.8.3,1587570450,76,0,0,0,0,0,0,0,0,0,0,0,0,0
callstack/linaria,6c68e44224f1a7b605964fbd8f576806664d6699,linaria,2.0.0-alpha.1,3.8.3,1587971584,76,0,0,0,0,0,0,0,0,0,0,0,0,0
callstack/linaria,dfa3698ab424052d80202394b66c656bd22cff19,linaria,1.4.0-beta.6,3.8.3,1587971724,76,0,0,0,0,0,0,0,0,0,0,0,0,0
callstack/linaria,bdd802cf7c53bf8179c706e72849aeecd798447b,linaria,1.4.0-beta.7,3.8.3,1587972199,76,0,0,0,0,0,0,0,0,0,0,0,0,0
callstack/linaria,65c029c2dcbd7dd5d18aaad7d6a1d20330704eb5,linaria,2.0.0-alpha.2,3.8.3,1587972460,76,0,0,0,0,0,0,0,0,0,0,0,0,0
callstack/linaria,c47c849d39a745388c3a85b39bc3b8b1296b046f,linaria,2.0.0-alpha.2,3.8.3,1588059796,76,0,0,0,0,0,0,0,0,0,0,0,0,0
callstack/linaria,97f2e9779c6d4e71a0b1b98f423fba3fb275d2ef,linaria,2.0.0-alpha.2,3.8.3,1588148856,76,0,0,0,0,0,0,0,0,0,0,0,0,0
callstack/linaria,116995b2260794c6ed25dfa3a59ac2314b9d6cad,linaria,1.4.0-beta.7,3.8.3,1588148921,76,0,0,0,0,0,0,0,0,0,0,0,0,0
callstack/linaria,d596c0fffe97f8de3af0c423adbd984e8497012e,linaria,2.0.0-alpha.2,3.8.3,1588359524,76,0,0,0,0,0,0,0,0,0,0,0,0,0
callstack/linaria,f7900edfe9f307af4ae2d09ce53a6b4d8b35f955,linaria,1.4.0-beta.7,3.8.3,1588359567,76,0,0,0,0,0,0,0,0,0,0,0,0,0
callstack/linaria,81915d5a611cc74302c509a469ce0ab5724b0b64,linaria,2.0.0-alpha.2,3.8.3,1588444964,76,0,0,0,0,0,0,0,0,0,0,0,0,0
callstack/linaria,14e293a5d3d7f619a742e9e7779cc23842eff333,linaria,1.4.0-beta.7,3.8.3,1588445048,76,0,0,0,0,0,0,0,0,0,0,0,0,0
callstack/linaria,1bdb9ef14139fc981a67807689a468c5ec5dc371,linaria,2.0.0-alpha.2,3.8.3,1588593080,76,0,0,0,0,0,0,0,0,0,0,0,0,0
callstack/linaria,6c45beed9564a0b8264bfd619512152e0afd91c8,linaria,2.0.0-alpha.2,3.8.3,1588593820,75,0,0,0,0,0,0,0,0,0,0,0,0,0
callstack/linaria,6dc9b61f63c1ca1bccb38ad973ac4e2420f6421c,linaria,2.0.0-alpha.2,3.8.3,1588598895,76,0,0,0,0,0,0,0,0,0,0,0,0,0
callstack/linaria,696b147169c7f00054510ba403957a905cf3b33a,linaria,1.4.0-beta.7,3.8.3,1588598971,76,0,0,0,0,0,0,0,0,0,0,0,0,0
callstack/linaria,f0e13dc00eff25f9ecd28518eb6f535f45265f61,linaria,2.0.0-alpha.3,3.8.3,1588599043,76,0,0,0,0,0,0,0,0,0,0,0,0,0
callstack/linaria,372d2b9118360bf07a544c4b02a02486208ba161,linaria,1.4.0-beta.8,3.8.3,1588600071,76,0,0,0,0,0,0,0,0,0,0,0,0,0
callstack/linaria,fb65ee41bf569baa78affbdb2fb74d6bc8784b60,linaria,2.0.0-alpha.3,3.8.3,1588662002,76,0,0,0,0,0,0,0,0,0,0,0,0,0
callstack/linaria,7557734372f9ae772b36c2328c80c9d4f782de40,linaria,2.0.0-alpha.3,3.8.3,1588678320,77,0,0,0,0,0,0,0,0,0,0,0,0,0
callstack/linaria,afaac3fbb6f35740fe39a103606fbcfa3d752bba,linaria,2.0.0-alpha.3,3.8.3,1588690431,78,0,0,0,0,0,0,0,0,0,0,0,0,0
callstack/linaria,8d59a88d76735ff5347c0705474da5dc9092f37b,linaria,2.0.0-alpha.3,3.8.3,1588779199,78,0,0,0,0,0,0,0,0,0,0,0,0,0
callstack/linaria,8461b05c0627239893eb7bd74e1afc7df6a2a929,linaria,2.0.0-alpha.3,3.8.3,1588857829,78,0,0,0,0,0,0,0,0,0,0,0,0,0
callstack/linaria,d48a10e303e8cc0a00c0b9db60f91dc5e5e74895,linaria,2.0.0-alpha.3,3.8.3,1588858720,78,0,0,0,0,0,0,0,0,0,0,0,0,0
callstack/linaria,02cc679bf43810a0c53f95480c025950687351a6,linaria,2.0.0-alpha.2,3.8.3,1588861142,75,0,0,0,0,0,0,0,0,0,0,0,0,0
callstack/linaria,cf527bcb3c9b7096ea99f836a48b034620ae9c37,linaria,2.0.0-alpha.2,3.8.3,1588861161,75,0,0,0,0,0,0,0,0,0,0,0,0,0
callstack/linaria,86d07ad53110abc74c5fa431325df7c8f416d782,linaria,2.0.0-alpha.2,3.8.3,1588935136,75,0,0,0,0,0,0,0,0,0,0,0,0,0
callstack/linaria,7c335b9b30bbb32bb9888e22fa0c3e47327f09c8,linaria,2.0.0-alpha.2,3.8.3,1588936444,75,0,0,0,0,0,0,0,0,0,0,0,0,0
callstack/linaria,6aaa66eaadb93b0b064add35864009385ab8087c,linaria,2.0.0-alpha.3,3.8.3,1588946058,78,0,0,0,0,0,0,0,0,0,0,0,0,0
callstack/linaria,f4b7227362d763ea398e3bfef1a2baa3527fb4ee,linaria,1.4.0-beta.8,3.8.3,1588946194,78,0,0,0,0,0,0,0,0,0,0,0,0,0
callstack/linaria,57a40899c2d81a5b01d47416c42591b1e42216a0,linaria,1.4.0-beta.9,3.8.3,1588946509,78,0,0,0,0,0,0,0,0,0,0,0,0,0
callstack/linaria,86e38712f0015084d354ed34e9d3a3993119c017,linaria,2.0.0-alpha.4,3.8.3,1588946629,78,0,0,0,0,0,0,0,0,0,0,0,0,0
callstack/linaria,bfe2a44567b7f6073721a15dda21e281875bbbca,linaria,2.0.0-alpha.4,3.8.3,1589189893,78,0,0,0,0,0,0,0,0,0,0,0,0,0
callstack/linaria,8abb51d17e18d5280a2a649c93379ea628771993,linaria,1.4.0-beta.9,3.8.3,1589189920,78,0,0,0,0,0,0,0,0,0,0,0,0,0
callstack/linaria,f380cdaef64c7c6e50ea2a083744e3473aba4f47,linaria,2.0.0-alpha.4,3.8.3,1589190044,78,0,0,0,0,0,0,0,0,0,0,0,0,0
callstack/linaria,6e3c05dd52750737efb8f7641b1e48ddd53a6e7c,linaria,2.0.0-alpha.4,3.8.3,1589190044,78,0,0,0,0,0,0,0,0,0,0,0,0,0
callstack/linaria,10af1e34f4ac63230f049f075dff287568004a2b,linaria,2.0.0-alpha.4,3.8.3,1589190044,78,0,0,0,0,0,0,0,0,0,0,0,0,0
callstack/linaria,4062232aa15b2acba073c8bee141559979e2f0fb,linaria,2.0.0-alpha.4,3.8.3,1589190044,78,0,0,0,0,0,0,0,0,0,0,0,0,0
callstack/linaria,26e9d8c8a3db31ae45bcad4b0c0c9eb8b9b66290,linaria,2.0.0-alpha.4,3.8.3,1589190044,78,0,0,0,0,0,0,0,0,0,0,0,0,0
callstack/linaria,62d3cd82eb6569a2a6b679654d02c0b661ace420,linaria,2.0.0-alpha.4,3.8.3,1589190044,78,0,0,0,0,0,0,0,0,0,0,0,0,0
callstack/linaria,1efae9ba365e746d939176fdfa896355690d06f1,linaria,2.0.0-alpha.4,3.8.3,1589190044,78,0,0,0,0,0,0,0,0,0,0,0,0,0
callstack/linaria,2bed6270722de1720bdccd959c81443e0b98e06d,linaria,2.0.0-alpha.2,3.8.3,1589198745,75,0,0,0,0,0,0,0,0,0,0,0,0,0
callstack/linaria,2b192ae2b3272decfc1bec18d08e4e40895c78b2,linaria,2.0.0-alpha.4,3.8.3,1589531858,77,0,0,0,0,0,0,0,0,0,0,0,0,0
callstack/linaria,797b7aaceee9f1dac02ada312ad7e787844e148d,linaria,2.0.0-alpha.4,3.8.3,1589532323,77,0,0,0,0,0,0,0,0,0,0,0,0,0
callstack/linaria,df7cd179e190936c9113dabcb67358432832d03e,linaria,1.4.0-beta.9,3.8.3,1589532931,78,0,0,0,0,0,0,0,0,0,0,0,0,0
callstack/linaria,e62668c3775bc930edb201d17bcf70940bd3a1f8,linaria,2.0.0-alpha.5,3.8.3,1589790641,77,0,0,0,0,0,0,0,0,0,0,0,0,0
callstack/linaria,5c86af388fdb45728822050150cc9f7d399ce886,linaria,1.4.0-beta.10,3.8.3,1589790969,78,0,0,0,0,0,0,0,0,0,0,0,0,0
callstack/linaria,fe68617595e1b7d06ae3347411fb448c29f8d8d5,linaria,2.0.0-alpha.5,3.8.3,1589883238,78,0,0,0,0,0,0,0,0,0,0,0,0,0
callstack/linaria,e7a5f86c02751f47d597b3c715341a9ca8319744,linaria,2.0.0-alpha.5,3.8.3,1590495966,77,0,0,0,0,0,0,0,0,0,0,0,0,0
callstack/linaria,95b6c4728e15744b64cb2e591909447d085e3dfb,linaria,2.0.0-alpha.5,3.8.3,1590750559,77,0,0,0,0,0,0,0,0,0,0,0,0,0
callstack/linaria,a3a989d3b8664da54fb5b0cda7bc59e6f7445b81,linaria,2.0.0-alpha.5,3.8.3,1590754786,77,0,0,0,0,0,0,0,0,0,0,0,0,0
callstack/linaria,a39f798b84a73716d8999e48b174b6cf94b4b6f0,linaria,2.0.0-alpha.5,3.8.3,1590758534,77,0,0,0,0,0,0,0,0,0,0,0,0,0
callstack/linaria,a88755d24bbeef5fbb47ec99f5000d3a155e6f8b,linaria,2.0.0-alpha.5,3.8.3,1592298895,77,0,0,0,0,0,0,0,0,0,0,0,0,0
callstack/linaria,2cbad090fdbabaa06e77a23f7c2ac1c9557579ae,linaria,2.0.0-alpha.5,3.8.3,1592306261,77,0,0,0,0,0,0,0,0,0,0,0,0,0
callstack/linaria,38553fc56b10bdb73f5f5a787d49df05cae81576,linaria,2.0.0-alpha.5,3.8.3,1592306797,77,0,0,0,0,0,0,0,0,0,0,0,0,0
callstack/linaria,6a994274f409a1dd8146f60d630569f6fbde5950,linaria,2.0.0-alpha.5,3.8.3,1592307957,77,0,0,0,0,0,0,0,0,0,0,0,0,0
callstack/linaria,64485164318f862b56289174b146abcd2f7988c0,linaria,2.0.0-alpha.5,3.8.3,1592311179,77,0,0,0,0,0,0,0,0,0,0,0,0,0
callstack/linaria,6e186c9f53edf45d1802facae783a2d0b2a9492b,linaria,2.0.0-alpha.5,3.8.3,1594468568,78,0,0,0,0,0,0,0,0,0,0,0,0,0
callstack/linaria,3b296c4e045df99f2092154f92b73363761ebb07,linaria,2.0.0-alpha.5,3.8.3,1594468785,78,0,0,0,0,0,0,0,0,0,0,0,0,0
callstack/linaria,1093a6f27b4b80a98a0bf76034d93e17124b68a2,linaria,2.0.0-alpha.5,3.8.3,1594718477,78,0,0,0,0,0,0,0,0,0,0,0,0,0
callstack/linaria,f41f226705a10ccefded00f4dae4f7389e3e0344,linaria,2.0.0-alpha.5,3.8.3,1594718477,78,0,0,0,0,0,0,0,0,0,0,0,0,0
callstack/linaria,bc9691c33cd5d86e26a25cc8452960c6f4b5dd65,linaria,1.4.0-beta.10,3.8.3,1594718899,79,0,0,0,0,0,0,0,0,0,0,0,0,0
callstack/linaria,fd0077ede901c4ad365894eaa4ba986e808c2e8c,linaria,1.4.0-beta.10,3.8.3,1594718973,79,0,0,0,0,0,0,0,0,0,0,0,0,0
callstack/linaria,a0271ec6b638fcc00daaaa74f1b9a852c5a51756,linaria,2.0.0-alpha.5,3.8.3,1595845100,78,0,0,0,0,0,0,0,0,0,0,0,0,0
callstack/linaria,e60057061089f42a67793517ee1e26538103d7b9,linaria,1.4.0-beta.10,3.8.3,1595845656,79,0,0,0,0,0,0,0,0,0,0,0,0,0
callstack/linaria,994e941d6d121549af8ebf48d0c7421714edc1b3,linaria,2.0.0-alpha.5,3.8.3,1595845836,78,0,0,0,0,0,0,0,0,0,0,0,0,0
callstack/linaria,1cc498c626aa85c26b7eba23da3c905b9c3ce915,linaria,1.4.0-rc.0,3.8.3,1595847777,79,0,0,0,0,0,0,0,0,0,0,0,0,0
callstack/linaria,7855f7ed4f95200cc3a4312d5024c630bb7465d8,linaria,2.0.0-rc.0,3.8.3,1595847976,78,0,0,0,0,0,0,0,0,0,0,0,0,0
callstack/linaria,260b60ced979c2dc4396f26d245ed438e810f9d6,linaria,2.0.0-rc.0,3.8.3,1597059299,78,0,0,0,0,0,0,0,0,0,0,0,0,0
callstack/linaria,315d07ae76b8742e426d3cb7912a4cb3087dde17,linaria,2.0.0-rc.0,3.9.7,1597144632,78,0,0,0,0,0,0,0,0,0,0,0,0,0
callstack/linaria,fb6186f496df11a78286267107503543e5bde99d,linaria,1.4.0-rc.0,3.9.7,1597144881,79,0,0,0,0,0,0,0,0,0,0,0,0,0
callstack/linaria,47c8157bb2621fcb9e9a43127a3e1e5151d1e38d,linaria,2.0.0-rc.0,3.9.7,1597397059,79,0,0,0,0,0,0,0,0,0,0,0,0,0
callstack/linaria,d33fedee3a6e7312ab246489332ff1ed4066014f,linaria,1.4.0-rc.0,3.9.7,1597397296,80,0,0,0,0,0,0,0,0,0,0,0,0,0
callstack/linaria,49c8e6df1a21dee24000c5091f7548d9081b5107,linaria,2.0.0-rc.0,3.9.7,1597399157,80,0,0,0,0,0,0,0,0,0,0,0,0,0
callstack/linaria,4efebf4c687ee37a7dcb9dc459f966560669e019,linaria,1.4.0-rc.0,3.9.7,1597400888,81,0,0,0,0,0,0,0,0,0,0,0,0,0
callstack/linaria,cf4985de9b63f1019a7cbe517e9a6ce8ac475cd8,linaria,1.4.0-rc.1,3.9.7,1597416110,81,0,0,0,0,0,0,0,0,0,0,0,0,0
callstack/linaria,497aae6e4f76a2d21a7b773611d24de6c6109970,linaria,2.0.0-rc.0,3.9.7,1597831879,79,0,0,0,0,0,0,0,0,0,0,0,0,0
callstack/linaria,5b61fb64508f96a0396e54a19f85eb4199170ce6,linaria,2.0.0-rc.0,3.9.7,1597842212,79,0,0,0,0,0,0,0,0,0,0,0,0,0
callstack/linaria,294cacd21bbcec6738d64d680f72f965cc33663b,linaria,2.0.0-rc.0,3.9.7,1597842278,79,0,0,0,0,0,0,0,0,0,0,0,0,0
callstack/linaria,7f3c4504043eb35fedda1bfafab9d0e50543c65a,linaria,2.0.0-rc.0,3.9.7,1597843157,79,0,0,0,0,0,0,0,0,0,0,0,0,0
callstack/linaria,7310ff3be50941fe256ef1a7f37266192dcff3e1,linaria,2.0.0-rc.0,3.9.7,1598278677,79,0,0,0,0,0,0,0,0,0,0,0,0,0
callstack/linaria,01247353ed144dd6a76ab4e6c6b1d2c1badc92a8,linaria,2.0.0-rc.0,3.9.7,1598278792,79,0,0,0,0,0,0,0,0,0,0,0,0,0
callstack/linaria,e71012e3845cc8362b0b58cfb6e423de53f5e08e,linaria,2.0.0-rc.0,3.9.7,1598338815,80,0,0,0,0,0,0,0,0,0,0,0,0,0
callstack/linaria,db15a605c1d111f224cb7ed2c339f1a35846e764,linaria,2.0.0-rc.1,3.9.7,1598339347,80,0,0,0,0,0,0,0,0,0,0,0,0,0
callstack/linaria,91dd894d29d77fbd1bced9a94dd1a153f2078feb,linaria,1.4.0-rc.1,3.9.7,1598964059,81,0,0,0,0,0,0,0,0,0,0,0,0,0
callstack/linaria,974610787054c5b5ebb43c57cfbb1f6f447a1fa3,linaria,2.0.0-rc.1,3.9.7,1599128090,80,0,0,0,0,0,0,0,0,0,0,0,0,0
callstack/linaria,89a200cbf92ed50ee5a588b3e7e3b1b8567bc189,linaria,1.4.0-rc.1,3.9.7,1599128923,81,0,0,0,0,0,0,0,0,0,0,0,0,0
callstack/linaria,b61ea326c98e2b761fa68244e74a777789e09d84,linaria,2.0.0-rc.1,3.9.7,1599131226,80,0,0,0,0,0,0,0,0,0,0,0,0,0
callstack/linaria,457b06e656298db77254bdb62d500af1fa88a10c,linaria,1.4.0-rc.1,3.9.7,1599131295,81,0,0,0,0,0,0,0,0,0,0,0,0,0
callstack/linaria,7c322a4ddfd1e9b39707e6cdb5a7471ee774995d,linaria,2.0.0-rc.1,3.9.7,1599131917,80,0,0,0,0,0,0,0,0,0,0,0,0,0
callstack/linaria,1e4c67d3edf0fccb9abba95f0b06420309024615,linaria,1.4.0-rc.1,3.9.7,1599131947,81,0,0,0,0,0,0,0,0,0,0,0,0,0
callstack/linaria,41511496be43add7fc1dcaec9839c30bbca08a56,linaria,2.0.0-rc.1,3.9.7,1599808577,80,0,0,0,0,0,0,0,0,0,0,0,0,0
callstack/linaria,80b7337578d92fa49db9ce2aba62667027cc75b2,linaria,2.0.0-rc.1,3.9.7,1599808588,80,0,0,0,0,0,0,0,0,0,0,0,0,0
callstack/linaria,046ae7202bb532525016c084b346c8c9e5aabc2e,linaria,1.4.0-rc.1,3.9.7,1599808641,81,0,0,0,0,0,0,0,0,0,0,0,0,0
callstack/linaria,2a805837ca8830c33f3a9b73b511d77493c4e7f8,linaria,1.4.0-rc.2,3.9.7,1599808888,81,0,0,0,0,0,0,0,0,0,0,0,0,0
callstack/linaria,805a28b93bcbd563c0ab38a240b9e457f471ddcc,linaria,2.0.0-rc.2,3.9.7,1599809017,80,0,0,0,0,0,0,0,0,0,0,0,0,0
callstack/linaria,263b7b6b4a465c423bd88c2648eeb65f4fd459bf,linaria,1.4.0-rc.3,3.9.7,1599810378,81,0,0,0,0,0,0,0,0,0,0,0,0,0
callstack/linaria,e7f000123e24bd29974361223b901af4c958709c,linaria,2.0.0-rc.3,3.9.7,1599810558,80,0,0,0,0,0,0,0,0,0,0,0,0,0
callstack/linaria,83263b6b8e9f97df81e9f8ccbda9726b09c0d758,linaria,2.0.0-rc.3,3.9.7,1600505474,80,0,0,0,0,0,0,0,0,0,0,0,0,0
callstack/linaria,5c77cd148af198554c32c4dd04df67262fe72d2e,linaria,2.0.0-rc.3,3.9.7,1600505724,80,0,0,0,0,0,0,0,0,0,0,0,0,0
callstack/linaria,cb5c816d0fe805006570913c8b2a368ecb6ceb35,linaria,2.0.0-rc.3,3.9.7,1600506293,80,0,0,0,0,0,0,0,0,0,0,0,0,0
callstack/linaria,b2435b0b9292ac90c754ad810cd0c325e94e29e8,linaria-website,0.0.0,,1600506399,243,0,0,0,0,0,0,0,0,0,0,0,0,0
callstack/linaria,e354d885ff2cd298a7c72095f5553f481435c69c,linaria-website,0.0.0,,1600507123,243,0,0,0,0,0,0,0,0,0,0,0,0,0
callstack/linaria,7fbeb6b7213dbdc1e306266f1f6ee409ffcd313d,linaria-website,0.0.0,,1600507469,243,0,0,0,0,0,0,0,0,0,0,0,0,0
callstack/linaria,f1cd66d0b68e8abb5e855819a6fb14019debdf06,linaria,2.0.0-rc.3,3.9.7,1600508574,80,0,0,0,0,0,0,0,0,0,0,0,0,0
callstack/linaria,fa976b13e357887530cb5f7c471f80ef45e2fdc3,linaria-website,0.0.0,,1600508730,243,0,0,0,0,0,0,0,0,0,0,0,0,0
callstack/linaria,9be6905f8e8fd86be9c6447a6ff95a2335a47246,linaria,1.4.0-rc.3,3.9.7,1603703305,81,0,0,0,0,0,0,0,0,0,0,0,0,0
callstack/linaria,6e1f80994808fb5bb840c560a56f7b9f2d07b72b,linaria,2.0.0-rc.3,3.9.7,1603703781,80,0,0,0,0,0,0,0,0,0,0,0,0,0
callstack/linaria,fe58cd369081a467203b10d15f19a7323f0b2207,linaria-website,0.0.0,,1603703879,243,0,0,0,0,0,0,0,0,0,0,0,0,0
callstack/linaria,ac11f524580c60f2b1354943a05dc16d4dd97570,linaria,1.4.0,3.9.7,1603711793,81,0,0,0,0,0,0,0,0,0,0,0,0,0
callstack/linaria,6f8c60f89702f28c46df53a2c8d2cd0281a673d4,linaria,2.0.0,3.9.7,1603711916,80,0,0,0,0,0,0,0,0,0,0,0,0,0
callstack/linaria,c2ac015966f0e371cd4c56230b06011a7af955fb,linaria-website,0.0.0,,1603712070,243,0,0,0,0,0,0,0,0,0,0,0,0,0
callstack/linaria,781bb602c58070ea7efaac196256b792f94caabd,linaria,2.0.0,3.9.7,1604050233,80,0,0,0,0,0,0,0,0,0,0,0,0,0
callstack/linaria,92d1c268eddb8b437eb9b17915d2103afdf1866f,linaria-website,0.0.0,,1604050334,243,0,0,0,0,0,0,0,0,0,0,0,0,0
callstack/linaria,d0430f3b3d670d3f837b108c2864539734497360,,,3.9.7,1604751160,87,0,0,0,0,0,0,0,0,0,0,0,0,0
callstack/linaria,08be43a3cb04218c5874bb2d9b779875adb9eb04,linaria,2.0.0,3.9.7,1604752028,80,0,0,0,0,0,0,0,0,0,0,0,0,0
callstack/linaria,3cd77296245b035f381cc8d14a09bef401c8c10e,linaria,2.0.0,3.9.7,1604769405,80,0,0,0,0,0,0,0,0,0,0,0,0,0
callstack/linaria,dbcb83a4d2a2b1c84a361dd20a3c7268371ae633,linaria,1.4.0,3.9.7,1604769456,81,0,0,0,0,0,0,0,0,0,0,0,0,0
callstack/linaria,cbd6ff12288a83972c3aebe196eecbfbcc043c69,linaria,1.4.1,3.9.7,1604770147,81,0,0,0,0,0,0,0,0,0,0,0,0,0
callstack/linaria,88d484ff404de74f5a107988d17ee706fd6c7f3b,linaria,2.0.1,3.9.7,1604770376,80,0,0,0,0,0,0,0,0,0,0,0,0,0
callstack/linaria,b1afc219d2fe64599c426c7ecdfe7285faad5841,,,3.9.7,1604772223,87,0,0,0,0,0,0,0,0,0,0,0,0,0
callstack/linaria,f4f1bddb5b5704251a3851294636138b25086899,linaria-website,0.0.0,,1604772481,7,0,0,0,0,0,0,0,0,0,0,0,0,0
callstack/linaria,113f233dc9de7005d03d312710c109faa2d2c85a,,,3.9.7,1604835615,87,0,0,0,0,0,0,0,0,0,0,0,0,0
callstack/linaria,9b1ad97ceff8b8311e28a032f78c345acb80c3b0,linaria,2.0.1,3.9.7,1605452751,80,0,0,0,0,0,0,0,0,0,0,0,0,0
callstack/linaria,c5f86ecad56479a316939437a47d72a5dbd9b160,linaria,2.0.2,3.9.7,1605452833,80,0,0,0,0,0,0,0,0,0,0,0,0,0
callstack/linaria,81d6cc658d81bc3f7e3554d127ac8ba43302c558,,,3.9.7,1606123645,87,0,0,0,0,0,0,0,0,0,0,0,0,0
callstack/linaria,325ce2f366061a9f2f39e5be4bdbe5c65a5ea0b2,linaria-website,3.0.0-beta.0,,1606123857,7,0,0,0,0,0,0,0,0,0,0,0,0,0
callstack/linaria,036fe534a906f3278243b8d092e427385cef19e6,,,3.9.7,1606124608,87,0,0,0,0,0,0,0,0,0,0,0,0,0
callstack/linaria,7ac4f6dff1daf4f1b03d67923b11660190eec749,,,3.9.7,1606125691,87,0,0,0,0,0,0,0,0,0,0,0,0,0
callstack/linaria,f386ba691ae74c82192c8324e39ed189756105fa,,,3.9.7,1606126532,89,0,0,0,0,0,0,0,0,0,0,0,0,0
callstack/linaria,a4258f9ad59cf909825a71dfd2b7473a9b5d61cf,,,3.9.7,1606140679,89,0,0,0,0,0,0,0,0,0,0,0,0,0
callstack/linaria,d1b70ccd05f1a2ef08156f45236db239041c7dfd,,,3.9.7,1607427333,89,0,0,0,0,0,0,0,0,0,0,0,0,0
callstack/linaria,17ee220c4fe2e19c5bcd5ad585f6bcf1fbe15bc1,,,3.9.7,1607428939,90,0,0,0,0,0,0,0,0,0,0,0,0,0
callstack/linaria,3ddf4ace0dfc0195750edf36d72d907ff84b21f4,,,3.9.7,1607428963,90,0,0,0,0,0,0,0,0,0,0,0,0,0
callstack/linaria,02225b6f0e597a52b7534b85056a33b60b2e9064,,,3.9.7,1607428986,90,0,0,0,0,0,0,0,0,0,0,0,0,0
callstack/linaria,d510705e7967d687f11047197cc2ff63a77203c4,,,3.9.7,1607429009,90,0,0,0,0,0,0,0,0,0,0,0,0,0
callstack/linaria,916275c2baeb2d7f73e54b272210bfea314feb61,,,3.9.7,1607429037,90,0,0,0,0,0,0,0,0,0,0,0,0,0
callstack/linaria,7b184da49b22316341ea5c8f558b047e0abbcbd6,,,3.9.7,1607429852,90,0,0,0,0,0,0,0,0,0,0,0,0,0
callstack/linaria,72482f23a8ffbc6a508ead3da7f22c6fa14cb42f,linaria-website,3.0.0-beta.0,,1607430067,7,0,0,0,0,0,0,0,0,0,0,0,0,0
callstack/linaria,4ee73ae362ca775999bf71c93279db5268108d13,,,3.9.7,1607432942,90,0,0,0,0,0,0,0,0,0,0,0,0,0
callstack/linaria,66c4cc4edb3d161c0d607a2750d460c410c1d286,linaria-website,3.0.0-beta.1,,1607433212,7,0,0,0,0,0,0,0,0,0,0,0,0,0
callstack/linaria,134ed0b5118492b4d6c7dddc2e523ea6ed0c33d3,linaria,2.0.2,3.9.7,1607522505,80,0,0,0,0,0,0,0,0,0,0,0,0,0
callstack/linaria,34ca3e5f211b65c14c2bf4efabb7065f7109da23,,,3.9.7,1610445451,90,0,0,0,0,0,0,0,0,0,0,0,0,0
callstack/linaria,c606b3f9340f498e104905a954393df6fd48cb73,,,3.9.7,1612101663,90,0,0,0,0,0,0,0,0,0,0,0,0,0
callstack/linaria,7009cc3208e4e912b107111cd5b50f8212dd446b,,,3.9.7,1613418109,90,0,0,0,0,0,0,0,0,0,0,0,0,0
callstack/linaria,81e634313bf5f66404f759f2e192a7c648ef6f9a,,,3.9.7,1613735905,90,0,0,0,0,0,0,0,0,0,0,0,0,0
callstack/linaria,f049a119ef70346340676ab6a397ad6358e5f39b,,,3.9.7,1614595464,90,0,0,0,0,0,0,0,0,0,0,0,0,0
callstack/linaria,03b0e385863c99d63fa734a24ff90c9075676040,linaria,2.0.2,3.9.7,1614769815,80,0,0,0,0,0,0,0,0,0,0,0,0,0
callstack/linaria,4662afb8703c9803ecc1bda713c4314684e6de4b,linaria,2.1.0,3.9.7,1614770272,80,0,0,0,0,0,0,0,0,0,0,0,0,0
callstack/linaria,07fb38131c9dec406dcca72f45638561c815e824,,,3.9.7,1616226385,90,0,0,0,0,0,0,0,0,0,0,0,0,0
callstack/linaria,03631ce932be7f74b3df5234eb6fa086ce83d334,,,3.9.7,1616483366,90,0,0,0,0,0,0,0,0,0,0,0,0,0
callstack/linaria,75f5d8d4712593641d7976618e7f3bbc30e48067,,,3.9.7,1618141357,90,0,0,0,0,0,0,0,0,0,0,0,0,0
callstack/linaria,de23a0926c2583db01e7df5ea9a134f5910f96a1,,,3.9.7,1618143597,91,0,0,0,0,0,0,0,0,0,0,0,0,0
callstack/linaria,ef51c99b0d815d8fad29150d2365f238b358de76,,,3.9.7,1618145479,91,0,0,0,0,0,0,0,0,0,0,0,0,0
callstack/linaria,bf00e8ffd469e0d6d3ccb3fbfbd98c361f1163fd,,,3.9.7,1618146040,91,0,0,0,0,0,0,0,0,0,0,0,0,0
callstack/linaria,37c459ce01662a9b3df606e00db519f1db8c0665,,,3.9.7,1618146172,91,0,0,0,0,0,0,0,0,0,0,0,0,0
callstack/linaria,147ce92bcddfa080bb8e5d76834cc9852f91b2ff,linaria-website,3.0.0-beta.2,,1618146423,7,0,0,0,0,0,0,0,0,0,0,0,0,0
callstack/linaria,922df9576a430cdfe9b27aed5dc45c4f75917607,,,3.9.7,1618477143,91,0,0,0,0,0,0,0,0,0,0,0,0,0
callstack/linaria,071815de1a01e78ce29b3087649efbc6633e7252,,,3.9.7,1618818183,91,0,0,0,0,0,0,0,0,0,0,0,0,0
callstack/linaria,b34d4710c6b145b655b21590a8abaf839ae70e1b,linaria-website,3.0.0-beta.2,,1618818406,7,0,0,0,0,0,0,0,0,0,0,0,0,0
callstack/linaria,3c56c067edf4d1a3563b121e476b3400e5e5e720,,,3.9.7,1618921089,91,0,0,0,0,0,0,0,0,0,0,0,0,0
callstack/linaria,2a4d741c0086f7a2a2c76026548c07dec8d073bb,linaria-website,3.0.0-beta.3,,1618921362,7,0,0,0,0,0,0,0,0,0,0,0,0,0
callstack/linaria,fd7a09b4d4c7265e631b1d9c153362c87ed4132c,,,3.9.7,1619267854,91,0,0,0,0,0,0,0,0,0,0,0,0,0
callstack/linaria,524c4cf2360d63763efb7770bfce764dab204b30,,,3.9.7,1619268737,91,0,0,0,0,0,0,0,0,0,0,0,0,0
callstack/linaria,b4d2c439630d316b5ed5a84dd2a31d0b71c22f1f,,,3.9.7,1620372867,91,0,0,0,0,0,0,0,0,0,0,0,0,0
callstack/linaria,20e1ba5f60d06b2399bd54d723be91364b8acea3,,,3.9.7,1620373173,91,0,0,0,0,0,0,0,0,0,0,0,0,0
callstack/linaria,f354000e5c839efac29b4fe22cb4df24f7e2c010,linaria-website,3.0.0-beta.4,,1620373407,7,0,0,0,0,0,0,0,0,0,0,0,0,0
callstack/linaria,6907e2280a2ab8ee014b5d02b1169714ccac9d66,,,3.9.7,1622448412,92,0,0,0,0,0,0,0,0,0,0,0,0,0
callstack/linaria,b6df746490d681594198df3d3c1d096082d34466,,,3.9.7,1622476768,92,0,0,0,0,0,0,0,0,0,0,0,0,0
callstack/linaria,e8ba5dae53ddd4fa2f139d971b5c670d4c0a1b96,linaria-website,3.0.0-beta.5,,1622477039,7,0,0,0,0,0,0,0,0,0,0,0,0,0
callstack/linaria,511a7178fd9c77fb971d392067b0f7ea8fcd30a4,,,3.9.7,1622973782,93,0,0,0,0,0,0,0,0,0,0,0,0,0
callstack/linaria,5d5570431e00eb5e76aa2d49be732a4288525cb1,,,3.9.7,1622976207,93,0,0,0,0,0,0,0,0,0,0,0,0,0
callstack/linaria,1818cb26872d434f870e8fab27dec16ad56cf312,,,3.9.7,1622976332,93,0,0,0,0,0,0,0,0,0,0,0,0,0
callstack/linaria,d3b737e221e3568e8503739905049d732c2d8150,,,3.9.7,1622976415,93,0,0,0,0,0,0,0,0,0,0,0,0,0
callstack/linaria,052bef613e63221e2c0c4a16796701e64b384676,linaria-website,3.0.0-beta.5,,1622976428,7,0,0,0,0,0,0,0,0,0,0,0,0,0
callstack/linaria,083ce0f771045af9cddd1dfccaac34956e2d8669,,,3.9.7,1622976432,93,0,0,0,0,0,0,0,0,0,0,0,0,0
callstack/linaria,8a0be4e468126bf3c53895ace59d0ef43d35e910,,,3.9.7,1622976451,93,0,0,0,0,0,0,0,0,0,0,0,0,0
callstack/linaria,d8151d73168d87a13ccea93a0090d95166b7c328,,,3.9.7,1622976466,93,0,0,0,0,0,0,0,0,0,0,0,0,0
callstack/linaria,ecb2ff3fd601d891e8b9ec333cfc52c3c7370e17,,,3.9.7,1622976479,93,0,0,0,0,0,0,0,0,0,0,0,0,0
callstack/linaria,183ca4eb653b7bc6c964e36d81bfcbbadc83940a,,,3.9.7,1622976491,93,0,0,0,0,0,0,0,0,0,0,0,0,0
callstack/linaria,261503f70827a74f0d290c012b6cb6dd8a138061,linaria-website,3.0.0-beta.5,,1622976528,7,0,0,0,0,0,0,0,0,0,0,0,0,0
callstack/linaria,638cc7ba9feeca38df973c9c9161a06f38fb0d6c,linaria-website,3.0.0-beta.5,,1622976608,7,0,0,0,0,0,0,0,0,0,0,0,0,0
callstack/linaria,1aea161e7917d96588dd137ba1364ece0caf9ab5,linaria-website,3.0.0-beta.5,,1622976616,7,0,0,0,0,0,0,0,0,0,0,0,0,0
callstack/linaria,dbf3daafa8cd7d086c1d9c5a958ed8539235d950,linaria-website,3.0.0-beta.5,,1622976648,7,0,0,0,0,0,0,0,0,0,0,0,0,0
callstack/linaria,ef9c6a6bf1fb7533585a3c90e574d486a8b08d6e,linaria-website,3.0.0-beta.5,,1622976678,7,0,0,0,0,0,0,0,0,0,0,0,0,0
callstack/linaria,a911b4090a1e381adc1f8348d8f246b46ea496cb,linaria-website,3.0.0-beta.5,,1622976683,7,0,0,0,0,0,0,0,0,0,0,0,0,0
callstack/linaria,3966dcf03919430a7054ee7d6cf54aeaa715413c,,,3.9.7,1622978027,93,0,0,0,0,0,0,0,0,0,0,0,0,0
callstack/linaria,67fcd8108f283f8ade23c68ad3fece8aee335bf1,,,3.9.7,1622978771,93,0,0,0,0,0,0,0,0,0,0,0,0,0
callstack/linaria,6f21c84c0591940693160c29f96b8df4bb7a0ef1,,,3.9.7,1622978832,93,0,0,0,0,0,0,0,0,0,0,0,0,0
callstack/linaria,0a5f5b440506bfa24724d4a91e519c48d6f6c69b,,,3.9.7,1622981457,93,0,0,0,0,0,0,0,0,0,0,0,0,0
callstack/linaria,e18146506f58e7acd860ba1ea4277fef6d299c0a,,,3.9.7,1622983774,93,0,0,0,0,0,0,0,0,0,0,0,0,0
callstack/linaria,790672c32755b1bcc531a328db5f28a39a458df2,linaria-website,3.0.0-beta.6,,1622984054,7,0,0,0,0,0,0,0,0,0,0,0,0,0
callstack/linaria,e23a992cbd444ddd9f412791b30947264d305fc7,,,3.9.7,1622984229,93,0,0,0,0,0,0,0,0,0,0,0,0,0
callstack/linaria,321777e87744f0905370b446e1e3a9930f02d70f,,,3.9.7,1622985141,93,0,0,0,0,0,0,0,0,0,0,0,0,0
callstack/linaria,e04a42d4c8878939afdd47b121c40c16e8a59185,,,3.9.7,1623789723,93,0,0,0,0,0,0,0,0,0,0,0,0,0
callstack/linaria,841aaa4be4f3c5d1f7905e1f2227b6f8ebb092e3,,,3.9.7,1623812474,93,0,0,0,0,0,0,0,0,0,0,0,0,0
callstack/linaria,7e7df5303e3e7081bd9a30725f6951f8b5e47c4b,linaria-website,3.0.0-beta.6,,1623812639,7,0,0,0,0,0,0,0,0,0,0,0,0,0
callstack/linaria,a22522b0c91eefa12a10f67caf27ecb2954d8d1d,,,3.9.7,1624362384,93,0,0,0,0,0,0,0,0,0,0,0,0,0
callstack/linaria,ac47f43d7d2f692ef57b12573fdacdde72c25e19,,,3.9.7,1624537115,93,0,0,0,0,0,0,0,0,0,0,0,0,0
callstack/linaria,64b2b06edd873d7db0f36ef25a4b9d8389808eb2,,,3.9.7,1624537501,93,0,0,0,0,0,0,0,0,0,0,0,0,0
callstack/linaria,86486e631d1bfc0fde199be6165159ee9af8a41d,linaria,,3.9.7,1624537620,93,0,0,0,0,0,0,0,0,0,0,0,0,0
callstack/linaria,2818d36545ed81893d87a23a9f3495f7b4fd77db,linaria-website,3.0.0-beta.6,,1624537826,0,0,0,0,0,0,0,0,0,0,0,0,0,0
callstack/linaria,e3740727447b2867a2cfe40f763bc88e72eb2503,linaria,,3.9.7,1624547477,93,0,0,0,0,0,0,0,0,0,0,0,0,0
callstack/linaria,d4812e9a67841379a6553effbacbc0e387a616af,linaria,,3.9.7,1624547562,93,0,0,0,0,0,0,0,0,0,0,0,0,0
callstack/linaria,d3f84c221a18b767ace4cdc7bd5c879a62dc8d62,linaria-website,3.0.0-beta.7,,1624547818,0,0,0,0,0,0,0,0,0,0,0,0,0,0
callstack/linaria,62393981a2646dece5eca8fa2d681014095afa30,linaria,,3.9.7,1624626105,93,0,0,0,0,0,0,0,0,0,0,0,0,0
callstack/linaria,e92bcd93ed51b847cab0c9e3fa7c578328c1ddaf,linaria,,3.9.7,1624651562,93,0,0,0,0,0,0,0,0,0,0,0,0,0
callstack/linaria,45e5de06cef880a3b3524e2fed5cec313903cc43,linaria,,3.9.7,1625989264,93,0,0,0,0,0,0,0,0,0,0,0,0,0
callstack/linaria,43cd59f2648ea53b821094d0219187ad7437c3f8,linaria,,3.9.7,1626639429,93,0,0,0,0,0,0,0,0,0,0,0,0,0
callstack/linaria,3421930b26608b41a02f8b776562655d755a23b4,linaria,,3.9.7,1626640683,93,0,0,0,0,0,0,0,0,0,0,0,0,0
callstack/linaria,31ccf0ef7aa85d9b109e06f918a96281edd4099d,linaria,,3.9.7,1626640891,93,0,0,0,0,0,0,0,0,0,0,0,0,0
callstack/linaria,0d6002ccba77bf50dd2de7527c208cdd738799c8,linaria,,3.9.7,1626966347,93,0,0,0,0,0,0,0,0,0,0,0,0,0
callstack/linaria,4bb77444a604581877a64d6f88dfac0bc04583f0,linaria,,3.9.7,1626967951,93,0,0,0,0,0,0,0,0,0,0,0,0,0
callstack/linaria,d7302c825b3d313352c73ae850771c681aee15d4,linaria,,3.9.7,1626969629,93,0,0,0,0,0,0,0,0,0,0,0,0,0
callstack/linaria,c0456c61253bbb771b92ccd1a0f3a67cc43f8ff0,linaria,,3.9.7,1626969753,93,0,0,0,0,0,0,0,0,0,0,0,0,0
callstack/linaria,d663aa198cecb655a5a8989929e07edc2c815125,linaria-website,3.0.0-beta.7,,1626969810,0,0,0,0,0,0,0,0,0,0,0,0,0,0
callstack/linaria,b06c1ba5f44ae7af23cf7793c13a2acfee1bf706,linaria,,3.9.7,1627046497,93,0,0,0,0,0,0,0,0,0,0,0,0,0
callstack/linaria,60f8fc31b6f67f26a42fab17dda163f17ee9c0ad,linaria,,3.9.7,1627046644,93,0,0,0,0,0,0,0,0,0,0,0,0,0
callstack/linaria,b79584c292aaa50eb2a420b73434341419b01ff9,linaria,,3.9.7,1627130618,93,0,0,0,0,0,0,0,0,0,0,0,0,0
callstack/linaria,ff1268faf92408caf80ca272f5f87c306f75df79,linaria,,3.9.7,1627152604,93,0,0,0,0,0,0,0,0,0,0,0,0,0
callstack/linaria,7e06977024039ad44f2c448381d786b25f920fca,linaria,,3.9.7,1628424229,93,0,0,0,0,0,0,0,0,0,0,0,0,0
callstack/linaria,6c3070a47715022eb761567b8795f6918784ae4c,linaria,,3.9.7,1628424806,93,0,0,0,0,0,0,0,0,0,0,0,0,0
callstack/linaria,e42eb90dd0ce82964193f65e7252436384a05290,linaria,,3.9.7,1628431539,93,0,0,0,0,0,0,0,0,0,0,0,0,0
callstack/linaria,8adf43ec56b107c8017608ccc460d0ba8794c8ef,linaria,,3.9.7,1628432176,93,0,0,0,0,0,0,0,0,0,0,0,0,0
callstack/linaria,26cc3d4ba5d6b6c9f4d3d743127810569d818d6b,linaria,,3.9.7,1628432469,93,0,0,0,0,0,0,0,0,0,0,0,0,0
callstack/linaria,15bf94a7065ca8f3f4a3c70d5c4314291bdbf827,linaria-website,3.0.0-beta.11,,1628432782,0,0,0,0,0,0,0,0,0,0,0,0,0,0
callstack/linaria,2a55b0399d49d6aee2a436084aea5423675c1722,linaria,,3.9.7,1628922633,93,0,0,0,0,0,0,0,0,0,0,0,0,0
callstack/linaria,24638819ee06f5ccf7139ff49ecbc36f893468fb,linaria,,3.9.7,1630316059,93,0,0,0,0,0,0,0,0,0,0,0,0,0
callstack/linaria,c1fdb7c62b407c20b154ea721dc37919258f7ff5,linaria,,3.9.7,1630317585,94,0,0,0,0,0,0,0,0,0,0,0,0,0
callstack/linaria,5aac3eb86ec10e1a6ae60097482155fe44498c28,linaria,,3.9.7,1630422057,97,0,0,0,0,0,0,0,0,0,0,0,0,0
callstack/linaria,6a062e1f9cfcccae1448414fdb3fa35f11097468,linaria,,3.9.7,1630422216,97,0,0,0,0,0,0,0,0,0,0,0,0,0
callstack/linaria,800044607d701177bef9994ff380b3534a01b99d,linaria-website,3.0.0-beta.12,,1630422507,0,0,0,0,0,0,0,0,0,0,0,0,0,0
callstack/linaria,eed92b19e3b779b656fb780307bbab8a08d14ba2,linaria,,3.9.7,1630443382,97,0,0,0,0,0,0,0,0,0,0,0,0,0
callstack/linaria,a0590e5183b3ad3a93fd7adce61504fd85b4bcb1,linaria,,3.9.7,1630585276,97,0,0,0,0,0,0,0,0,0,0,0,0,0
callstack/linaria,639fccae7f814eaa2714354aaa516a85cc8c4ebf,linaria,,3.9.7,1630651577,97,0,0,0,0,0,0,0,0,0,0,0,0,0
callstack/linaria,bbf35a7c526576f27a8dff7d2f76aa3aa8de5233,linaria,,3.9.7,1630651612,97,0,0,0,0,0,0,0,0,0,0,0,0,0
callstack/linaria,75b43bba01b8ece56afc6dfcdc868d3ac3da1448,linaria-website,3.0.0-beta.12,,1630651820,0,0,0,0,0,0,0,0,0,0,0,0,0,0
callstack/linaria,ca5232ad389ae01937cafd0c360401507ddbcda2,linaria,,3.9.7,1630653462,97,0,0,0,0,0,0,0,0,0,0,0,0,0
callstack/linaria,7eb9d94dc2d9d79f7be0159c43fa5d71c96d7182,linaria,,3.9.7,1631453229,97,0,0,0,0,0,0,0,0,0,0,0,0,0
callstack/linaria,ec8ee684b6e90ead46295733ccd8cfefe4eaa04d,linaria,,3.9.7,1631453400,97,0,0,0,0,0,0,0,0,0,0,0,0,0
callstack/linaria,c49df269ebbbc956d43720b007a92f9f865662c5,linaria,,3.9.7,1631520168,97,0,0,0,0,0,0,0,0,0,0,0,0,0
callstack/linaria,f9636842e26f2b303d5d3751f3a26c8d5aea1492,linaria-website,3.0.0-beta.13,,1631520460,0,0,0,0,0,0,0,0,0,0,0,0,0,0
callstack/linaria,d0f9c78a33291c745dd9fb4c5bd980f9708d13ef,linaria,2.1.0,3.9.7,1632318599,80,0,0,0,0,0,0,0,0,0,0,0,0,0
callstack/linaria,383886ec2640d4cb8f1641e8c225ad1e70b6ef7d,linaria,,3.9.7,1632739981,97,0,0,0,0,0,0,0,0,0,0,0,0,0
callstack/linaria,8f1d7cbadb2665fd734bcda42fd1caa6042659f4,linaria,,3.9.7,1633685765,97,0,0,0,0,0,0,0,0,0,0,0,0,0
callstack/linaria,0a1430939bb993b785fa8e1bc030abe6ba41fa5e,linaria,,3.9.7,1633688185,97,0,0,0,0,0,0,0,0,0,0,0,0,0
callstack/linaria,acdbdfe5be46eee238f83eb41aeb2291b5d9e034,linaria,,3.9.7,1636113761,97,0,0,0,0,0,0,0,0,0,0,0,0,0
callstack/linaria,922496ab3ef96bf394384ae07af0dc9c3591cc8b,linaria,,3.9.7,1636113952,97,0,0,0,0,0,0,0,0,0,0,0,0,0
callstack/linaria,d69e4414c3d86f2422ae937b34fefe2cb1619421,linaria,,3.9.7,1636114144,97,0,0,0,0,0,0,0,0,0,0,0,0,0
callstack/linaria,d90c3e5ee08d3170f2874b6c6b726f2240a80fe6,linaria,,3.9.7,1636114167,97,0,0,0,0,0,0,0,0,0,0,0,0,0
callstack/linaria,1c74881b794d3de24c9d13b7323d812c714e2b8e,linaria,,3.9.7,1636114247,97,0,0,0,0,0,0,0,0,0,0,0,0,0
callstack/linaria,3fdfb7ab80ce1ee3314dd2fbeb9a46d2e71a5681,linaria-website,3.0.0-beta.13,,1636114382,0,0,0,0,0,0,0,0,0,0,0,0,0,0
callstack/linaria,8904e72aa185622511779495a3ab4931aa9bac6a,linaria,2.1.1,3.9.7,1636117243,80,0,0,0,0,0,0,0,0,0,0,0,0,0
callstack/linaria,da94704df8ca74d94fe57682e2557274cf2d4cb0,linaria,,3.9.7,1636132692,97,0,0,0,0,0,0,0,0,0,0,0,0,0
callstack/linaria,62009e9184638fd8761f187c99e7ea434f364bee,linaria,,3.9.7,1636132943,97,0,0,0,0,0,0,0,0,0,0,0,0,0
callstack/linaria,c0c48c589e959087cc206f701f0ca4d42057a5ca,linaria,,3.9.7,1636133329,97,0,0,0,0,0,0,0,0,0,0,0,0,0
callstack/linaria,84b0f419ea55d4a88e52f58e17e53646d5569215,linaria-website,3.0.0-beta.14,,1636133638,0,0,0,0,0,0,0,0,0,0,0,0,0,0
callstack/linaria,14d9edd3de5472af2fb7d7f12b22779fb59b2324,linaria,,3.9.7,1638097502,97,0,0,0,0,0,0,0,0,0,0,0,0,0
callstack/linaria,ad84d6dea9c753c873090b54f5c8583ac4086033,linaria,,3.9.7,1638104155,97,0,0,0,0,0,0,0,0,0,0,0,0,0
callstack/linaria,4790c89305f307bbca59b4a981264606add5f6a2,linaria,,3.9.7,1638176990,97,0,0,0,0,0,0,0,0,0,0,0,0,0
callstack/linaria,7f9f24f25018e45081efd2da98e70ebed0564da6,linaria,,3.9.7,1638177387,97,0,0,0,0,0,0,0,0,0,0,0,0,0
callstack/linaria,e18dafc666db83387df7be554e2d6085934d0b3f,linaria,,3.9.7,1638187320,97,0,0,0,0,0,0,0,0,0,0,0,0,0
callstack/linaria,73f8d8736a73e986f4600c62a443539c6e002791,linaria,,3.9.7,1638187345,97,0,0,0,0,0,0,0,0,0,0,0,0,0
callstack/linaria,002428a4b1d19896f9c03021fbcc3ffd8d1f8511,linaria,,3.9.7,1638187361,97,0,0,0,0,0,0,0,0,0,0,0,0,0
callstack/linaria,091cf530ee0219a8432bbfb5682e11eed9b01caf,linaria,,3.9.7,1638187383,97,0,0,0,0,0,0,0,0,0,0,0,0,0
callstack/linaria,e637ecb8946a8119cfbd039bfb65d42206e09c4e,linaria,,3.9.7,1638191366,97,0,0,0,0,0,0,0,0,0,0,0,0,0
callstack/linaria,4773bcf4b14f08cdc4d2b612654b962cdfc97eaa,linaria,,3.9.7,1638197498,102,0,0,0,0,0,0,0,0,0,0,0,0,0
callstack/linaria,3f07236d026b3ab87b0fa4f825eabc20b0300eb8,linaria-website,3.0.0-beta.14,,1638197718,0,0,0,0,0,0,0,0,0,0,0,0,0,0
callstack/linaria,079379ec7adf713c830da345955b6e5d8c968d6b,linaria,,3.9.7,1638199316,102,0,0,0,0,0,0,0,0,0,0,0,0,0
callstack/linaria,a8ada3794c6e13231f70711d92b516d57677a5b1,linaria,,3.9.7,1638199499,102,0,0,0,0,0,0,0,0,0,0,0,0,0
callstack/linaria,106bcaedc861a68ca49897ef622f91ed81cdfc87,linaria-website,3.0.0-beta.15,,1638199851,0,0,0,0,0,0,0,0,0,0,0,0,0,0
callstack/linaria,5517cf79c1a5dbf7c10d17be01cf4ac4470116f9,linaria,,3.9.7,1638353937,104,0,0,0,0,0,0,0,0,0,0,0,0,0
callstack/linaria,bc3cc2682b6f9e49c04634460672f0a8e592226c,linaria,,3.9.7,1638354094,104,0,0,0,0,0,0,0,0,0,0,0,0,0
callstack/linaria,99d44831c0cb552f22af53d641b78e234e3bc918,linaria-website,3.0.0-beta.16,,1638354421,0,0,0,0,0,0,0,0,0,0,0,0,0,0
callstack/linaria,a281440271cb29d4d2e2b0cb3b2fee26f1e4bc69,linaria,2.1.1,3.9.7,1638361281,81,0,0,0,0,0,0,0,0,0,0,0,0,0
callstack/linaria,03312a7e7cbb41a8022ea987a5020cbb08a51044,linaria,2.2.0,3.9.7,1638361732,81,0,0,0,0,0,0,0,0,0,0,0,0,0
callstack/linaria,ad4a36857faceec19fa083b28d43af01d5f48f11,linaria,,3.9.7,1639043947,105,0,0,0,0,0,0,0,0,0,0,0,0,0
callstack/linaria,2f4a8ac48f08a6e3e7ed2470c27ddfadd6fc1132,linaria-website,3.0.0-beta.16,,1639044146,1,0,0,0,0,0,0,0,0,0,0,0,0,0
callstack/linaria,3d6b6c5d49d1740ec9b12e410bda33ccb8c7f459,linaria,,3.9.7,1639585063,105,0,0,0,0,0,0,0,0,0,0,0,0,0
callstack/linaria,1e39317ac325ddd4995c7201c66b39b18e04d070,linaria,2.2.0,3.9.7,1639735288,82,0,0,0,0,0,0,0,0,0,0,0,0,0
callstack/linaria,6050a3b9250803f82acce419a7fc4e17bd23327e,linaria,2.3.0,3.9.7,1639764817,82,0,0,0,0,0,0,0,0,0,0,0,0,0
callstack/linaria,ee656ddff76b17644f42cdba463778ade3dc9567,linaria,,3.9.7,1640002837,107,0,0,0,0,0,0,0,0,0,0,0,0,0
callstack/linaria,c1fa32d1f4686b552a060ce81fc424813220cf53,linaria,2.3.0,3.9.7,1640002881,82,0,0,0,0,0,0,0,0,0,0,0,0,0
callstack/linaria,7b8b12937f9a0d1730d908e7cebad1684ccb03c3,linaria,,4.2.3,1640002908,107,0,0,0,0,0,0,0,0,0,0,0,0,0
callstack/linaria,dc15c4cc1072bf5b61f7fbdcf7c5f2fc0514e557,linaria,,4.2.3,1640606516,107,0,0,0,0,0,0,0,0,0,0,0,0,0
callstack/linaria,5084f5e4421d3ea60659e767410526875c50f7ba,linaria,,4.2.3,1640606686,107,0,0,0,0,0,0,0,0,0,0,0,0,0
callstack/linaria,69d04ff1846d4f08cb9630c63020c40f4eb4fd99,linaria-website,3.0.0-beta.16,,1640606861,1,0,0,0,0,0,0,0,0,0,0,0,0,0
callstack/linaria,acb478a51c645c36d9f32da905494fe5d36fb7d3,linaria-website,3.0.0-beta.17,,1640607020,1,0,0,0,0,0,0,0,0,0,0,0,0,0
callstack/linaria,0f009656961ba9aa6c1cc9bc78911d5bf579074e,linaria,2.3.1,3.9.7,1640607138,82,0,0,0,0,0,0,0,0,0,0,0,0,0
callstack/linaria,c92fbdbbe89227341333f4de59c99454918a635e,linaria,,4.2.3,1641808971,107,0,0,0,0,0,0,0,0,0,0,0,0,0
callstack/linaria,d6fcf9460cfef1111ac5bb4d38cb7bb3e51d79e1,linaria-website,3.0.0-beta.17,,1641809365,875,0,0,0,0,0,0,0,0,0,1,0,1,1
callstack/linaria,57b13ffe878d794ff8e3c38f944983432e754e27,linaria,,4.2.3,1642766577,107,0,0,0,0,0,0,0,0,0,0,0,0,0
callstack/linaria,e5f318994f680a1dd67aa7424c6abe0b15fe1f03,linaria-website,3.0.0-beta.17,,1642766899,875,0,0,0,0,0,0,0,0,0,1,0,1,1
callstack/linaria,1a9c7d0c6559fba3c739f1b37bb1bad0882321c9,linaria,,4.2.3,1644166403,107,0,0,0,0,0,0,0,0,0,0,0,0,0
callstack/linaria,4be38ca15dec17f02d1af52e603681561a44ab0a,linaria,,4.2.3,1644166520,107,0,0,0,0,0,0,0,0,0,0,0,0,0
callstack/linaria,76152997d8eb0f5d83c2e71f626a89c0b7b332b5,linaria,,4.2.3,1644166562,107,0,0,0,0,0,0,0,0,0,0,0,0,0
callstack/linaria,481dded0342f2878d82d0f876480ebb9a1804807,linaria-website,3.0.0-beta.17,,1644166669,875,0,0,0,0,0,0,0,0,0,1,0,1,1
callstack/linaria,452d7d3747dde19b020abaf705e5f21df5b76d84,linaria-website,3.0.0-beta.17,,1644166771,875,0,0,0,0,0,0,0,0,0,1,0,1,1
callstack/linaria,2a89821bce550f465467e9133bebbecc4deeee1b,linaria,,4.2.3,1644167763,107,0,0,0,0,0,0,0,0,0,0,0,0,0
callstack/linaria,ed2d82d9b1687e516f325e200a5bfee1eb76b4bd,linaria-website,3.0.0-beta.17,,1644168019,875,0,0,0,0,0,0,0,0,0,1,0,1,1
callstack/linaria,dee7fa14ea912224cac9f0673be7464e93571a73,linaria,,4.2.3,1644170445,107,0,0,0,0,0,0,0,0,0,0,0,0,0
callstack/linaria,5ca41b8150e5a61a7c5364d59fa10a92f1e98ce9,linaria,,4.2.3,1644170503,107,0,0,0,0,0,0,0,0,0,0,0,0,0
callstack/linaria,221a9efd7ef6a5dbc115d5bf22e32f26bcb9c849,linaria,,4.2.3,1644170526,107,0,0,0,0,0,0,0,0,0,0,0,0,0
callstack/linaria,0108674bee79b42eb01b3030325d797ba57ed600,linaria-website,3.0.0-beta.17,,1644170654,875,0,0,0,0,0,0,0,0,0,1,0,1,1
callstack/linaria,2591e623880b97a80357d3b10b28d6957aaccbfa,linaria-website,3.0.0-beta.17,,1644170727,875,0,0,0,0,0,0,0,0,0,1,0,1,1
callstack/linaria,86d1d16831b647af0c67a442024c1bc168fd66c8,linaria-website,3.0.0-beta.17,,1644170743,875,0,0,0,0,0,0,0,0,0,1,0,1,1
callstack/linaria,622c9f1077f5a42c4823d0321c046949679f8b10,linaria,,4.2.3,1645186403,107,0,0,0,0,0,0,0,0,0,0,0,0,0
callstack/linaria,edc7a13fde4280f4046daba6bb79d889cd508ecb,linaria,,4.2.3,1645186423,107,0,0,0,0,0,0,0,0,0,0,0,0,0
callstack/linaria,71f4f36bdac8dad34acabc77dc849933e0402424,linaria,,4.2.3,1645186439,107,0,0,0,0,0,0,0,0,0,0,0,0,0
callstack/linaria,28e98557a5140f68197bde8eb15a8af41abdec18,linaria,,4.2.3,1645186455,107,0,0,0,0,0,0,0,0,0,0,0,0,0
callstack/linaria,d828a4bd589ccd57d9862aed9f2192c9abd4b58e,linaria-website,3.0.0-beta.17,,1645186627,875,0,0,0,0,0,0,0,0,0,1,0,1,1
callstack/linaria,abb90d9c1f0753e7207be11759c6119884944ef6,linaria-website,3.0.0-beta.17,,1645186640,875,0,0,0,0,0,0,0,0,0,1,0,1,1
callstack/linaria,ec465cda56e165115fc64d9cdbbece997b554396,linaria-website,3.0.0-beta.17,,1645186664,875,0,0,0,0,0,0,0,0,0,1,0,1,1
callstack/linaria,33fc1aa33aebceb6d132925c272a9fa9fecec4aa,linaria-website,3.0.0-beta.17,,1645186705,875,0,0,0,0,0,0,0,0,0,1,0,1,1
callstack/linaria,267c73414a5e737436492fa3ddcbe493763be663,linaria,,4.2.3,1645447127,107,0,0,0,0,0,0,0,0,0,0,0,0,0
callstack/linaria,125bb32c6a42f555b033e63eeda06a3437f1450b,linaria-website,3.0.0-beta.17,,1645447470,875,0,0,0,0,0,0,0,0,0,1,0,1,1
callstack/linaria,2f2ed657eff48a884135794073291dbcc50e03f7,linaria,,4.2.3,1645447905,107,0,0,0,0,0,0,0,0,0,0,0,0,0
callstack/linaria,92786cfe080e8d28ba5f7c52c0338f3d8fb12648,linaria,,4.2.3,1645448444,107,0,0,0,0,0,0,0,0,0,0,0,0,0
callstack/linaria,15ddfb7de0d4d5dd35bcbd241bdd9ce994b9cd1b,linaria,,4.2.3,1645448583,107,0,0,0,0,0,0,0,0,0,0,0,0,0
callstack/linaria,ebb0a7698d79321e699902140d8cc1898987af7c,linaria,,4.2.3,1645448658,107,0,0,0,0,0,0,0,0,0,0,0,0,0
callstack/linaria,c7eadb048ad1adc7d9ec07e354695b78f91d05ed,linaria,,4.2.3,1645449287,107,0,0,0,0,0,0,0,0,0,0,0,0,0
callstack/linaria,eab601fb9e56461676ce0ac04e02d5ed3e02fd7a,linaria,,4.2.3,1645705773,107,0,0,0,0,0,0,0,0,0,0,0,0,0
callstack/linaria,16205edbd1405414a28e579119a3a51171603e2d,linaria-website,3.0.0-beta.17,,1645706001,875,0,0,0,0,0,0,0,0,0,1,0,1,1
callstack/linaria,ef19ccb384cb7dbee561e789f637b0289d4d224c,linaria,,4.2.3,1647864368,107,0,0,0,0,0,0,0,0,0,0,0,0,0
callstack/linaria,f1a205ae4ac340e932438c623a6c403a0d59b323,linaria,,4.2.3,1647864389,107,0,0,0,0,0,0,0,0,0,0,0,0,0
callstack/linaria,82d76cc1d0518b0297ad19ce10d762bbd5504718,linaria,,4.2.3,1647864403,107,0,0,0,0,0,0,0,0,0,0,0,0,0
callstack/linaria,d401a82af4fed58279f9f9f8f7d4b7dcddef339f,linaria,,4.2.3,1647864427,107,0,0,0,0,0,0,0,0,0,0,0,0,0
callstack/linaria,cbdc75a64c1559ee9eb0c2b6740a7760a5bde94e,linaria,,4.2.3,1647864474,107,0,0,0,0,0,0,0,0,0,0,0,0,0
callstack/linaria,c44becb11b2eec795b68c2b3d0715672ba4b3888,linaria,,4.2.3,1647946173,108,0,0,0,0,0,0,0,0,0,0,0,0,0
callstack/linaria,c814ff5ee78e6f82e14c2b1bd1206f32a73a4cf4,linaria-website,3.0.0-beta.17,,1647946386,875,0,0,0,0,0,0,0,0,0,1,0,1,1
callstack/linaria,18ca481f1f85ebcdc2704cc4af2173dcf9a4bb7f,linaria,,4.2.3,1648292213,108,0,0,0,0,0,0,0,0,0,0,0,0,0
callstack/linaria,55c99fb2c22791a03548f8fea87dd755bc362eb6,linaria-website,3.0.0-beta.17,,1648292470,875,0,0,0,0,0,0,0,0,0,1,0,1,1
callstack/linaria,38a5541d26142cafa859ceffa6922ef559c57100,linaria,,4.2.3,1648738047,108,0,0,0,0,0,0,0,0,0,0,0,0,0
callstack/linaria,d6175ce473a64f26b7eb72eb0afc343e56b962ce,linaria-website,3.0.0-beta.17,,1648738400,875,0,0,0,0,0,0,0,0,0,1,0,1,1
callstack/linaria,c3f093a3a7fb4e7c82d23e44adb19a94438da68c,linaria,,4.2.3,1648804278,108,0,0,0,0,0,0,0,0,0,0,0,0,0
callstack/linaria,ef1051ff81a9a147743d798b1262c5f49a41b14b,linaria,,4.2.3,1649325068,108,0,0,0,0,0,0,0,0,0,0,0,0,0
callstack/linaria,64b6abdc3f73275cf845e789bcf75158297a6ec7,linaria,,4.2.3,1650983033,108,0,0,0,0,0,0,0,0,0,0,0,0,0
callstack/linaria,0cb0668db8836703e1772a8020c694cab5f5d7b0,linaria,,4.2.3,1650983049,108,0,0,0,0,0,0,0,0,0,0,0,0,0
callstack/linaria,96516189166273ec8566403896f85a0e42efb667,linaria,,4.2.3,1650983080,108,0,0,0,0,0,0,0,0,0,0,0,0,0
callstack/linaria,a1a4c462f1d4507464520a8429170c1752f3a5a3,linaria,,4.2.3,1650983161,108,0,0,0,0,0,0,0,0,0,0,0,0,0
callstack/linaria,fd9da719b0e69cc2847fdddfe6a082c04c9d0cce,linaria,,4.2.3,1650983174,108,0,0,0,0,0,0,0,0,0,0,0,0,0
callstack/linaria,1ae913b0e6091e95c8d9ee42d98bfbe78260d65d,linaria,,4.2.3,1652427775,108,0,0,0,0,0,0,0,0,0,0,0,0,0
callstack/linaria,59800dba540e09c0c43b1f0ec1d4b2c46d8a4672,linaria,,4.2.3,1652434480,108,0,0,0,0,0,0,0,0,0,0,0,0,0
callstack/linaria,f60039e9145627456d18cbff6b3610a95f1e7219,linaria,,4.2.3,1653148298,108,0,0,0,0,0,0,0,0,0,0,0,0,0
callstack/linaria,8f59a82400143ef35b6ffc7f024ad5e6a16552d8,linaria,,4.2.3,1653148705,108,0,0,0,0,0,0,0,0,0,0,0,0,1
callstack/linaria,29f57ffd0045661e6290e823f693b928720142fb,linaria,,4.6.4,1653148936,118,0,0,0,0,0,0,0,0,0,0,0,1,1
callstack/linaria,fe6e083fb48e71274a4e506824ccb8b461b7fb89,linaria,,4.2.3,1653808782,108,0,0,0,0,0,0,0,0,0,0,0,0,1
callstack/linaria,f59860b09c5f91b0423dbf188e5f8aaaef38a6b5,linaria,,4.2.3,1653825258,108,0,0,0,0,0,0,0,0,0,0,0,0,1
callstack/linaria,3305cfb0c0f65abdacceeb7e6bad118c59f7d551,linaria,,4.2.3,1653935733,117,0,0,0,0,0,0,0,0,0,0,0,1,0
callstack/linaria,3285ccc1d00449b78b3fc74087528cd38cbdd116,linaria,,4.7.2,1654265805,124,0,0,0,0,0,0,0,1,0,0,0,1,0
callstack/linaria,73aab0a3908325333e452b9cbd5e438a0f1de463,linaria,,4.7.2,1654266650,124,0,0,0,0,0,0,0,1,0,0,0,1,0
callstack/linaria,8be5650d9a0f6b45a1ce0db581740eeb0fd794d7,umbrella,3.0.0-beta.19,4.7.3,1654436833,124,0,0,0,0,0,0,0,1,0,0,0,1,0
callstack/linaria,99dee128285e7bdfd2f9c1ef1f46caacee7e4230,linaria-website,3.0.0-beta.19,,1654436885,1,0,0,0,0,0,0,0,0,0,0,0,0,0
callstack/linaria,7c7ad799f0153a0ce2c86daccb615ac91e0e429d,umbrella,3.0.0-beta.19,4.7.3,1654437167,124,0,0,0,0,0,0,0,1,0,0,0,1,0
callstack/linaria,b6816812b1d4bda475f4597ab224ad1b9af6a89e,umbrella,3.0.0-beta.19,4.7.3,1654438907,124,0,0,0,0,0,0,0,1,0,0,0,1,0
callstack/linaria,65bf7c48afbc45e3cdd7895bbb8f79df5ec27d18,umbrella,3.0.0-beta.19,4.7.3,1654439549,124,0,0,0,0,0,0,0,1,0,0,0,1,0
callstack/linaria,da65aba923ebac6fa651c4fefcae4e9dd749c96b,linaria-website,3.0.0-beta.19,,1654439599,1,0,0,0,0,0,0,0,0,0,0,0,0,0
callstack/linaria,2410499c7eee6ada016f9c1638a1898ebc0a622e,umbrella,3.0.0-beta.19,4.7.3,1654440990,124,0,0,0,0,0,0,0,1,0,0,0,1,0
callstack/linaria,eba34bf65b2e201770518bde5c32a7325d40c428,linaria-website,3.0.0-beta.19,,1654441031,1,0,0,0,0,0,0,0,0,0,0,0,0,0
callstack/linaria,c291e58b3468503ac2167472cd31af24735133d2,umbrella,3.0.0-beta.19,4.7.3,1654441430,124,0,0,0,0,0,0,0,1,0,0,0,1,0
callstack/linaria,e42e7a535da9d780f286985cc7f801504fdf1670,linaria-website,3.0.0-beta.19,,1654441481,1,0,0,0,0,0,0,0,0,0,0,0,0,0
callstack/linaria,65fd61dacf4260df3c63784474702978dc5800ee,umbrella,3.0.0-beta.19,4.7.3,1654442206,124,0,0,0,0,0,0,0,1,0,0,0,1,0
callstack/linaria,1d873190f1f95e0adcff9bfcd24bdda5e9144c86,umbrella,3.0.0-beta.19,4.7.3,1654442761,124,0,0,0,0,0,0,0,1,0,0,0,1,0
callstack/linaria,fc0783652c58f05434e02aa0a0ff17c4997e157b,umbrella,3.0.0-beta.19,4.7.3,1654442773,124,0,0,0,0,0,0,0,1,0,0,0,1,0
callstack/linaria,3111ca8d038545ccb8097e5262783c574dfd479e,umbrella,3.0.0-beta.19,4.7.3,1654514515,124,0,0,0,0,0,0,0,1,0,0,0,1,0
callstack/linaria,89c9f0c401982ee4f042ccb8a8338c50a4e81a99,linaria-website,3.0.0-beta.20,,1654514663,1,0,0,0,0,0,0,0,0,0,0,0,0,0
callstack/linaria,f726eb3b0aecf67c3b8f0335d73ad802146d50c5,umbrella,3.0.0-beta.19,4.7.3,1654516089,126,0,0,0,0,0,0,0,1,0,0,0,1,0
callstack/linaria,973cf0ae1a703881fe6c79efc1ac2ac3bf6e1316,linaria-website,3.0.0-beta.20,,1654516125,1,0,0,0,0,0,0,0,0,0,0,0,0,0
callstack/linaria,609d79ba3913baa2ded1ff843a6d25da6d9aa547,umbrella,3.0.0-beta.19,4.7.3,1654708171,126,0,0,0,0,0,0,0,1,0,0,0,1,0
callstack/linaria,dc15219fbd218be68e4ef7ae175d79899c4dea48,linaria-website,3.0.0-beta.20,,1654708250,1,0,0,0,0,0,0,0,0,0,0,0,0,0
callstack/linaria,ad8ea3b0a6b0d5c3e4b7a5eae673a065d9800daa,umbrella,3.0.0-beta.19,4.7.3,1654776215,126,0,0,0,0,0,0,0,1,0,0,0,1,0
callstack/linaria,909dff2898cd72bafa356c6e08fc82c1711d04d0,linaria-website,3.0.0-beta.20,,1654776259,1,0,0,0,0,0,0,0,0,0,0,0,0,0
callstack/linaria,9f08384f04b4401a3793266338b60dbbdef251bf,umbrella,3.0.0-beta.19,4.7.3,1654782789,126,0,0,0,0,0,0,0,1,0,0,0,1,0
callstack/linaria,ce35eba537fe2a6990edc0b059fe9c828ef53549,linaria-website,3.0.0-beta.20,,1654782865,1,0,0,0,0,0,0,0,0,0,0,0,0,0
callstack/linaria,1cbd27ddff6498e49b286ff7d21d67ec1caf692a,umbrella,3.0.0-beta.19,4.7.3,1654784897,126,0,0,0,0,0,0,0,1,0,0,0,1,0
callstack/linaria,17c83e34ca4ee10ff4efc39dc15549e50f3d2dc1,umbrella,3.0.0-beta.19,4.7.3,1654798989,126,0,0,0,0,0,0,0,1,0,0,0,1,0
callstack/linaria,05b55a594f7c7f928e069cea050a8ae95b408c91,linaria-website,3.0.0-beta.20,,1654799034,1,0,0,0,0,0,0,0,0,0,0,0,0,0
callstack/linaria,ab2ac858386c0a3bcea29530fd31c1b189175eee,umbrella,3.0.0-beta.19,4.7.3,1654799450,126,0,0,0,0,0,0,0,1,0,0,0,1,0
callstack/linaria,ae5d66c79c219ad9d3c1890172d4716bc2c969d0,linaria-website,3.0.0-beta.21,,1654799725,1,0,0,0,0,0,0,0,0,0,0,0,0,0
callstack/linaria,12d35cb990b7f4f0dad356f865638905c209896d,umbrella,3.0.0-beta.19,4.7.3,1654856294,126,0,0,0,0,0,0,0,1,0,0,0,1,0
callstack/linaria,da7f5f309677b9f8791eafc407a8b3017f5d88b9,linaria-website,3.0.0-beta.21,,1654856498,1,0,0,0,0,0,0,0,0,0,0,0,0,0
callstack/linaria,fe5f4b27111ee45788a6b41c8f0765c8ab918462,umbrella,3.0.0-beta.19,4.7.3,1655466728,126,0,0,0,0,0,0,0,1,0,0,0,1,0
callstack/linaria,782deb6f40c07b6995f4c1d36daa885c04dcd8b0,umbrella,3.0.0-beta.19,4.7.3,1655470278,126,0,0,0,0,0,0,0,1,0,0,0,1,0
callstack/linaria,38a5130680c6d378135e3c5f632270782b8404d3,linaria-website,3.0.0-beta.21,,1655470322,1,0,0,0,0,0,0,0,0,0,0,0,0,0
callstack/linaria,6c6a2ff611a1045e1c21c86dbcd7e2e4543a833a,umbrella,3.0.0-beta.19,4.7.3,1655471401,126,0,0,0,0,0,0,0,1,0,0,0,1,0
callstack/linaria,0d67095c7cab2be50db7b0d00ab7acc2105a2822,umbrella,3.0.0-beta.19,4.7.3,1655471481,126,0,0,0,0,0,0,0,1,0,0,0,1,0
callstack/linaria,592b89b5b1bc3c917b440b5bf8386ab88ce73fdc,umbrella,3.0.0-beta.19,4.7.3,1655715000,126,0,0,0,0,0,0,0,1,0,0,0,1,0
callstack/linaria,544e3270c7d7eb02f45b2df8b0659d42d57f78ba,linaria-website,3.0.0-beta.21,,1655715039,1,0,0,0,0,0,0,0,0,0,0,0,0,0
callstack/linaria,08ddb916cd944dedb30881fedb997bba185da3a5,umbrella,3.0.0-beta.19,4.7.3,1655715273,126,0,0,0,0,0,0,0,1,0,0,0,1,0
callstack/linaria,9a50c1c19908fd53c30472fe8273536463fd9d53,umbrella,3.0.0-beta.19,4.7.3,1656188441,128,0,0,0,0,0,0,0,1,0,0,0,1,0
callstack/linaria,906effd0bb4d379309ee465e78f4872529f38865,linaria-website,3.0.0-beta.21,,1656188509,1,0,0,0,0,0,0,0,0,0,0,0,0,0
callstack/linaria,84c70564823d2c2e323c7eb8d004aed0f5db665b,umbrella,3.0.0-beta.19,4.7.3,1656598732,128,0,0,0,0,0,0,0,1,0,0,0,1,0
callstack/linaria,73d7a0d7a98a7150eedec82d266c605230e0603c,linaria-website,3.0.0-beta.21,,1656598787,1,0,0,0,0,0,0,0,0,0,0,0,0,0
callstack/linaria,85cbb77cc7f3b78101ae08e8b5c145907835bd1c,linaria-website,3.0.0-beta.21,,1656599308,1,0,0,0,0,0,0,0,0,0,0,0,0,0
callstack/linaria,93ef0b8ef466febb43fbb378d06acabdf89d6dfb,umbrella,3.0.0-beta.19,4.7.3,1657629855,132,0,0,0,0,0,0,0,1,0,0,0,1,0
callstack/linaria,bc0cbeea716703590a90974cedcd8151a8979922,umbrella,3.0.0-beta.19,4.7.3,1657697435,132,0,0,0,0,0,0,0,1,0,0,0,1,0
callstack/linaria,741cf64db84668bb6491c584ab7d2bacbed9d5ba,linaria-website,3.0.0-beta.21,,1657697496,1,0,0,0,0,0,0,0,0,0,0,0,0,0
callstack/linaria,203f7ae842b1ea4ba1ab2ec5348b38a4f78a943d,umbrella,3.0.0-beta.19,4.7.3,1657708321,132,0,0,0,0,0,0,0,1,0,0,0,1,0
callstack/linaria,ad0bee20a9e238a3bb6060d9370b35d257bd0104,umbrella,3.0.0-beta.19,4.7.3,1657708344,132,0,0,0,0,0,0,0,1,0,0,0,1,0
callstack/linaria,ff6ad6086aac24cc300e87274699f711cfe19b79,umbrella,3.0.0-beta.19,4.7.3,1657708358,132,0,0,0,0,0,0,0,1,0,0,0,1,0
callstack/linaria,4cb8deee7357d1409f314b51019142f61a6444e9,linaria-website,3.0.0-beta.21,,1657708374,1,0,0,0,0,0,0,0,0,0,0,0,0,0
callstack/linaria,d0baa4a53f827a7cf9da1791ec701cf29793c612,linaria-website,3.0.0-beta.21,,1657708599,1,0,0,0,0,0,0,0,0,0,0,0,0,0
callstack/linaria,7c620ea0bc793ff97ab786c40f15184dc7d1d57d,linaria-website,3.0.0-beta.21,,1657708633,1,0,0,0,0,0,0,0,0,0,0,0,0,0
callstack/linaria,090f7c87edf9bca0ccf3afe0f3d049dd3661d876,umbrella,3.0.0-beta.19,4.7.3,1657713233,132,0,0,0,0,0,0,0,1,0,0,0,1,0
callstack/linaria,1bc2bc1a0480f1e2738cf1be4eaf8df86894a363,umbrella,4.0.0-beta.0,4.7.3,1657714114,132,0,0,0,0,0,0,0,1,0,0,0,1,0
callstack/linaria,ea41d4404276320265f7838f4ebf408c2ce7df11,umbrella,3.0.0-beta.19,4.7.4,1658239289,132,0,0,0,0,0,0,0,1,0,0,0,1,0
callstack/linaria,9970f6ffa86c6811e34535e682edb12e2f64aa3a,linaria-website,3.0.0-beta.21,,1658239350,1,0,0,0,0,0,0,0,0,0,0,0,0,0
callstack/linaria,b8515929d0385f2dbe49075d147a81303ec1c020,umbrella,3.0.0-beta.19,4.7.4,1658315367,132,0,0,0,0,0,0,0,1,0,0,0,1,0
callstack/linaria,64769d8289054150164408279a29367889b228fe,linaria-website,3.0.0-beta.21,,1658315414,1,0,0,0,0,0,0,0,0,0,0,0,0,0
callstack/linaria,7557e8cdf042caccdc48a54b4baf969ff3e6da07,umbrella,3.0.0-beta.19,4.7.4,1658315458,132,0,0,0,0,0,0,0,1,0,0,0,1,0
callstack/linaria,4c1660521410988e74770bee4be18265180e5c09,umbrella,3.0.0-beta.19,4.7.4,1658315475,132,0,0,0,0,0,0,0,1,0,0,0,1,0
callstack/linaria,03c711655150032ec2a7f324576de839922b6ceb,umbrella,4.0.0-beta.0,4.7.4,1658315528,132,0,0,0,0,0,0,0,1,0,0,0,1,0
callstack/linaria,f30ebf885f7d9da52fbae30046e250a1e701f37b,linaria-website,3.0.0-beta.21,,1658315751,1,0,0,0,0,0,0,0,0,0,0,0,0,0
callstack/linaria,fa9e072a987f9fb82d2048064a314a01706464ed,umbrella,4.0.0-beta.0,4.7.4,1658315769,132,0,0,0,0,0,0,0,1,0,0,0,1,0
callstack/linaria,5c18ae22135b212589987be67c5c0ac6afb1ff4a,umbrella,3.0.0-beta.19,4.7.4,1658428188,132,0,0,0,0,0,0,0,1,0,0,0,1,0
callstack/linaria,f0cddda4489ddb7722d0e4fb9163ed9956f52c23,umbrella,3.0.0-beta.19,4.7.4,1658428235,131,0,0,0,0,0,0,0,1,0,0,0,1,0
callstack/linaria,4dbea48a0f6c4a9d7a5c8ddb9daf45d7e36f4f0c,linaria-website,3.0.0-beta.21,,1658428283,1,0,0,0,0,0,0,0,0,0,0,0,0,0
callstack/linaria,f3c719182f43aa045c0b3cb687f55754c7f152a4,linaria-website,3.0.0-beta.21,,1658428524,1,0,0,0,0,0,0,0,0,0,0,0,0,0
callstack/linaria,4cdf03157807eb2f41f1066cfd1cb98033663efc,umbrella,3.0.0-beta.19,4.7.4,1658670068,137,0,0,1,0,0,0,0,1,0,0,0,1,0
callstack/linaria,8695d7062059de0734af00403f4c3622b56181bb,linaria-website,3.0.0-beta.21,,1658670117,1,0,0,0,0,0,0,0,0,0,0,0,0,0
callstack/linaria,862237048331393ce1a0596867e0cd4389847110,umbrella,3.0.0-beta.19,4.7.4,1658672794,137,0,0,1,0,0,0,0,1,0,0,0,1,0
callstack/linaria,1976a1adb31f41913072cd62325b56708e3261c8,linaria-website,3.0.0-beta.21,,1658672830,1,0,0,0,0,0,0,0,0,0,0,0,0,0
callstack/linaria,2e024f2868cdeabb0c33b59f8404553fc80a4ca1,umbrella,3.0.0-beta.19,4.7.4,1658673303,137,0,0,1,0,0,0,0,1,0,0,0,1,0
callstack/linaria,066239b1bf274a5995f7c682b5b5c422b9f718c1,umbrella,3.0.0-beta.19,4.7.4,1658673485,137,0,0,1,0,0,0,0,1,0,0,0,1,0
callstack/linaria,d78e75981b65b7c249f91a6bd6b5c65e2aaffebd,linaria-website,3.0.0-beta.21,,1658673757,1,0,0,0,0,0,0,0,0,0,0,0,0,0
callstack/linaria,c2afe0766eb89538b8e597ae7a95faf07b2a8816,umbrella,3.0.0-beta.19,4.7.4,1658675454,137,0,0,1,0,0,0,0,1,0,0,0,1,0
callstack/linaria,1c02ece64d00f390a33e36e5592e996d88ceca61,linaria-website,4.0.0,,1658675689,1,0,0,0,0,0,0,0,0,0,0,0,0,0
callstack/linaria,92f6d871b540c5d751475bfa4d5631f4fb772db6,umbrella,3.0.0-beta.19,4.7.4,1658753327,137,0,0,1,0,0,0,0,1,0,0,0,1,0
callstack/linaria,fe293e1c2b4cbad1d30adfe9bc45058debab2487,linaria-website,4.0.0,,1658753371,1,0,0,0,0,0,0,0,0,0,0,0,0,0
callstack/linaria,8644482d64582453ec1532948e658d3a2d96ff4c,umbrella,3.0.0-beta.19,4.7.4,1658754357,137,0,0,1,0,0,0,0,1,0,0,0,1,0
callstack/linaria,c6903f384ed0190976d4d19f2c8377cdc8f11e06,linaria-website,4.1.0,,1658754406,1,0,0,0,0,0,0,0,0,0,0,0,0,0
callstack/linaria,c5ed76edb81dbda3dd133a6bfeaad00474f49fa9,umbrella,3.0.0-beta.19,4.7.4,1658760598,137,0,0,1,0,0,0,0,1,0,0,0,1,0
callstack/linaria,9019ba151e8031decbe63afb549eb0cdecd0a374,linaria-website,4.1.0,,1658760992,1,0,0,0,0,0,0,0,0,0,0,0,0,0
callstack/linaria,2abc55b3b819feee852f7cab67213047dc69d697,umbrella,3.0.0-beta.19,4.7.4,1658864270,137,0,0,1,0,0,0,0,1,0,0,0,1,0
callstack/linaria,0f6bfc1ed828caa95688357a31c731588d2ebd13,linaria-website,4.1.0,,1658864617,1,0,0,0,0,0,0,0,0,0,0,0,0,0
callstack/linaria,21ba7a4442c20215c40797f8b1ab02ec9078f661,umbrella,3.0.0-beta.19,4.7.4,1658950548,137,0,0,1,0,0,0,0,1,0,0,0,1,0
callstack/linaria,36ff6b22320c1e5e6358ae3f0707af1546c04213,umbrella,3.0.0-beta.19,4.7.4,1658950834,137,0,0,1,0,0,0,0,1,0,0,0,1,0
callstack/linaria,6d4490c6c5a0ee1c62ab4df19e4600fa429a34cc,linaria-website,4.1.0,,1658950868,1,0,0,0,0,0,0,0,0,0,0,0,0,0
callstack/linaria,a8be394017619eb0abbb5b1ba8a75dc454ef2ba6,linaria-website,4.1.1,,1658951040,1,0,0,0,0,0,0,0,0,0,0,0,0,0
callstack/linaria,3c593aa808361e35ee909fe03fc64ca81d641397,umbrella,3.0.0-beta.19,4.7.4,1659291542,137,0,0,1,0,0,0,0,1,0,0,0,1,0
callstack/linaria,f82a157db29eb594168c0597d5d204dad63e7275,linaria-website,4.1.1,,1659291672,1,0,0,0,0,0,0,0,0,0,0,0,0,0
callstack/linaria,50bc0c791e8fad25fe7b261fad972b34219b01f3,umbrella,3.0.0-beta.19,4.7.4,1659294369,137,0,0,1,0,0,0,0,1,0,0,0,1,0
callstack/linaria,981cc38b25a4c6f2017a6185bf71e3245d6a1b01,linaria-website,4.1.1,,1659294626,1,0,0,0,0,0,0,0,0,0,0,0,0,0
callstack/linaria,008a5d13214fd289b64649f59d3773841d2ceba8,umbrella,3.0.0-beta.19,4.7.4,1659353884,137,0,0,1,0,0,0,0,1,0,0,0,1,0
callstack/linaria,ead118960fd61ae980ce3affc323f2c8d04000e8,linaria-website,4.1.1,,1659353977,1,0,0,0,0,0,0,0,0,0,0,0,0,0
callstack/linaria,1c697031a983799422dd4be2dee6dc0956250392,umbrella,3.0.0-beta.19,4.7.4,1659354550,137,0,0,1,0,0,0,0,1,0,0,0,1,0
callstack/linaria,376005984125c98d9c52f36aa5e8116013de5636,linaria-website,4.1.2,,1659354807,1,0,0,0,0,0,0,0,0,0,0,0,0,0
callstack/linaria,577b27eadc03def4ee4d65d9774dcdd2a4c5c826,umbrella,3.0.0-beta.19,4.7.3,1660644257,126,0,0,0,0,0,0,0,1,0,0,0,1,0
callstack/linaria,0eee3882fa2ad6a1b81267b5e412de0e10dc620c,umbrella,3.0.0-beta.19,4.7.3,1660644631,126,0,0,0,0,0,0,0,1,0,0,0,1,0
callstack/linaria,d89b8b22e050db25d3d92b90d87a276f870aa0a1,umbrella,3.0.0-beta.19,4.7.3,1660644756,126,0,0,0,0,0,0,0,1,0,0,0,1,0
callstack/linaria,c0bd271a4ce45c0e14c1271014e216521cd4fa4a,umbrella,3.0.0-beta.19,4.7.4,1661087265,137,0,0,1,0,0,0,0,1,0,0,0,1,0
callstack/linaria,c1b1c9de8a528b4d43207962ce799b2701ebd858,linaria-website,4.1.2,,1661087559,1,0,0,0,0,0,0,0,0,0,0,0,0,0
callstack/linaria,6f9fb00c6c9bb18ba1626255057833583963dd36,umbrella,3.0.0-beta.19,4.7.4,1661087783,137,0,0,1,0,0,0,0,1,0,0,0,1,0
callstack/linaria,a5169f16aaa8e95ab796724971f109fa7c0f2bf6,umbrella,3.0.0-beta.19,4.7.4,1661087963,137,0,0,1,0,0,0,0,1,0,0,0,1,0
callstack/linaria,4842b683ea92dd0e065f113c759e6f08720c798c,linaria-website,4.1.2,,1661087998,1,0,0,0,0,0,0,0,0,0,0,0,0,0
callstack/linaria,2b8d7766a783dfb653cf861fc7dd0f843b6021cb,umbrella,3.0.0-beta.19,4.7.4,1661088177,137,0,0,1,0,0,0,0,1,0,0,0,1,0
callstack/linaria,17fbe88d214ae0c0313d7fcbc678117d19cec48a,linaria-website,4.1.2,,1661088499,1,0,0,0,0,0,0,0,0,0,0,0,0,0
callstack/linaria,02df9f658bcd5b71e9af61028195811a59be437c,umbrella,3.0.0-beta.19,4.7.4,1661088768,137,0,0,1,0,0,0,0,1,0,0,0,1,0
callstack/linaria,7ad6c3bd23ca8c8089ec22b45d85e5525628f401,umbrella,3.0.0-beta.19,4.7.4,1661088896,137,0,0,1,0,0,0,0,1,0,0,0,1,0
callstack/linaria,ac62efad219499da997e9e2080198a8946578623,linaria-website,4.1.2,,1661089052,1,0,0,0,0,0,0,0,0,0,0,0,0,0
callstack/linaria,397b3dc9ee95cc5b9f3cd5aab7d6d2bc9f4b45b6,linaria-website,4.1.2,,1661089161,1,0,0,0,0,0,0,0,0,0,0,0,0,0
callstack/linaria,8f90fa75003054b3308f0d746e934949b8838553,umbrella,3.0.0-beta.19,4.7.4,1661089253,137,0,0,1,0,0,0,0,1,0,0,0,1,0
callstack/linaria,f4b57bb1e2011c6b852a14090af13871360a4173,linaria-website,4.1.2,,1661089550,1,0,0,0,0,0,0,0,0,0,0,0,0,0
callstack/linaria,1bf3443f0a596b77f25c2bcabc93bdb618a347a6,umbrella,3.0.0-beta.19,4.7.4,1661089625,137,0,0,1,0,0,0,0,1,0,0,0,1,0
callstack/linaria,4d28323ac833bd64bb2d10f519874400da1375da,umbrella,3.0.0-beta.19,4.7.4,1661089681,137,0,0,1,0,0,0,0,1,0,0,0,1,0
callstack/linaria,feb906cfdd68c4c61c24c45815a567ecc45ef9d2,linaria-website,4.1.2,,1661089724,1,0,0,0,0,0,0,0,0,0,0,0,0,0
callstack/linaria,665575760ef2d093eb194ce5fcdb71c3e7c617ab,linaria-website,4.1.2,,1661089958,1,0,0,0,0,0,0,0,0,0,0,0,0,0
callstack/linaria,ac0991a650181fbb1916012bbd2e0a3a2feaf51f,umbrella,3.0.0-beta.19,4.7.4,1661519144,139,0,0,1,0,0,0,0,1,0,0,0,1,0
callstack/linaria,5c705c67282a010b5ff82d1f53331785c760fb26,linaria-website,4.1.2,,1661519188,1,0,0,0,0,0,0,0,0,0,0,0,0,0
callstack/linaria,8dc69aae913c20c3376676183c3805020e9198a8,umbrella,3.0.0-beta.19,4.7.4,1662474740,139,0,0,1,0,0,0,0,1,0,0,0,1,0
callstack/linaria,8590e1346936dd4fb58136168cb7711791c5188e,umbrella,3.0.0-beta.19,4.7.4,1662475121,139,0,0,1,0,0,0,0,1,0,0,0,1,0
callstack/linaria,7cbc4fc411d24000d323cbc1cb2cf63d3814c530,linaria-website,4.1.2,,1662475171,1,0,0,0,0,0,0,0,0,0,0,0,0,0
callstack/linaria,f7351b092a672b9bd9d72466873c2be3d805d274,umbrella,3.0.0-beta.19,4.7.4,1662625954,139,0,0,1,0,0,0,0,1,0,0,0,1,0
callstack/linaria,214f8b4fa1c272ece25ba42b10e657d4b14525ee,linaria-website,4.1.2,,1662626232,1,0,0,0,0,0,0,0,0,0,0,0,0,0
callstack/linaria,ab510e13450361f0467e986f2099d6540a55c6dc,umbrella,3.0.0-beta.19,4.7.4,1662626910,139,0,0,1,0,0,0,0,1,0,0,0,1,0
callstack/linaria,ff69637994bf5a4829c9dc67410b43eb22eb1fde,linaria-website,4.1.3,,1662627151,1,0,0,0,0,0,0,0,0,0,0,0,0,0
callstack/linaria,ce36da4271fc102b3b914bea732db7eb5af2c00f,umbrella,3.0.0-beta.19,4.7.4,1664207581,150,0,0,1,0,1,0,0,1,0,0,0,1,0
callstack/linaria,807100e958653ad76d5f14d230722ecbbbc50f72,linaria-website,4.1.3,,1664207876,1,0,0,0,0,0,0,0,0,0,0,0,0,0
callstack/linaria,24b4a4bd0069cdb71b5f9f73a11fddbc3822930f,umbrella,3.0.0-beta.19,4.7.4,1664284232,150,0,0,1,0,1,0,0,1,0,0,0,1,0
callstack/linaria,a4bb7fe2784e31b4c76d310ca022c4f726b48aff,linaria-website,4.1.3,,1664284408,1,0,0,0,0,0,0,0,0,0,0,0,0,0
callstack/linaria,ded33aba99358b978d4e645150a958d8d5c74231,umbrella,3.0.0-beta.19,4.7.4,1664522420,150,0,0,1,0,1,0,0,1,0,0,0,1,0
callstack/linaria,ceef93ebbc12d2509533d663a7020f4d41895690,linaria-website,4.1.4,,1664522695,1,0,0,0,0,0,0,0,0,0,0,0,0,0
callstack/linaria,4c2efaa95557c40845719f42a6b65de7e8b22aa8,umbrella,3.0.0-beta.19,4.7.4,1665655067,150,0,0,1,0,1,0,0,1,0,0,0,1,0
callstack/linaria,12e2194d95484600fb3a8adaf3aa0e141be4a1cc,linaria-website,4.1.4,,1665655394,1,0,0,0,0,0,0,0,0,0,0,0,0,0
callstack/linaria,87ffe61c8a579ca194379b88844aaa4c7814ad97,umbrella,3.0.0-beta.19,4.7.4,1665667171,152,0,0,1,0,1,0,0,1,0,0,0,1,0
callstack/linaria,8a701b621ab4b01bd0af75c3c20a077a08f8cf82,linaria-website,4.1.4,,1665667323,1,0,0,0,0,0,0,0,0,0,0,0,0,0
callstack/linaria,8a8be2425cdcfb7631d7ed88ebee4832f5e2eb55,umbrella,3.0.0-beta.19,4.7.4,1665761163,154,0,0,1,0,1,0,0,1,0,0,0,1,0
callstack/linaria,2269e9602ec8f658f0c0ded296d8c4c34a256af9,linaria-website,4.1.4,,1665761544,1,0,0,0,0,0,0,0,0,0,0,0,0,0
callstack/linaria,72b533809fcc547be0b5a6dce9445565c86af2f6,umbrella,3.0.0-beta.19,4.7.4,1665854401,154,0,0,1,0,1,0,0,1,0,0,0,1,0
callstack/linaria,2906ec1c5471306d8dce0d70b0f387fca4f41fe6,umbrella,3.0.0-beta.19,4.7.4,1665993976,154,0,0,1,0,1,0,0,1,0,0,0,1,0
callstack/linaria,ce533a567ef32e74f885c47df633061ac8e96c8b,linaria-website,4.1.4,,1665994262,1,0,0,0,0,0,0,0,0,0,0,0,0,0
callstack/linaria,a127030528b5269ae4bfc387000d01dd241ffa9e,umbrella,3.0.0-beta.19,4.7.4,1665995176,154,0,0,1,0,1,0,0,1,0,0,0,1,0
callstack/linaria,3c1886a59ebe6dbd2e3022c6763efbcc2cc47aaa,umbrella,3.0.0-beta.19,4.7.4,1665995219,154,0,0,1,0,1,0,0,1,0,0,0,1,0
callstack/linaria,d45a72a1b77ed29dc64271040363e5278bc64033,linaria-website,4.1.4,,1665995400,1,0,0,0,0,0,0,0,0,0,0,0,0,0
callstack/linaria,08304e099bbec1f9a738e48a7025382c591c12f9,umbrella,3.0.0-beta.19,4.7.4,1665996367,154,0,0,1,0,1,0,0,1,0,0,0,1,0
callstack/linaria,4d84be12e7114f93f18e4b3a568682d1a22eeb31,linaria-website,4.1.4,,1665996719,1,0,0,0,0,0,0,0,0,0,0,0,0,0
callstack/linaria,c2092f6161e6b6ab70958470e2538119ff82b26b,umbrella,3.0.0-beta.19,4.7.4,1666020091,154,0,0,1,0,1,0,0,1,0,0,0,1,0
callstack/linaria,7df732f6bcbd86a88f9e848ff920f94435dda9d1,linaria-website,4.1.4,,1666020236,1,0,0,0,0,0,0,0,0,0,0,0,0,0
callstack/linaria,c2fa865dc3e67a6304c93be4cc19fcfdcdc1c696,umbrella,3.0.0-beta.19,4.7.4,1666020443,154,0,0,1,0,1,0,0,1,0,0,0,1,0
callstack/linaria,794c1bdcce488d0c5b0cde6dad6a5fba01db23bc,linaria-website,4.1.5,,1666020708,1,0,0,0,0,0,0,0,0,0,0,0,0,0
callstack/linaria,9111b4eaba019c2212f08d9178b45c22f3327f9e,umbrella,3.0.0-beta.19,4.7.4,1666096594,154,0,0,1,0,1,0,0,1,0,0,0,1,0
callstack/linaria,aacb6f5d63c0a8c5214ef69c14e0ef4f9d3669e0,linaria-website,4.1.5,,1666096702,1,0,0,0,0,0,0,0,0,0,0,0,0,0
callstack/linaria,28e45e0e9308a6747caa1425351f3705cd2be6a8,umbrella,3.0.0-beta.19,4.7.4,1666205214,154,0,0,1,0,1,0,0,1,0,0,0,1,0
callstack/linaria,7d719fd690dde883a78246d8e919d1d3dd3e6396,umbrella,3.0.0-beta.19,4.7.4,1666205215,154,0,0,1,0,1,0,0,1,0,0,0,1,0
callstack/linaria,d4108b9cbc279978a2cea65af88a0519493d45c9,umbrella,3.0.0-beta.19,4.7.4,1666205215,154,0,0,1,0,1,0,0,1,0,0,0,1,0
callstack/linaria,9e6774b4c13f7263abf3c4b8042290c6659ff36c,umbrella,3.0.0-beta.19,4.7.4,1666205587,154,0,0,1,0,1,0,0,1,0,0,0,1,0
callstack/linaria,acadd55e6d00437ff98c335147a9a5bba32dcc32,umbrella,3.0.0-beta.19,4.7.4,1666206354,154,0,0,1,0,1,0,0,1,0,0,0,1,0
callstack/linaria,5d7b6d2cf6e19a7fbb3473f59e85ef1e3b86e988,linaria-website,4.1.5,,1666206415,1,0,0,0,0,0,0,0,0,0,0,0,0,0
callstack/linaria,1e88e95d6f67a95f4d53a5c1d82ffe04835d89e7,umbrella,3.0.0-beta.19,4.7.4,1666206674,154,0,0,1,0,1,0,0,1,0,0,0,1,0
callstack/linaria,b5cb964024d2eb6445df1317178615df5e8d4483,linaria-website,4.1.5,,1666206979,1,0,0,0,0,0,0,0,0,0,0,0,0,0
callstack/linaria,6f9ef2fe4744776176e159c44d53cb1fb8afc07c,umbrella,3.0.0-beta.19,4.7.4,1666207256,154,0,0,1,0,1,0,0,1,0,0,0,1,0
callstack/linaria,add693f62470130d1777a5adcf62d14000c8dda3,linaria-website,4.1.6,,1666207498,1,0,0,0,0,0,0,0,0,0,0,0,0,0
callstack/linaria,cc2f87a88ae9627c47a6b5412365a955db119798,umbrella,3.0.0-beta.19,4.7.4,1666289171,154,0,0,1,0,1,0,0,1,0,0,0,1,0
callstack/linaria,eb15e6fcdffff1c28b432366835416fc9ccff355,linaria-website,4.1.6,,1666289307,1,0,0,0,0,0,0,0,0,0,0,0,0,0
callstack/linaria,13cac025381a2c946b0a07d66882e06470b05521,umbrella,3.0.0-beta.19,4.7.4,1666289628,154,0,0,1,0,1,0,0,1,0,0,0,1,0
callstack/linaria,1f34a91243634c02312a955350b247b2d9088ed9,linaria-website,4.1.6,,1666289939,1,0,0,0,0,0,0,0,0,0,0,0,0,0
callstack/linaria,6de227922ae053b684aaf4a30b31866c8af5daae,umbrella,3.0.0-beta.19,4.7.4,1666290538,154,0,0,1,0,1,0,0,1,0,0,0,1,0
callstack/linaria,294a4ca989c956efcfd1fdc289f1efee8fcfab7e,umbrella,3.0.0-beta.19,4.7.4,1666290972,154,0,0,1,0,1,0,0,1,0,0,0,1,0
callstack/linaria,822e6225f38d1cf2d2bc82d1113812db912ee238,linaria-website,4.1.6,,1666291354,1,0,0,0,0,0,0,0,0,0,0,0,0,0
callstack/linaria,a488daef470bc542d5a13970f0c3da61536030a3,umbrella,3.0.0-beta.19,4.7.4,1666291501,154,0,0,1,0,1,0,0,1,0,0,0,1,0
callstack/linaria,ac2659c454b5952d398d539aba4095660bf5b38c,linaria-website,4.1.7,,1666291749,1,0,0,0,0,0,0,0,0,0,0,0,0,0
callstack/linaria,963508a2ae82a726806df53ca9257efa1f0e5eea,umbrella,3.0.0-beta.19,4.7.4,1666683679,154,0,0,1,0,1,0,0,1,0,0,0,1,0
callstack/linaria,eba25dbd24430ee65e095d1ee6bb96e4eec14442,umbrella,3.0.0-beta.19,4.7.4,1666683737,154,0,0,1,0,1,0,0,1,0,0,0,1,0
callstack/linaria,f6bcb4e18e1e68827d950f77a9272f8983330114,umbrella,3.0.0-beta.19,4.7.4,1666683738,154,0,0,1,0,1,0,0,1,0,0,0,1,0
callstack/linaria,5b0990fd16216d59fcbd25956f2b880773698b62,umbrella,3.0.0-beta.19,4.7.4,1666683771,154,0,0,1,0,1,0,0,1,0,0,0,1,0
callstack/linaria,94a4a5b548f20b4e088f8e1445e5b559244e9df4,linaria-website,4.1.7,,1666683987,1,0,0,0,0,0,0,0,0,0,0,0,0,0
callstack/linaria,c2cf72e22d5729f80aaca126d933ffca5743a0e0,linaria-website,4.1.7,,1666684048,1,0,0,0,0,0,0,0,0,0,0,0,0,0
callstack/linaria,c26d4667abc6b8ab0ce75898745238d8c539ab2c,umbrella,3.0.0-beta.19,4.7.4,1666684270,154,0,0,1,0,1,0,0,1,0,0,0,1,0
callstack/linaria,3085b385ba9f85faa84a64f6edfdaf93363d35ef,linaria-website,4.1.7,,1666684397,1,0,0,0,0,0,0,0,0,0,0,0,0,0
callstack/linaria,63f56d47ac3f379784cc76b961527dc69bfc5557,umbrella,3.0.0-beta.19,4.7.4,1666713874,155,0,0,1,0,1,0,0,1,0,0,0,1,0
callstack/linaria,2b7bc1121d44a5bc67ae815b52046fcaa10f31d8,linaria-website,4.1.7,,1666714234,1,0,0,0,0,0,0,0,0,0,0,0,0,0
callstack/linaria,462739a781e31d5a8266957c0a4800292f452441,umbrella,3.0.0-beta.19,4.7.4,1666726648,155,0,0,1,0,1,0,0,1,0,0,0,1,0
callstack/linaria,cf8174249049e26f94c06a2222c270dfb31cb2db,linaria-website,4.1.8,,1666726901,1,0,0,0,0,0,0,0,0,0,0,0,0,0
callstack/linaria,6c3ea6ae2929817b29186ba13fbcf666aeb21668,umbrella,3.0.0-beta.19,4.7.4,1668861189,155,0,0,1,0,1,0,0,1,0,0,0,1,0
callstack/linaria,26508a5b83c76e010bc431c3415e2de683daa63f,umbrella,3.0.0-beta.19,4.7.4,1668861207,155,0,0,1,0,1,0,0,1,0,0,0,1,0
callstack/linaria,96a93dfb98e4732ff57ea4671337c1aebc20b664,umbrella,3.0.0-beta.19,4.7.4,1668861309,155,0,0,1,0,1,0,0,1,0,0,0,1,0
callstack/linaria,cfca77000621d6ea675f86c5538f940bf72794f9,umbrella,3.0.0-beta.19,4.7.4,1668861326,155,0,0,1,0,1,0,0,1,0,0,0,1,0
callstack/linaria,e695590928711d3360d7bbea78b0eae3e39e3e63,umbrella,3.0.0-beta.19,4.7.4,1668861349,155,0,0,1,0,1,0,0,1,0,0,0,1,0
callstack/linaria,36e5a80452053ad45789568f89505f381d3fa648,umbrella,3.0.0-beta.19,4.7.4,1668861360,155,0,0,1,0,1,0,0,1,0,0,0,1,0
callstack/linaria,e5c9ffdbfc2b427e3ee77381a77ac0ee16f1feb8,umbrella,3.0.0-beta.19,4.7.4,1668861384,155,0,0,1,0,1,0,0,1,0,0,0,1,0
callstack/linaria,bc2532a87019759c6028f6a91043fb7b96832890,umbrella,3.0.0-beta.19,4.7.4,1668861395,155,0,0,1,0,1,0,0,1,0,0,0,1,0
callstack/linaria,fd8ee4892fde7071a8e1785d86f3b2748a3979d2,linaria-website,4.1.8,,1668861436,1,0,0,0,0,0,0,0,0,0,0,0,0,0
callstack/linaria,c71995d6a0a56928f5a2e4a7e6234cf1c6da757f,linaria-website,4.1.8,,1668861455,1,0,0,0,0,0,0,0,0,0,0,0,0,0
callstack/linaria,df3673742a6e0ad0530ccd42ad995d024b0501ec,linaria-website,4.1.8,,1668861590,1,0,0,0,0,0,0,0,0,0,0,0,0,0
callstack/linaria,d66aac8dfed549a79a8b81528b5ec8155089e705,linaria-website,4.1.8,,1668861646,1,0,0,0,0,0,0,0,0,0,0,0,0,0
callstack/linaria,a5df9cc499b5e61e8bae1a2db99bc5c9e61063dc,linaria-website,4.1.8,,1668861900,1,0,0,0,0,0,0,0,0,0,0,0,0,0
callstack/linaria,f4a2f3c6031a5597b7a8166b8464fd0480672199,linaria-website,4.1.8,,1668861932,1,0,0,0,0,0,0,0,0,0,0,0,0,0
callstack/linaria,140591e68f7721058519fe9f867b54d7219e9f0a,linaria-website,4.1.8,,1668862059,1,0,0,0,0,0,0,0,0,0,0,0,0,0
callstack/linaria,e22243485e0d65911ae2c827a2431860915a8957,umbrella,3.0.0-beta.19,4.7.4,1668862950,155,0,0,1,0,1,0,0,1,0,0,0,1,0
callstack/linaria,6b8bff49b14034c808c3ffad9cff24b46fe809ce,umbrella,3.0.0-beta.19,4.7.4,1668863015,155,0,0,1,0,1,0,0,1,0,0,0,1,0
callstack/linaria,b1863e87cf81533de615073467c3535a4aa22e19,umbrella,3.0.0-beta.19,4.7.4,1668863040,155,0,0,1,0,1,0,0,1,0,0,0,1,0
callstack/linaria,6f851612c2542563dbb6cd3742e5ea50c79f7cbd,linaria-website,4.1.8,,1668863110,1,0,0,0,0,0,0,0,0,0,0,0,0,0
callstack/linaria,742e2cea50bf2e9e8038930830bd506f7b56946b,linaria-website,4.1.8,,1668863195,1,0,0,0,0,0,0,0,0,0,0,0,0,0
callstack/linaria,55be661f7934488ead8f1704e72089c35ea82570,linaria-website,4.1.8,,1668863313,1,0,0,0,0,0,0,0,0,0,0,0,0,0
callstack/linaria,5a62a24ba2ab02cda5647c4a747073955ea5d921,umbrella,3.0.0-beta.19,4.7.4,1668873462,155,0,0,1,0,1,0,0,1,0,0,0,1,0
callstack/linaria,ad8bd8f264c14c10649f34b7bec1f7a01ba8e9aa,linaria-website,4.1.8,,1668873606,1,0,0,0,0,0,0,0,0,0,0,0,0,0
callstack/linaria,ca4f02fb5f4ad49d4764d607c8c909c159ee0c8f,umbrella,3.0.0-beta.19,4.7.4,1668939608,155,0,0,1,0,1,0,0,1,0,0,0,1,0
callstack/linaria,43e2712f3f7259d0308a17f6b291d54807f50edd,umbrella,3.0.0-beta.19,4.7.4,1668939722,155,0,0,1,0,1,0,0,1,0,0,0,1,0
callstack/linaria,b6c000756f904161e95776e5e3cd6c9c27fe51b7,linaria-website,4.1.8,,1668939769,1,0,0,0,0,0,0,0,0,0,0,0,0,0
callstack/linaria,82e72b4132e718b3240b3c5374c3a248445d608e,linaria-website,4.1.8,,1668939885,1,0,0,0,0,0,0,0,0,0,0,0,0,0
callstack/linaria,cea17e69cccc0106835eae7a7f54434695511be4,umbrella,3.0.0-beta.19,4.7.4,1668943604,155,0,0,1,0,1,0,0,1,0,0,0,1,0
callstack/linaria,d0cd6d3a1d3786d5829b2a40569df78c154e5e17,linaria-website,4.1.8,,1668943761,1,0,0,0,0,0,0,0,0,0,0,0,0,0
callstack/linaria,655c4f2cfed0ab74e4e2958b7adde297149d0603,umbrella,3.0.0-beta.19,4.7.4,1669128587,157,0,0,1,0,1,0,0,1,0,0,0,1,1
callstack/linaria,2e89b62f5a342e595d0cdd875401b5e610387731,linaria-website,4.1.8,,1669128925,1,0,0,0,0,0,0,0,0,0,0,0,0,0
callstack/linaria,e6420897f6624e474931753ff16d05322b782f24,umbrella,3.0.0-beta.19,4.7.4,1669494239,157,0,0,1,0,1,0,0,1,0,0,0,1,1
callstack/linaria,88e23f6d3a4b03cf7f2fdeab3a8ba667418cc0fb,linaria-website,4.1.8,,1669494339,1,0,0,0,0,0,0,0,0,0,0,0,0,0
callstack/linaria,922f20d664bb07f07285734635e966ade77925ef,umbrella,3.0.0-beta.19,4.7.4,1669560427,157,0,0,1,0,1,0,0,1,0,0,0,1,1
callstack/linaria,17a51de6249e2f64a5a91412351571fb322ca015,linaria-website,4.1.8,,1669560620,1,0,0,0,0,0,0,0,0,0,0,0,0,0
callstack/linaria,5edde64873f1ab61b2fb3aca2f8dff063f846d28,umbrella,3.0.0-beta.19,4.7.4,1669562376,157,0,0,1,0,1,0,0,1,0,0,0,1,1
callstack/linaria,21bead78fedeb0ac04f50d6bf258de9b07380ec8,linaria-website,4.1.8,,1669562496,1,0,0,0,0,0,0,0,0,0,0,0,0,0
callstack/linaria,b9e49b746a4edf14be96b33abfea1be517258e22,umbrella,3.0.0-beta.19,4.7.4,1669581691,157,0,0,1,0,1,0,0,1,0,0,0,1,1
callstack/linaria,fdba3508eaa207d98d3702226390e8ce8c468766,umbrella,3.0.0-beta.19,4.7.4,1669581757,157,0,0,1,0,1,0,0,1,0,0,0,1,1
callstack/linaria,180247c02cabf96ade943c466db3cc346a307cb2,linaria-website,4.1.8,,1669581859,1,0,0,0,0,0,0,0,0,0,0,0,0,0
callstack/linaria,9cf6b03ff54f0c06544f229b487f05842ee3181d,umbrella,3.0.0-beta.19,4.7.4,1669636233,157,0,0,1,0,1,0,0,1,0,0,0,1,1
callstack/linaria,903165f1114647d21974f16419392f76458bf096,linaria-website,4.1.8,,1669636389,1,0,0,0,0,0,0,0,0,0,0,0,0,0
callstack/linaria,34c619db1429ca2bc0da58745be491f559d7c3ad,umbrella,3.0.0-beta.19,4.7.4,1669838034,157,0,0,1,0,1,0,0,1,0,0,0,1,1
callstack/linaria,60755fadb3a43713f6eef5bdad4886f2314a5571,linaria-website,4.1.8,,1669838144,1,0,0,0,0,0,0,0,0,0,0,0,0,0
callstack/linaria,a323b567928592daca5b19caa055772da6552b00,umbrella,3.0.0-beta.19,4.7.4,1669890036,157,0,0,1,0,1,0,0,1,0,0,0,1,1
callstack/linaria,b49f3b89fb92c70bcaddb51a3f3b67922340ede7,umbrella,3.0.0-beta.19,4.7.4,1669890745,157,0,0,1,0,1,0,0,1,0,0,0,1,1
callstack/linaria,037a130a9a8305af0198e066bbaffa4424c6ad62,linaria-website,4.1.9,,1669890874,1,0,0,0,0,0,0,0,0,0,0,0,0,0
callstack/linaria,315f0366e451c34fbb44829576794c9b56435a52,umbrella,3.0.0-beta.19,4.7.4,1670084145,158,0,0,1,0,1,0,0,1,0,0,0,1,1
callstack/linaria,6fab0af95b80148403d37f301c19debf3ea38d53,umbrella,3.0.0-beta.19,4.7.4,1670084239,158,0,0,1,0,1,0,0,1,0,0,0,1,1
callstack/linaria,f8d4d23fc08188a8b300a302c7805681bb348b88,linaria-website,4.1.9,,1670084260,1,0,0,0,0,0,0,0,0,0,0,0,0,0
callstack/linaria,d8c80119185a458d95704c556ded7e06ed7548bb,linaria-website,4.1.9,,1670084372,1,0,0,0,0,0,0,0,0,0,0,0,0,0
callstack/linaria,edbf3cf1930708569dd2b1b031598ae86f985b96,umbrella,3.0.0-beta.19,4.7.4,1670084461,158,0,0,1,0,1,0,0,1,0,0,0,1,1
callstack/linaria,bb1665ff4f43335c7d41839f1e64727126dd4f16,linaria-website,4.1.9,,1670084640,1,0,0,0,0,0,0,0,0,0,0,0,0,0
callstack/linaria,5d3a5c1f5d90c54e75a687221d68168fffa61095,umbrella,3.0.0-beta.19,4.7.4,1670180835,158,0,0,1,0,1,0,0,1,0,0,0,1,1
callstack/linaria,073cc1ba581c3bdff206a8c02f74aec06814c39d,umbrella,3.0.0-beta.19,4.7.4,1670229649,158,0,0,1,0,1,0,0,1,0,0,0,1,1
callstack/linaria,33ac5c7ef47b58b2d52733769e5451b20f39541e,umbrella,3.0.0-beta.19,4.7.4,1670251827,158,0,0,1,0,1,0,0,1,0,0,0,1,1
callstack/linaria,b874f299cc515fd8285e170bfd0a4d962ade71ed,umbrella,3.0.0-beta.19,4.7.4,1670251912,158,0,0,1,0,1,0,0,1,0,0,0,1,1
callstack/linaria,5550e6017c17b62d49adea5aeefbf5464d944b98,umbrella,3.0.0-beta.19,4.7.4,1670251996,158,0,0,1,0,1,0,0,1,0,0,0,1,1
callstack/linaria,d5e1c0b3356be5f915c37ed294c687cd757fffbf,linaria-website,4.1.9,,1670252048,1,0,0,0,0,0,0,0,0,0,0,0,0,0
callstack/linaria,1f4771307c2aa6d7866f8a1086dd90ab2ab71886,linaria-website,4.1.9,,1670252180,1,0,0,0,0,0,0,0,0,0,0,0,0,0
callstack/linaria,2b3582923a35bc661dd22e2d71615b87662866bc,umbrella,3.0.0-beta.19,4.7.4,1670266213,158,0,0,1,0,1,0,0,1,0,0,0,1,1
callstack/linaria,eeac167987a6894455fda28d57dcf66adbb18ab1,linaria-website,4.1.9,,1670266357,1,0,0,0,0,0,0,0,0,0,0,0,0,0
callstack/linaria,ac2d341eef68b9fce995014735dc591db965caf6,umbrella,3.0.0-beta.19,4.7.4,1670269598,158,0,0,1,0,1,0,0,1,0,0,0,1,1
callstack/linaria,74cb4bb1d0812f62b37f571e57de7bf7c323eb75,linaria-website,4.1.10,,1670269739,1,0,0,0,0,0,0,0,0,0,0,0,0,0
callstack/linaria,77bcf2e729cf9c681477077f07200f7dbc3b99e7,umbrella,3.0.0-beta.19,4.7.4,1671552471,158,0,0,1,0,1,0,0,1,0,0,0,1,1
callstack/linaria,b26534fb1a279a924f79975f470054bbd664d928,linaria-website,4.1.10,,1671552631,1,0,0,0,0,0,0,0,0,0,0,0,0,0
callstack/linaria,e701fd016be0f15f5a9dcc6bff5ab89a6e051137,umbrella,3.0.0-beta.19,4.7.4,1671552655,158,0,0,1,0,1,0,0,1,0,0,0,1,1
