dilanx/craco,b1f6e6de4affa7c4db7a6f13b93b186df99106bf,craco,,,1577874989,0,0,0,0,0,0,0,0,0,0,0,0,0,0
dilanx/craco,9bbcf2b3ead0b99f0750b31c96dd95e76324045c,craco,,,1577893517,0,0,0,0,0,0,0,0,0,0,0,0,0,0
dilanx/craco,91c929240a7a9d70ab6e46214bdc15077e79b0df,craco,,,1577940383,0,0,0,0,0,0,0,0,0,0,0,0,0,0
dilanx/craco,6534a18e7518ca10113faff4638ae3326149e8cb,craco,,,1577977689,0,0,0,0,0,0,0,0,0,0,0,0,0,0
dilanx/craco,88cf070e85a87d0377fdfb15ba193ac9c36b0f81,craco,,,1577982821,0,0,0,0,0,0,0,0,0,0,0,0,0,0
dilanx/craco,a3dc4ec0b6c5328e9cc8c695d296c69ffae1710d,craco,,,1578031217,0,0,0,0,0,0,0,0,0,0,0,0,0,0
dilanx/craco,9f82f67c8501d6a4aef4669a61d876cd2fb63412,craco,,,1578063468,0,0,0,0,0,0,0,0,0,0,0,0,0,0
dilanx/craco,10504f6cb2fc1cd44b8ff66349fdc95beb6e4907,craco,,,1578063619,0,0,0,0,0,0,0,0,0,0,0,0,0,0
dilanx/craco,f6bd1e0e35660945501227a82a1fb749af46dc65,craco,,,1578954593,0,0,0,0,0,0,0,0,0,0,0,0,0,0
dilanx/craco,dc8a3b908a381ea4ff6cddc3064540bf4aeeabcb,craco,,,1578955160,0,0,0,0,0,0,0,0,0,0,0,0,0,0
dilanx/craco,583f7113e019cc20df441f4e0fba8a15c5a1f8a3,craco,,,1584703006,0,0,0,0,0,0,0,0,0,0,0,0,0,0
dilanx/craco,f931cfe45d8f6b49a54ec22ba5801a799f8a44e0,craco,,,1584704693,0,0,0,0,0,0,0,0,0,0,0,0,0,0
dilanx/craco,ee80f6c6f1206f6da0c47b40e65f6cbaa3370137,craco,,,1584892556,0,0,0,0,0,0,0,0,0,0,0,0,0,0
dilanx/craco,5a67b137bd0b0f034da91d98847273c06eada78d,craco,,,1586375755,0,0,0,0,0,0,0,0,0,0,0,0,0,0
dilanx/craco,1266912803a140df2c8b88ce5af96c67c05c6875,craco,,,1586376658,0,0,0,0,0,0,0,0,0,0,0,0,0,0
dilanx/craco,0691b1e6cb26103069da0f9fac58398348f9305d,craco,,,1586393785,0,0,0,0,0,0,0,0,0,0,0,0,0,0
dilanx/craco,55c8832c75bcbb2d6af78fc9efdc03b94508e9d4,craco,,,1586393860,0,0,0,0,0,0,0,0,0,0,0,0,0,0
dilanx/craco,7c549e7671ab258007aa6e47f745be886ff86353,craco,,,1586394072,0,0,0,0,0,0,0,0,0,0,0,0,0,0
dilanx/craco,1b3c75d21d5a9159358d98c80085357459eb0dc2,craco,,,1586394115,0,0,0,0,0,0,0,0,0,0,0,0,0,0
dilanx/craco,20ebffbcebdde5e76300c70fcd1e656f7a3b2cf9,craco,,,1587134475,0,0,0,0,0,0,0,0,0,0,0,0,0,0
dilanx/craco,0a62ba0b5844d6c0f5690157dffdc79d82f83e0d,craco,,,1591417613,0,0,0,0,0,0,0,0,0,0,0,0,0,0
dilanx/craco,3e30b436dac0d40a0720a526559697099bef8d93,craco,,,1591421182,0,0,0,0,0,0,0,0,0,0,0,0,0,0
dilanx/craco,4e45f36016cc0313986983e31b27a24dd0336f7f,craco,,,1593255806,0,0,0,0,0,0,0,0,0,0,0,0,0,0
dilanx/craco,f31dd0974ea9029f0d04c942af7a13e549918d7a,craco,,,1593307687,0,0,0,0,0,0,0,0,0,0,0,0,0,0
dilanx/craco,cf05fbc35bd2322917d6d135565e084ac7989479,craco,,,1596568756,0,0,0,0,0,0,0,0,0,0,0,0,0,0
dilanx/craco,2021b04ff60b28b4382f2703c825c504b285691e,craco,,,1596804383,0,0,0,0,0,0,0,0,0,0,0,0,0,0
dilanx/craco,afc04acce47e993e8a0b50d82a9eb368b1f378f5,craco,,,1596897831,0,0,0,0,0,0,0,0,0,0,0,0,0,0
dilanx/craco,5a210602af988fa0bca3f527288aef701ba2386e,craco,,,1596897873,0,0,0,0,0,0,0,0,0,0,0,0,0,0
dilanx/craco,c607cb42f2d256815cc801b4408e66373b8a89e1,craco,,,1599086142,0,0,0,0,0,0,0,0,0,0,0,0,0,0
dilanx/craco,c7552d251da81e5e8ece12d1ad304ead75f8cf4d,craco,,,1599315878,0,0,0,0,0,0,0,0,0,0,0,0,0,0
dilanx/craco,f9867503adb064ce3229aa0ace757cd9382a3185,craco,,,1599324743,0,0,0,0,0,0,0,0,0,0,0,0,0,0
dilanx/craco,4696c49ea17b777a0c89f3c09a26d261c12f40f4,craco,,,1599693233,0,0,0,0,0,0,0,0,0,0,0,0,0,0
dilanx/craco,38a8e35bdabb912c6c0393f8173fad9658c1bf40,craco,,,1599756215,0,0,0,0,0,0,0,0,0,0,0,0,0,0
dilanx/craco,b1cfb677146f95cb21cd34829023b446166904dd,craco,,,1599759085,0,0,0,0,0,0,0,0,0,0,0,0,0,0
dilanx/craco,71313e0132f7aa7369cfdb7b0ae3709db4a5c611,craco,,,1599764221,0,0,0,0,0,0,0,0,0,0,0,0,0,0
dilanx/craco,db0685bc5e6329f9481689a533f8c9678ac2f35a,craco,,,1599773625,0,0,0,0,0,0,0,0,0,0,0,0,0,0
dilanx/craco,52980fb0ff3cffc7d24b7683c844b8c992555eff,craco,,,1599861137,0,0,0,0,0,0,0,0,0,0,0,0,0,0
dilanx/craco,f2080cadea55c9da0c33b7a0a98f2dbdc3deb34b,craco,,,1599869608,0,0,0,0,0,0,0,0,0,0,0,0,0,0
dilanx/craco,bc0831c3c8579d6e82179b42478125e7d54b12fa,craco,,,1600320695,0,0,0,0,0,0,0,0,0,0,0,0,0,0
dilanx/craco,1a5fadec0033b42a9d7e077cd83ab650ce9623a7,craco,,,1600726134,0,0,0,0,0,0,0,0,0,0,0,0,0,0
dilanx/craco,e4ac761bbb9566d7183e010bb06ccef7e81ea225,craco,,,1601244140,0,0,0,0,0,0,0,0,0,0,0,0,0,0
dilanx/craco,c6a00232bb65730254bd8afff43bd5deb89d745b,craco,,,1601244821,0,0,0,0,0,0,0,0,0,0,0,0,0,0
dilanx/craco,9f4077d8f7718158142636d47d39a862d5877df5,craco,,,1601245134,0,0,0,0,0,0,0,0,0,0,0,0,0,0
dilanx/craco,665b92ed83bc2b4d2e7b59ff14e88c9981863c39,craco,,,1603156246,0,0,0,0,0,0,0,0,0,0,0,0,0,0
dilanx/craco,2d075a1d05af9c1d586c38944ce0ed91f525ad61,craco,,,1603175403,0,0,0,0,0,0,0,0,0,0,0,0,0,0
dilanx/craco,b8c7cc89afa007403e3265b7f0d39206f9dcf6bb,craco,,,1603175475,0,0,0,0,0,0,0,0,0,0,0,0,0,0
dilanx/craco,e67634846bb93b869523b6b2cb8a307aca7e2905,craco,,,1603175966,0,0,0,0,0,0,0,0,0,0,0,0,0,0
dilanx/craco,9a26a30733cf1b9954715a76d4cd95692562e087,craco,,,1603176374,0,0,0,0,0,0,0,0,0,0,0,0,0,0
dilanx/craco,4330dc9834ba5f9486b20b7eb9cc5c648ebe06f8,craco,,,1603176459,0,0,0,0,0,0,0,0,0,0,0,0,0,0
dilanx/craco,8105198d525560b2ded61287f39723b47df99c26,craco,,,1603207717,0,0,0,0,0,0,0,0,0,0,0,0,0,0
dilanx/craco,5bb9490b2ee6778b46da3133504e93eb291b1653,craco,,,1603207874,0,0,0,0,0,0,0,0,0,0,0,0,0,0
dilanx/craco,3e686f2bb971a94524841048c53e32995eab90a9,craco,,,1603208078,0,0,0,0,0,0,0,0,0,0,0,0,0,0
dilanx/craco,5159000dd1cd42df8a550e77ac23f2f2ebc0b09a,craco,,,1603735982,0,0,0,0,0,0,0,0,0,0,0,0,0,0
dilanx/craco,018bfbed47daa522c52992c2ad5d4521f4a48b5d,craco,,,1603736170,0,0,0,0,0,0,0,0,0,0,0,0,0,0
dilanx/craco,8130f92da813498c7776115a1dc2866fb91794e0,craco,,,1603736313,0,0,0,0,0,0,0,0,0,0,0,0,0,0
dilanx/craco,8ce3ad3eb1d47558f9a0113a41e7b4627310be97,craco,,,1603736817,0,0,0,0,0,0,0,0,0,0,0,0,0,0
dilanx/craco,3d41af8445f8c2ec6640806d31391dcd3e362c54,craco,,,1603983596,0,0,0,0,0,0,0,0,0,0,0,0,0,0
dilanx/craco,ee47b3a0e0e6f066ebbaae0bb89a7ad7342e049d,craco,,,1604001405,0,0,0,0,0,0,0,0,0,0,0,0,0,0
dilanx/craco,a5db6ca727e2924accf332de6651b81ad9367b25,craco,,,1604009904,0,0,0,0,0,0,0,0,0,0,0,0,0,0
dilanx/craco,ca69396dad7fca05bd9be16a3e0f73f4e9da5383,craco,,,1604009955,0,0,0,0,0,0,0,0,0,0,0,0,0,0
dilanx/craco,17bcc6355be28da9a5acce285cbacd9affcb314f,craco,,,1604071925,0,0,0,0,0,0,0,0,0,0,0,0,0,0
dilanx/craco,436c456fef53d4c3d39a832ade5e3cc1d9cff7de,craco,,,1604433070,0,0,0,0,0,0,0,0,0,0,0,0,0,0
dilanx/craco,1fea189fc8d57813ef1c12043b1c84dc66eee7ed,craco,,,1604441834,0,0,0,0,0,0,0,0,0,0,0,0,0,0
dilanx/craco,1912be6b8ba3e04941a1ef4c93720fa17f71043d,craco,,,1604446236,0,0,0,0,0,0,0,0,0,0,0,0,0,0
dilanx/craco,c1f3ec2fdd78ad7038ef0f537f3eb327a4405777,craco,,,1604529529,0,0,0,0,0,0,0,0,0,0,0,0,0,0
dilanx/craco,180a8be9f78dd86d6a2715c3b2cd1250c4a3657b,craco,,,1604588812,0,0,0,0,0,0,0,0,0,0,0,0,0,0
dilanx/craco,789916b3f033a6e6e6572986d89a9b2fad5146a3,craco,,,1604589196,0,0,0,0,0,0,0,0,0,0,0,0,0,0
dilanx/craco,3c535d9a71d3b9ac7b6c454fb2879c38402fa659,craco,,,1604676107,0,0,0,0,0,0,0,0,0,0,0,0,0,0
dilanx/craco,a863dae292ec1f9ea01508186444cd8feac4699a,craco,,,1606229832,0,0,0,0,0,0,0,0,0,0,0,0,0,0
dilanx/craco,2479b9e333efbb7d65246dfd5b6eda7341980e2c,craco,,,1606748705,0,0,0,0,0,0,0,0,0,0,0,0,0,0
dilanx/craco,70bb963724d8f97bf0b1045b78eb09a23a98be86,craco,,,1606749142,0,0,0,0,0,0,0,0,0,0,0,0,0,0
dilanx/craco,0011c6af23f7ce1ea37e92606d23e5576e1913e1,craco,,,1606990187,0,0,0,0,0,0,0,0,0,0,0,0,0,0
dilanx/craco,d51d5d79a0bf368d0efe0739a9c43dc650bc95af,craco,,,1607012484,0,0,0,0,0,0,0,0,0,0,0,0,0,0
dilanx/craco,9203c7e191171c91c8f5a81d2d6bc805157ad7c8,craco,,,1607380553,0,0,0,0,0,0,0,0,0,0,0,0,0,0
dilanx/craco,20b41192324aa99f4f85f13f077e9d52bee0e6f8,craco,,,1607381250,0,0,0,0,0,0,0,0,0,0,0,0,0,0
dilanx/craco,161aee88715680e583f4125d137a194beb31a85e,craco,,,1607384165,0,0,0,0,0,0,0,0,0,0,0,0,0,0
dilanx/craco,1e4f9123d1b36d900438fe7d14e019b40458361c,craco,,,1607442616,0,0,0,0,0,0,0,0,0,0,0,0,0,0
dilanx/craco,ffbb33ea7e1806d91f5ba9d4dc3681d2c4da3bba,craco,,,1607442848,0,0,0,0,0,0,0,0,0,0,0,0,0,0
dilanx/craco,30154c3bee05488dd9b981f8e545fd677638d7d5,craco,,,1607443554,0,0,0,0,0,0,0,0,0,0,0,0,0,0
dilanx/craco,532c38ca03bdc0c34710f6dcc14ef75cc4bbd799,craco,,,1607444162,0,0,0,0,0,0,0,0,0,0,0,0,0,0
dilanx/craco,fde1212214fa3a0dcddd2dc0ae9940ddb8c72ef2,craco,,,1607452552,0,0,0,0,0,0,0,0,0,0,0,0,0,0
dilanx/craco,cc0304b57baae6a43764b4f443ab0ee15c0f6a03,craco,,,1607453535,0,0,0,0,0,0,0,0,0,0,0,0,0,0
dilanx/craco,00fea179ccebd5d3b1c89d043c3fc686c5fba622,craco,,,1607454719,0,0,0,0,0,0,0,0,0,0,0,0,0,0
dilanx/craco,6ac69fc3850a8f676be812d08152f3d28cf8815d,craco,,,1607455086,0,0,0,0,0,0,0,0,0,0,0,0,0,0
dilanx/craco,ecb5d3641e76001d3e7b2fa16469d5833094e9f8,craco,,,1608256631,0,0,0,0,0,0,0,0,0,0,0,0,0,0
dilanx/craco,96294b13644cc7c5429d541c28b58f262ec9f497,craco,,,1608258802,0,0,0,0,0,0,0,0,0,0,0,0,0,0
dilanx/craco,029c761aef0bc319606d9a0ec748efbf4e635d0c,craco,,,1609521610,0,0,0,0,0,0,0,0,0,0,0,0,0,0
dilanx/craco,3c767280cf920d65e1f88fa338b1e3de111c49ac,craco,,,1609605383,0,0,0,0,0,0,0,0,0,0,0,0,0,0
dilanx/craco,3298eef5a5f5024f5e8beef362c738270b3ce308,craco,,,1609696695,0,0,0,0,0,0,0,0,0,0,0,0,0,0
dilanx/craco,50cfcbb067dd6947c17b1a6d27c5ec60cc885d2c,craco,,,1611766261,0,0,0,0,0,0,0,0,0,0,0,0,0,0
dilanx/craco,621c01cf2053e1d657298ff0bf7ed043af538981,craco,,,1611766610,0,0,0,0,0,0,0,0,0,0,0,0,0,0
dilanx/craco,23f38ad2ef9184525c0bfdafb05fd1637acc303f,craco,,,1611784150,0,0,0,0,0,0,0,0,0,0,0,0,0,0
dilanx/craco,ab06191d11ed22422052717fac1243c4354432fc,craco,,,1611785236,0,0,0,0,0,0,0,0,0,0,0,0,0,0
dilanx/craco,8c91d2157145b0e5884c02fcf0a6897729ebadfd,craco,,,1611785453,0,0,0,0,0,0,0,0,0,0,0,0,0,0
dilanx/craco,203a485b70fc5de873291ee1bad6d5b766e2e7fd,craco,,,1611785903,0,0,0,0,0,0,0,0,0,0,0,0,0,0
dilanx/craco,052894529290d537c7dd15a99dfbf6ca9c156170,craco,,,1611842717,0,0,0,0,0,0,0,0,0,0,0,0,0,0
dilanx/craco,4dfe1ebe035f2aea8b23e7be78a4f5c82480c8c8,craco,,,1611843717,0,0,0,0,0,0,0,0,0,0,0,0,0,0
dilanx/craco,792e5695b00f07680e19666e9b43c006cdb10033,craco,,,1612589196,0,0,0,0,0,0,0,0,0,0,0,0,0,0
dilanx/craco,10f4d17a1ed0391ec7e5c289308cd9e67672284e,craco,,,1612591183,0,0,0,0,0,0,0,0,0,0,0,0,0,0
dilanx/craco,c6224b58acb1c84de33d937229b27869cdf19f36,craco,,,1612591187,0,0,0,0,0,0,0,0,0,0,0,0,0,0
dilanx/craco,537ba816cc4b4b75e3224eeef4323d3dd742e54e,craco,,,1612628046,0,0,0,0,0,0,0,0,0,0,0,0,0,0
dilanx/craco,8fae9959d04243f2bcc7a12e4862c89c8d1ef509,craco,,,1612628283,0,0,0,0,0,0,0,0,0,0,0,0,0,0
dilanx/craco,6e9a360f7445ab751128f4565d13b01b69760deb,craco,,,1613830985,0,0,0,0,0,0,0,0,0,0,0,0,0,0
dilanx/craco,0cb60c7d657cfd80e635f033c9853988d3a0e3cf,craco,,,1613882297,0,0,0,0,0,0,0,0,0,0,0,0,0,0
dilanx/craco,6be2236a8d26ed689b420b76defb14b39d65ea97,craco,,,1615094799,0,0,0,0,0,0,0,0,0,0,0,0,0,0
dilanx/craco,d6299587cc839ba71f1fd3fe831301971847989f,craco,,,1615218840,0,0,0,0,0,0,0,0,0,0,0,0,0,0
dilanx/craco,c26492a333c1facc0885e9bb194d7015904e560c,craco,,,1615492892,0,0,0,0,0,0,0,0,0,0,0,0,0,0
dilanx/craco,ec7491708cba375dbbc4a33b7a035dbc163ee99b,craco,,,1615574192,0,0,0,0,0,0,0,0,0,0,0,0,0,0
dilanx/craco,e4229b544ba101ef9de459b4fbadf44ef21d46e0,craco,,,1616213444,0,0,0,0,0,0,0,0,0,0,0,0,0,0
dilanx/craco,df856fc18cf43d742cd437dadde7dea8b92f7f62,craco,,,1617158692,0,0,0,0,0,0,0,0,0,0,0,0,0,0
dilanx/craco,d3ce3a34b1d1bdeebef88f8c91eef199b76e9eb7,craco,,,1617440077,0,0,0,0,0,0,0,0,0,0,0,0,0,0
dilanx/craco,4aca883ffb44b5043a349f7e70912ea2b7e17412,craco,,,1617469551,0,0,0,0,0,0,0,0,0,0,0,0,0,0
dilanx/craco,e33d9393964b3603d0533734f7afab49ad795874,craco,,,1618393719,1,0,0,0,0,0,0,0,0,0,0,0,0,0
dilanx/craco,c8abad6f10f7fba7ca9ba40f992f0b85f9219ffc,craco,,,1618520334,1,0,0,0,0,0,0,0,0,0,0,0,0,0
dilanx/craco,23a9d48b9f42c919e6db40f4b6b7f9478946d0c4,craco,,,1619515332,1,0,0,0,0,0,0,0,0,0,0,0,0,0
dilanx/craco,98f7c1c1ea6f20a0ee0cce8ef00544864b9fd420,craco,,,1619571243,1,0,0,0,0,0,0,0,0,0,0,0,0,0
dilanx/craco,a97ae874df578e9803268438d8c8272939ab7608,craco,,,1619571755,1,0,0,0,0,0,0,0,0,0,0,0,0,0
dilanx/craco,9191781ae4ad671a4a028116823e51d4787e2304,craco,,,1621809002,1,0,0,0,0,0,0,0,0,0,0,0,0,0
dilanx/craco,d50cb1868b7594c0e4a0d9c0734de555597113bf,craco,,,1622113446,1,0,0,0,0,0,0,0,0,0,0,0,0,0
dilanx/craco,10eed8d85e74a1110d90cfdc513fba50af9d5286,craco,,,1622121790,1,0,0,0,0,0,0,0,0,0,0,0,0,0
dilanx/craco,6fe8a3b0816c163951787dfe037bdfbe1bfd0cf3,craco,,,1625413989,1,0,0,0,0,0,0,0,0,0,0,0,0,0
dilanx/craco,6909f73f7610916097752388d14ed0546538c945,craco,,,1625414143,1,0,0,0,0,0,0,0,0,0,0,0,0,0
dilanx/craco,539a7e2b83177d826ad7b76c828f617b6ec0e1f4,craco,,,1625838786,1,0,0,0,0,0,0,0,0,0,0,0,0,0
dilanx/craco,4dfaf75cb978be153d1e60e70ac9d08be3c84280,craco,,,1627170012,1,0,0,0,0,0,0,0,0,0,0,0,0,0
dilanx/craco,43858abc089971363486a436ca59d78aea35e9d5,craco,,,1627177325,1,0,0,0,0,0,0,0,0,0,0,0,0,0
dilanx/craco,c2717d359f78fbf95f2637953ea516a32db3ddb0,craco,,,1630996217,1,0,0,0,0,0,0,0,0,0,0,0,0,0
dilanx/craco,c9b75f93289d2a763937aacc011238b878df872a,craco,,,1631200328,1,0,0,0,0,0,0,0,0,0,0,0,0,0
dilanx/craco,b510d6920dc6a6d6bb908ea0cc9ba464d171c385,craco,,,1631324540,1,0,0,0,0,0,0,0,0,0,0,0,0,0
dilanx/craco,b68f771d60013f671e21af0387b390464ae1115d,craco,,,1633570010,1,0,0,0,0,0,0,0,0,0,0,0,0,0
dilanx/craco,3649bf1b5f32aed8d0577d003b748550001bf7d5,craco,,,1634070819,1,0,0,0,0,0,0,0,0,0,0,0,0,0
dilanx/craco,9e6bd9ed3d4d7861618c7b70048cca9ec1744b12,craco,,,1634201191,1,0,0,0,0,0,0,0,0,0,0,0,0,0
dilanx/craco,5f7603c8b64dc496503c2c65bf646c17ba4ae469,craco,,,1634539012,1,0,0,0,0,0,0,0,0,0,0,0,0,0
dilanx/craco,a170a1c74189bb3657714ce265e839e9228e4447,craco,,,1634539891,1,0,0,0,0,0,0,0,0,0,0,0,0,0
dilanx/craco,b769a44ee5ac7820b7428911259a783b904713f9,craco,,,1634540049,1,0,0,0,0,0,0,0,0,0,0,0,0,0
dilanx/craco,2072c926b417c80fb928cbc360905c8335a7f177,craco,,,1634540445,1,0,0,0,0,0,0,0,0,0,0,0,0,0
dilanx/craco,21422ef08007a92dd0586d6d1a26dab0c7fa51c0,craco,,,1634770081,1,0,0,0,0,0,0,0,0,0,0,0,0,0
dilanx/craco,0f59ef0617bf38780a7370a88054f668e82890cf,craco,,,1634824486,1,0,0,0,0,0,0,0,0,0,0,0,0,0
dilanx/craco,d3fc538c5cdde6ea13cab296785daa4870e47dcb,craco,,,1635127393,1,0,0,0,0,0,0,0,0,0,0,0,0,0
dilanx/craco,6f41383f90d024252ad00437d3daa0405608f16a,craco,,,1637315992,1,0,0,0,0,0,0,0,0,0,0,0,0,0
dilanx/craco,cdd02fcd669c63d4c0ca37de1eab1fe5effc5732,craco,,,1637340293,1,0,0,0,0,0,0,0,0,0,0,0,0,0
dilanx/craco,b18037c6acffc7e74ad426095c628d1306bf03ce,craco,,,1637340850,1,0,0,0,0,0,0,0,0,0,0,0,0,0
dilanx/craco,04806e3b5a2b08728a996a98d9a172fa8c85e1a0,craco,,,1637413811,1,0,0,0,0,0,0,0,0,0,0,0,0,0
dilanx/craco,ed076ff60e0017e5da7c79ba948f6fe46f69981d,craco,,,1637770947,1,0,0,0,0,0,0,0,0,0,0,0,0,0
dilanx/craco,e90069aa8c1d33be6b7f0c4a0e4e551e079de166,craco,,,1637771403,1,0,0,0,0,0,0,0,0,0,0,0,0,0
dilanx/craco,8ff0b64f78ca69794df329ab6e61d45d36bbf595,craco,,,1638271457,1,0,0,0,0,0,0,0,0,0,0,0,0,0
dilanx/craco,ab221048b57784aeea6b73cd8a88acae22afbe8d,craco,,,1639063694,1,0,0,0,0,0,0,0,0,0,0,0,0,0
dilanx/craco,8ab5cc92a963f1ed1c3c223ea46aea0cea5d6632,craco,,,1639064174,1,0,0,0,0,0,0,0,0,0,0,0,0,0
dilanx/craco,159e4e887262ea0bbfd1b91025b0325392c8e8b2,craco,,,1641019385,1,0,0,0,0,0,0,0,0,0,0,0,0,0
dilanx/craco,8db54e098515521d4cd06a139507fab2e94ab3e5,craco,,,1641137298,1,0,0,0,0,0,0,0,0,0,0,0,0,0
dilanx/craco,7aab18d485074588a4f63455ec2627340bd6240c,craco,,,1642430033,1,0,0,0,0,0,0,0,0,0,0,0,0,0
dilanx/craco,97a0506759bcbc0ca278c374d466f43b687317de,craco,,,1642623833,1,0,0,0,0,0,0,0,0,0,0,0,0,0
dilanx/craco,e83de6d800c0e5d7e3d548543be75447a23fa1a4,craco,,,1642695135,1,0,0,0,0,0,0,0,0,0,0,0,0,0
dilanx/craco,66ac68c1d51ca8bebdc2bb542621404d7af65460,craco,,,1643059286,1,0,0,0,0,0,0,0,0,0,0,0,0,0
dilanx/craco,130985670276a07c194657f208ff0fbf73383def,craco,,,1643122705,1,0,0,0,0,0,0,0,0,0,0,0,0,0
dilanx/craco,4ea199b89b115fcb1306a725bf3edfc919d55404,craco,,,1643124299,1,0,0,0,0,0,0,0,0,0,0,0,0,0
dilanx/craco,d499db42d5cb8f13fa31ab98e78afad90dd826a3,craco,,,1643289037,1,0,0,0,0,0,0,0,0,0,0,0,0,0
dilanx/craco,a187b8cb55e8e568882e8e60343d1ddf30715e95,craco,,,1643293740,1,0,0,0,0,0,0,0,0,0,0,0,0,0
dilanx/craco,948f3525412c0ab3031ca322459670c5d2bffa6b,craco,,,1643382929,1,0,0,0,0,0,0,0,0,0,0,0,0,0
dilanx/craco,e7d32196b6e98c8f77969155ab42ce5fd7616f27,craco,,,1643914861,1,0,0,0,0,0,0,0,0,0,0,0,0,0
dilanx/craco,e5f29d15392fc1e55b35dacd30a0a7d0a85951e9,craco,,,1643921910,1,0,0,0,0,0,0,0,0,0,0,0,0,0
dilanx/craco,fb3d13625dba9030bd345207ecbc54746d959e1c,craco,,,1645127992,1,0,0,0,0,0,0,0,0,0,0,0,0,0
dilanx/craco,956bf659c7ef4a2ee15dd45840d6884bcc82c9ec,craco,,,1645128265,1,0,0,0,0,0,0,0,0,0,0,0,0,0
dilanx/craco,2c9af5d8ea91da93c60db28de82c6fcc264d770d,craco,,,1645128330,1,0,0,0,0,0,0,0,0,0,0,0,0,0
dilanx/craco,65d7013758e9a500fd5c8560240e7e30978956ea,craco,,,1645128482,1,0,0,0,0,0,0,0,0,0,0,0,0,0
dilanx/craco,3f98ed1a5d7c5387f54dac2ae87c93e36ed626ad,craco,,,1645128508,1,0,0,0,0,0,0,0,0,0,0,0,0,0
dilanx/craco,3e6248b370b523bcc3f029f1d9f3f3357cc25565,craco,,,1645128556,1,0,0,0,0,0,0,0,0,0,0,0,0,0
dilanx/craco,99430f0b72473dfd93e50c4e42b475fb01abed0b,craco,,,1645128579,1,0,0,0,0,0,0,0,0,0,0,0,0,0
dilanx/craco,f8696b96aaf3937dbbd2a0f6801654666972473f,craco,,,1645128752,1,0,0,0,0,0,0,0,0,0,0,0,0,0
dilanx/craco,649e82e1e3809528db53d2462833aba73879094d,craco,,,1645128784,1,0,0,0,0,0,0,0,0,0,0,0,0,0
dilanx/craco,f74a88896d569013f872d5b505f8e70c769e0cbb,craco,,,1645521689,1,0,0,0,0,0,0,0,0,0,0,0,0,0
dilanx/craco,7ed1fe5299e9f1309db26bbadbdf3c5aa53a240b,craco,,,1645646454,1,0,0,0,0,0,0,0,0,0,0,0,0,0
dilanx/craco,c6571e6bd98b375bee1c87f2b9041255772844a2,craco,,,1645656126,1,0,0,0,0,0,0,0,0,0,0,0,0,0
dilanx/craco,d9b4aae99dd8267311b86ad034f93e5c84040a7d,craco,,,1645656147,1,0,0,0,0,0,0,0,0,0,0,0,0,0
dilanx/craco,1d44ea1238ceeef85f83b22d86c84cc6cd5e8d48,craco,,,1646903802,1,0,0,0,0,0,0,0,0,0,0,0,0,0
dilanx/craco,8a600f4645a5f397959c16138508a0283a057ea4,craco,,,1647361197,1,0,0,0,0,0,0,0,0,0,0,0,0,0
dilanx/craco,6390e24a5462098e4cfc570740187962269cb3c5,craco,,,1650924791,1,0,0,0,0,0,0,0,0,0,0,0,0,0
dilanx/craco,2b0f0a9b575e6a15869c3b60d90e6cf8170eab9e,craco,,,1655218318,1,0,0,0,0,0,0,0,0,0,0,0,0,0
dilanx/craco,d52cc5342acbfddb6ee32df84699cc4b4b9dfc6a,craco,,,1655315162,1,0,0,0,0,0,0,0,0,0,0,0,0,0
dilanx/craco,4221badb2c44635939826fbbf0eeb786dd320e48,craco,,,1655926720,1,0,0,0,0,0,0,0,0,0,0,0,0,0
dilanx/craco,7ab5c885adeabcfa1125c9e878c909c7fb4a6054,craco,,,1655926729,1,0,0,0,0,0,0,0,0,0,0,0,0,0
dilanx/craco,05416d178826816b03b4dd0dad183e46d3c6432b,@craco/craco,7.0.0-alpha4,4.7.4,1656206001,44,0,0,0,0,0,0,0,0,0,0,0,0,0
dilanx/craco,85ed4c18bb043d32337c6cf8608318060dee573d,craco,,,1656368461,1,0,0,0,0,0,0,0,0,0,0,0,0,0
dilanx/craco,60f930067d0cbf299e87685b244e1516558efa27,@craco/craco,7.0.0-alpha.4,4.7.4,1656478043,45,0,0,0,0,0,0,0,0,0,0,0,0,0
dilanx/craco,31fbbf23558c2c889211d2ce426fdcea3ba0ccea,@craco/craco,7.0.0-alpha.4,4.7.4,1656478594,45,0,0,0,0,0,0,0,0,0,0,0,0,0
dilanx/craco,e5644f10aa1d728bbf7bb8234c207b829bec03f7,@craco/craco,7.0.0-alpha.5,4.7.4,1656478849,45,0,0,0,0,0,0,0,0,0,0,0,0,0
dilanx/craco,c5ccbf9b377665ce44ebfdc4a25a2d0a90cafa26,@craco/craco,7.0.0-alpha.6,4.7.4,1656538685,47,0,0,0,0,0,0,0,0,0,0,0,0,0
dilanx/craco,dd1acd800740f70c2ddb1c00c0cccc09ab61f24b,@craco/craco,7.0.0-alpha.6,4.7.4,1656561168,47,0,0,0,0,0,0,0,0,0,0,0,0,0
dilanx/craco,369deadcbc9908cd0e906cef82a5f9f50a8dfc19,@craco/craco,7.0.0-alpha.6,4.7.4,1656697665,47,0,0,0,0,0,0,0,0,0,0,0,0,0
dilanx/craco,df837e0e0bc414378e8b4f137ec265ac14ba7173,craco,,,1656706174,1,0,0,0,0,0,0,0,0,0,0,0,0,0
dilanx/craco,a752c48ac50f45de30bf77d19ab59cf9021826a9,craco,,,1656706592,47,0,0,0,0,0,0,0,0,0,0,0,0,0
dilanx/craco,2426796445b154b6aa0ead12880f26ebafefce6c,craco,,,1656706784,1,0,0,0,0,0,0,0,0,0,0,0,0,0
dilanx/craco,29f9a957a0aa7a6426f031a40a0bfbf7124df0d4,@craco/craco,7.0.0-alpha.7,4.7.4,1656712075,47,0,0,0,0,0,0,0,0,0,0,0,0,0
dilanx/craco,629afc17ffb5508a5056cc1e6c213f0a249a8922,craco,,,1656790835,1,0,0,0,0,0,0,0,0,0,0,0,0,0
dilanx/craco,93d9507a0dc71ed0fe1c707bc0731ffc8e5c445e,craco,,,1656800080,1,0,0,0,0,0,0,0,0,0,0,0,0,0
dilanx/craco,b3d49ea69462547fa45f18a02ede7d55cbfec105,craco,,,1656912701,1,0,0,0,0,0,0,0,0,0,0,0,0,0
dilanx/craco,5200879207b6491eaf5154c2cf95fc4b1f9f8456,craco,,,1657229103,1,0,0,0,0,0,0,0,0,0,0,0,0,0
dilanx/craco,fabbdd64a35ecf0ff8c2483f353c75e47f6b4f8b,@craco/craco,7.0.0-alpha.8,4.7.4,1664680037,47,0,0,0,0,0,0,0,0,0,0,0,0,0
dilanx/craco,700050e3a54e7ef104534f17891c917e448edabf,craco,,,1664750410,47,0,0,0,0,0,0,0,0,0,0,0,0,0
dilanx/craco,f03a5287e887a4dc29ad4d5ada1ebc81466fa45a,craco,,,1664750467,47,0,0,0,0,0,0,0,0,0,0,0,0,0
dilanx/craco,b3cb0c7f431bfd52f3073d59da35b266ab56d5e1,craco,,,1664750695,47,0,0,0,0,0,0,0,0,0,0,0,0,0
dilanx/craco,a7c843dbeac15dd5c078f29223f610944319cbbb,craco,,,1664750712,47,0,0,0,0,0,0,0,0,0,0,0,0,0
dilanx/craco,3c227ce4e40dd5c77415a259aadf6caa0f2116c1,craco,,,1664751166,47,0,0,0,0,0,0,0,0,0,0,0,0,0
dilanx/craco,0e230381cb4034e5aff829762286b20159bf04ff,craco,,,1664751232,47,0,0,0,0,0,0,0,0,0,0,0,0,0
dilanx/craco,3b4293aa147404162ba02145fd7e105a39af9254,craco,,,1664751251,47,0,0,0,0,0,0,0,0,0,0,0,0,0
dilanx/craco,988b612b293d07e2a9e59d3021f2927f8de7e9fe,craco,,,1664751587,47,0,0,0,0,0,0,0,0,0,0,0,0,0
dilanx/craco,3785fbe4bd769b9809c15d6561fe851ba149bb4b,craco,,,1666905009,47,0,0,0,0,0,0,0,0,0,0,0,0,0
dilanx/craco,fa09aa85ff18f12711157fbd0c20b493f18ea632,craco,,,1666906458,47,0,0,0,0,0,0,0,0,0,0,0,0,0
dilanx/craco,8838545291e55429f344308e7e7b3c313f8e9833,craco,,,1666906588,47,0,0,0,0,0,0,0,0,0,0,0,0,0
dilanx/craco,da2052b43967a9ebbf742d4b9bc50cab7d74b010,craco,,,1666906634,47,0,0,0,0,0,0,0,0,0,0,0,0,0
dilanx/craco,8723470ad722c9c63fdaa8aa195f1849ec41b548,craco,,,1667062890,47,0,0,0,0,0,0,0,0,0,0,0,0,0
dilanx/craco,1a8b1976a913d9844aebbe68cff96a1a7eeefd03,craco,,,1667902302,47,0,0,0,0,0,0,0,0,0,0,0,0,0
dilanx/craco,096817f1f78854f3302e9588a5ea3db9abfbf468,craco,,,1667902371,47,0,0,0,0,0,0,0,0,0,0,0,0,0
dilanx/craco,f3d8d4a1441d3ff7713439728ea39df001a3ee52,craco,,,1667902515,47,0,0,0,0,0,0,0,0,0,0,0,0,0
dilanx/craco,6703ac2a2f6f823ac8fe66ceb7de8103bbd3dce6,craco,,,1667920300,47,0,0,0,0,0,0,0,0,0,0,0,0,0
dilanx/craco,ed9670dbdd801b359a3cbb37ec0ffc19bb5532ce,craco,,,1667938882,47,0,0,0,0,0,0,0,0,0,0,0,0,0
dilanx/craco,2ba3b81bf7dfd45846aecd8fbe0b9e29bfc91050,craco,,,1667939049,47,0,0,0,0,0,0,0,0,0,0,0,0,0
dilanx/craco,f4016a80f01883256b4c7635871502939f2bda82,craco,,,1667939718,47,0,0,0,0,0,0,0,0,0,0,0,0,0
dilanx/craco,539951f40f567108dedfb7e43b28ff6ed62945c2,craco,,,1667939974,47,0,0,0,0,0,0,0,0,0,0,0,0,0
dilanx/craco,41a2ec8f89e6b6b377a9e447b056207d70e1f4e9,craco,,,1667940880,47,0,0,0,0,0,0,0,0,0,0,0,0,0
dilanx/craco,655b59c8231109cbb00a2f1c597de92edb1c1d57,craco,,,1667945989,47,0,0,0,0,0,0,0,0,0,0,0,0,0
dilanx/craco,36921971a56a5cb89d46419d97c02e34a8cf2cb7,craco,,,1667946187,47,0,0,0,0,0,0,0,0,0,0,0,0,0
dilanx/craco,72a13e3c8920799d729d53d543eb0031026e7561,craco,,,1667946257,47,0,0,0,0,0,0,0,0,0,0,0,0,0
dilanx/craco,e0fb431262bd0cf6a0fbd723ad63898cc333dead,craco,,,1667946318,47,0,0,0,0,0,0,0,0,0,0,0,0,0
dilanx/craco,046dd502bc9c2f335425dab56e615ffeb5b792a5,craco,,,1667946500,47,0,0,0,0,0,0,0,0,0,0,0,0,0
dilanx/craco,c64f10aba4009886fda247c5321e6b7bdcb54493,craco,,,1668067957,47,0,0,0,0,0,0,0,0,0,0,0,0,0
dilanx/craco,4e7e363930e8d3d5f46ae34abc7b116214b61afb,craco,,,1668323601,47,0,0,0,0,0,0,0,0,0,0,0,0,0
dilanx/craco,1d37f4b9592a6d095212a5fd12d4790892806795,craco,,,1668408092,47,0,0,0,0,0,0,0,0,0,0,0,0,0
dilanx/craco,c13a0e250beaccf1e55f3d3a194eca529f5e78e0,craco,,,1668408410,47,0,0,0,0,0,0,0,0,0,0,0,0,0
dilanx/craco,a04f19186065169945e99041fc56a632c0196b23,craco,,,1668410512,46,0,0,0,0,0,0,0,0,0,0,0,0,0
dilanx/craco,27cca7d6fc54f3cded7f5e1222875d4866c62af8,craco,,,1668411642,46,0,0,0,0,0,0,0,0,0,0,0,0,0
dilanx/craco,7e9250a09a11a1650b3b4655db5c9197404818d4,craco,,,1668764814,46,0,0,0,0,0,0,0,0,0,0,0,0,0
dilanx/craco,9b55f69482e47efae8a4c5ada0f65415ffdc9daf,craco,,,1669960764,46,0,0,0,0,0,0,0,0,0,0,0,0,0
dilanx/craco,5b592c4e111cf630e3c16311053457c2e22c20ec,craco,,,1669961155,46,0,0,0,0,0,0,0,0,0,0,0,0,0
dilanx/craco,5ce67fd9a6d8e9534aaddadfdf006f5165b87838,craco,,,1670525440,46,0,0,0,0,0,0,0,0,0,0,0,0,0
dilanx/craco,752b5afc9275af2b7988d866b8991d50f7e89f70,craco,,,1670534537,46,0,0,0,0,0,0,0,0,0,0,0,0,0
dilanx/craco,82ba28bdc0fb13374b0c06cef23eceec4fbff911,craco,,,1670534674,46,0,0,0,0,0,0,0,0,0,0,0,0,0
dilanx/craco,9dd76e4014298806b6a08889410c9c320f182b31,craco,,,1671218245,46,0,0,0,0,0,0,0,0,0,0,0,0,0
dilanx/craco,e23beeba3408ad10a2b3a4d08cd82ddd2fa49dcf,craco,,,1671425007,46,0,0,0,0,0,0,0,0,0,0,0,0,0
dilanx/craco,8db75190f4cece3865e1254e6805449f1c25ea01,craco,,,1671530877,46,0,0,0,0,0,0,0,0,0,0,0,0,0
dilanx/craco,b5574919ff7a59cc41300347d558c19100bace16,craco,,,1671659543,46,0,0,0,0,0,0,0,0,0,0,0,0,0
dilanx/craco,47fb53b43c355099c2f381cb91693b94be4ee4c8,craco,,,1671659639,46,0,0,0,0,0,0,0,0,0,0,0,0,0
