maxogden/menubar,a24f79f1ff724c6b70e49b3fc5acb37a9118eda9,menubar,7.1.0,3.6.4,1578319961,9,0,0,0,0,0,0,0,0,0,0,0,0,0
maxogden/menubar,8e6bd0154aaee02a5d601bbe37c51c55065c3923,menubar,7.1.0,3.6.4,1579209040,9,0,0,0,0,0,0,0,0,0,0,0,0,0
maxogden/menubar,0b4527ceb9f0d0a9f962da95c525e7c9b85ee3d4,menubar,7.2.0,3.6.4,1579209130,9,0,0,0,0,0,0,0,0,0,0,0,0,0
maxogden/menubar,ad99c5add02ab6d0d751cf6bda8a2c96c674620f,menubar,7.2.0,3.7.5,1581331426,9,0,0,0,0,0,0,0,0,0,0,0,0,0
maxogden/menubar,d0c8aa26c0a7df3877377aa2ba99f5261e097906,menubar,8.0.0,3.7.5,1581331536,9,0,0,0,0,0,0,0,0,0,0,0,0,0
maxogden/menubar,c01f4e8b93800b89a014e91f522fa1154a34636d,menubar,8.0.0,3.7.5,1581332601,9,0,0,0,0,0,0,0,0,0,0,0,0,0
maxogden/menubar,1332b774372de69c04e2a098833ae35775c35cad,menubar,8.0.0,3.7.5,1584189498,9,0,0,0,0,0,0,0,0,0,0,0,0,0
maxogden/menubar,e665f61576551d4ac3a4e581f8936c510cbc55cd,menubar,8.0.1,3.7.5,1584189858,9,0,0,0,0,0,0,0,0,0,0,0,0,0
maxogden/menubar,9592f3437ce3660b6464f5b436ed111291eb75d3,menubar,8.0.1,3.7.5,1587978326,9,0,0,0,0,0,0,0,0,0,0,0,0,0
maxogden/menubar,a8607fa708d229d9124471127482fe461198f1f3,menubar,8.0.1,3.7.5,1587994280,9,0,0,0,0,0,0,0,0,0,0,0,0,0
maxogden/menubar,455af832cacf1b480ec828cc961521cd0715bafc,menubar,8.0.1,3.8.3,1587996716,9,0,0,0,0,0,0,0,0,0,0,0,0,0
maxogden/menubar,85573bd33f7252e6dfac120d0bb3417172516e45,menubar,8.0.2,3.8.3,1587996752,9,0,0,0,0,0,0,0,0,0,0,0,0,0
maxogden/menubar,84f42074544bb1c735dc7562f2217f524a486c09,menubar,8.0.2,3.8.3,1588582984,9,0,0,0,0,0,0,0,0,0,0,0,0,0
maxogden/menubar,4372b0a39dd88e0e37b459490566a4a658ff8158,menubar,8.0.2,3.8.3,1588584128,9,0,0,0,0,0,0,0,0,0,0,0,0,0
maxogden/menubar,44cf1b1e6cce83f9e63a39f1d32fbb664396e7bc,menubar,8.0.2,3.9.3,1590611405,9,0,0,0,0,0,0,0,0,0,0,0,0,0
maxogden/menubar,294d8599e769ed7bf319a1f3586d11e887c1626f,menubar,9.0.0,3.9.3,1590611436,9,0,0,0,0,0,0,0,0,0,0,0,0,0
maxogden/menubar,53d8f82b604ad5555f59108a97234ebf32e43f80,menubar,9.0.0,3.9.3,1590655139,9,0,0,0,0,0,0,0,0,0,0,0,0,0
maxogden/menubar,ada31e8ee3a23b4692e07e1a4e47ab6f990ae1e6,menubar,9.0.1,3.9.3,1590655186,9,0,0,0,0,0,0,0,0,0,0,0,0,0
maxogden/menubar,0a89177cc0ae307ab4c96ce06953860c1dce10ff,menubar,9.0.1,3.9.3,1591004576,9,0,0,0,0,0,0,0,0,0,0,0,0,0
maxogden/menubar,2c68fedff7be1cfaeb13d3147f4b9917553aaaa1,menubar,9.0.1,3.9.3,1594974714,9,0,0,0,0,0,0,0,0,0,0,0,0,0
maxogden/menubar,253b7ccbc6bf6bd9398221ece02c55bc7dbbdf4f,menubar,9.0.1,3.9.3,1594974727,9,0,0,0,0,0,0,0,0,0,0,0,0,0
maxogden/menubar,e934f7aa986885ad5df3994c999c25e467ef44a7,menubar,9.0.1,3.9.3,1602620955,9,0,0,0,0,0,0,0,0,0,0,0,0,0
maxogden/menubar,4120e1d84235f314f35a4b4728751a0bc5ed3115,menubar,9.0.1,3.9.3,1602620965,9,0,0,0,0,0,0,0,0,0,0,0,0,0
maxogden/menubar,52bbecaded453010a894b1ca9aa9ebd0871cf07a,menubar,9.0.1,3.9.3,1606605493,9,0,0,0,0,0,0,0,0,0,0,0,0,0
maxogden/menubar,b6def9fc92931b31a7cd2a741a9c387e6b9f3ba5,menubar,9.0.1,3.9.3,1607968426,9,0,0,0,0,0,0,0,0,0,0,0,0,0
maxogden/menubar,6d227de45c93a2c0afc0bd3de74922151b5c5b7f,menubar,9.0.1,3.9.3,1607968436,9,0,0,0,0,0,0,0,0,0,0,0,0,0
maxogden/menubar,4726584664148a57656c40872836ebba2d030980,menubar,9.0.1,3.9.3,1611167366,9,0,0,0,0,0,0,0,0,0,0,0,0,0
maxogden/menubar,211fc540598f1dad885a0d53e4b2f57e48eee131,menubar,9.0.2,3.9.3,1611167473,9,0,0,0,0,0,0,0,0,0,0,0,0,0
maxogden/menubar,4a8965628a0a1a7a14602fef3add7bef436a508f,menubar,9.0.2,3.9.3,1612800472,9,0,0,0,0,0,0,0,0,0,0,0,0,0
maxogden/menubar,334b42588733a8541af1b42da8957ab3cabcf5f8,menubar,9.0.2,3.9.3,1612800499,9,0,0,0,0,0,0,0,0,0,0,0,0,0
maxogden/menubar,771265ffc2f153a8dc9cc75b3bea6de209c1daf4,menubar,9.0.2,3.9.3,1612804247,9,0,0,0,0,0,0,0,0,0,0,0,0,0
maxogden/menubar,9c48b88ba0bc09c990e6f69a10ae928a8189a3d5,menubar,9.0.2,3.9.3,1612804261,9,0,0,0,0,0,0,0,0,0,0,0,0,0
maxogden/menubar,583865a6ea9d234e0f8bfc6d0e025d83d49af508,menubar,9.0.3,3.9.3,1614175855,9,0,0,0,0,0,0,0,0,0,0,0,0,0
maxogden/menubar,09240c87830aabda2fdc2309cb282b15da1d603c,menubar,9.0.3,3.9.3,1617662330,9,0,0,0,0,0,0,0,0,0,0,0,0,0
maxogden/menubar,c7d6640d722e7e6abc9f1c8cbe98b3d56e8d8310,menubar,9.0.3,3.9.3,1619686756,9,0,0,0,0,0,0,0,0,0,0,0,0,0
maxogden/menubar,2a187abe8923bb857f29787bb5b73310374964a9,menubar,9.0.3,3.9.3,1619686769,9,0,0,0,0,0,0,0,0,0,0,0,0,0
maxogden/menubar,c1f055daed76be2d0f408fda5d4835defcd59dcc,menubar,9.0.3,3.9.3,1620033945,9,0,0,0,0,0,0,0,0,0,0,0,0,0
maxogden/menubar,380c5dff6411b90db92550dfb4408862b93f7991,menubar,9.0.4,3.9.3,1620060333,9,0,0,0,0,0,0,0,0,0,0,0,0,0
maxogden/menubar,3230118eab3524381c542f7c6e06dfd1a9183793,menubar,9.0.4,3.9.3,1620635309,9,0,0,0,0,0,0,0,0,0,0,0,0,0
maxogden/menubar,3578e3d6c6c8a2cdb7ea18613860e6d819cb9970,menubar,9.0.4,3.9.3,1624536082,9,0,0,0,0,0,0,0,0,0,0,0,0,0
maxogden/menubar,3bdffcb55c991f86a95d1ae9ec621dd7258be1f4,menubar,9.0.4,3.9.3,1624536089,9,0,0,0,0,0,0,0,0,0,0,0,0,0
maxogden/menubar,1bd81f46b0392095db8fac7ad7312bc163650183,menubar,9.0.4,3.9.3,1624536095,9,0,0,0,0,0,0,0,0,0,0,0,0,0
maxogden/menubar,946e3dc0234abc8ad012b4a640c8b72498030ed9,menubar,9.0.4,3.9.3,1624536100,9,0,0,0,0,0,0,0,0,0,0,0,0,0
maxogden/menubar,c7e33b778deb3846e117aeaf3de18948fb5229eb,menubar,9.0.4,3.9.3,1624536106,9,0,0,0,0,0,0,0,0,0,0,0,0,0
maxogden/menubar,4c186473d6dc4b040813f82681dd8d1aba9834a9,menubar,9.0.4,3.9.3,1624539220,9,0,0,0,0,0,0,0,0,0,0,0,0,0
maxogden/menubar,fbf07bd0bd24b2aac26cdd1db61eb55924f3ee63,menubar,9.0.4,3.9.3,1624612839,9,0,0,0,0,0,0,0,0,0,0,0,0,0
maxogden/menubar,5d8e0c89996f67b58f059ec767a87db104a90292,menubar,9.0.4,3.9.3,1624878894,9,0,0,0,0,0,0,0,0,0,0,0,0,0
maxogden/menubar,23f43c55b4c02b83cd03cc6c129e50fb3de53f83,menubar,9.0.5,3.9.3,1624878937,9,0,0,0,0,0,0,0,0,0,0,0,0,0
maxogden/menubar,72045aad2df68079a0cb9fd41fb62b3faa30b2cd,menubar,9.0.5,3.9.3,1629027480,9,0,0,0,0,0,0,0,0,0,0,0,0,0
maxogden/menubar,8eaba8cdfcd3ce9427ee3ffd65b3426c62f65048,menubar,9.0.5,3.9.3,1634305787,9,0,0,0,0,0,0,0,0,0,0,0,0,0
maxogden/menubar,2844a4587eb4c7456b9095e9ab45db399357e97f,menubar,9.0.6,3.9.3,1634305871,9,0,0,0,0,0,0,0,0,0,0,0,0,0
maxogden/menubar,4a9930beda727eee0b4e69d309822eb6d878b82c,menubar,9.0.6,3.9.3,1634306104,9,0,0,0,0,0,0,0,0,0,0,0,0,0
maxogden/menubar,bb48ebd9809623577b625508b36b3015590b4fa5,menubar,9.0.6,3.9.3,1634306139,9,0,0,0,0,0,0,0,0,0,0,0,0,0
maxogden/menubar,8384bf24abe6138aded26fcd7bd6d1d7a325f319,menubar,9.0.6,3.9.3,1635337401,9,0,0,0,0,0,0,0,0,0,0,0,0,0
maxogden/menubar,a17328e44c7cdfe1ddf0cd4192c79ce07adfadd6,menubar,9.1.0,3.9.3,1635337608,9,0,0,0,0,0,0,0,0,0,0,0,0,0
maxogden/menubar,325e1517cfc407bc0ccc98be776d8d9590d6f119,menubar,9.1.0,3.9.3,1639039988,9,0,0,0,0,0,0,0,0,0,0,0,0,0
maxogden/menubar,3a9d726f78ddb56ea17dd5a0fe62b987ae2b36a3,menubar,9.1.1,3.9.3,1639040611,9,0,0,0,0,0,0,0,0,0,0,0,0,0
maxogden/menubar,22da47b2394b8f44985702d93a5669458a0af4af,menubar,9.1.1,3.9.3,1643823320,9,0,0,0,0,0,0,0,0,0,0,0,0,0
maxogden/menubar,fafc29f168e91369ad5d60a61abc0363076c303a,menubar,9.1.1,3.9.3,1648540748,9,0,0,0,0,0,0,0,0,0,0,0,0,0
maxogden/menubar,a56f7377f51b92e89ce4183fd4baca4e65e0edbb,menubar,9.1.2,3.9.3,1648540784,9,0,0,0,0,0,0,0,0,0,0,0,0,0
maxogden/menubar,3247986f164d8b2fb2912ab33beb25c9c6d8ece3,menubar,9.1.2,4.6.2,1649666900,9,0,0,0,0,0,0,0,0,0,0,0,0,0
maxogden/menubar,4d8cd6f6f0d8957f780adbe4c1733df51d86426d,menubar,9.2.0,4.6.2,1649667058,9,0,0,0,0,0,0,0,0,0,0,0,0,0
maxogden/menubar,6d0feb0e492681200966dde10a63a73cfb503138,menubar,9.2.0,4.6.2,1657522730,9,0,0,0,0,0,0,0,0,0,0,0,0,0
maxogden/menubar,c7d58b06ef83b969cf4f4f0d4a12e698a5a3856a,menubar,9.2.1,4.6.2,1657522869,9,0,0,0,0,0,0,0,0,0,0,0,0,0
maxogden/menubar,64b80d5f49ebb367b75e21e88af15fdc874cda86,menubar,9.2.1,4.6.2,1657523196,9,0,0,0,0,0,0,0,0,0,0,0,0,0
maxogden/menubar,4c027b22499c7c83a4d87b9aa17d5e86f3172b68,menubar,9.2.1,4.6.2,1660728451,9,0,0,0,0,0,0,0,0,0,0,0,0,0
maxogden/menubar,1a203581640e8a46cf3ead50d5a4bb4be149023e,menubar,9.2.2,4.6.2,1662411668,9,0,0,0,0,0,0,0,0,0,0,0,0,0
maxogden/menubar,c9d5b61da2b55e20e9b2d0f4c0181c57f33a27c3,menubar,9.2.2,4.6.2,1664985475,9,0,0,0,0,0,0,0,0,0,0,0,0,0
maxogden/menubar,3c4e5ab40ccb8cfb0516f224db068a448702d952,menubar,9.2.3,4.6.2,1664985760,9,0,0,0,0,0,0,0,0,0,0,0,0,0
maxogden/menubar,2ee2e6ab4991a5dd922d7f073d99dcc7a7802081,menubar,9.2.3,4.6.2,1664986322,9,0,0,0,0,0,0,0,0,0,0,0,0,0
maxogden/menubar,40222599e0520878d3c002de27047eabc4bcd51c,menubar,9.2.3,4.6.2,1664986429,9,0,0,0,0,0,0,0,0,0,0,0,0,0
maxogden/menubar,dbd06663c77d6ee199628561a6ce1042dc7c111a,menubar,9.2.3,4.6.2,1664986477,9,0,0,0,0,0,0,0,0,0,0,0,0,0
maxogden/menubar,82a5edd4159e1041abfa24af60f542872994afe9,menubar,9.2.3,4.6.2,1669678586,9,0,0,0,0,0,0,0,0,0,0,0,0,0
maxogden/menubar,39137c48d43b5e5eccec2a469db1c441bd1f50c0,menubar,9.2.3,4.6.2,1670067964,9,0,0,0,0,0,0,0,0,0,0,0,0,0
maxogden/menubar,6ba184f8172deab681bf724fcb3db83562a99c52,menubar,9.2.3,4.6.2,1670204116,9,0,0,0,0,0,0,0,0,0,0,0,0,0
