palantir/tslint,119458e17c5bd37ca84b6d7a7a4295649d2103c0,tslint,6.0.0-beta1,3.6.3,1578342822,324,0,0,0,0,0,0,0,0,0,0,0,0,0
palantir/tslint,bdd38c05ff763d5d4c218f643f5410a61fdb9552,tslint,6.0.0-beta1,3.6.3,1579635653,324,0,0,0,0,0,0,0,0,0,0,0,0,0
palantir/tslint,70e24bcb2379e0e60f7d3bfa91fc0c1b6c0c8a9c,tslint,6.0.0,3.6.3,1579636172,324,0,0,0,0,0,0,0,0,0,0,0,0,0
palantir/tslint,541bfed1b4597cf7e8e21b435c6889276ac2f17d,tslint,6.0.0,3.6.3,1580765959,324,0,0,0,0,0,0,0,0,0,0,0,0,0
palantir/tslint,51db50e58036757fd8ad3dd50904871873e65407,tslint,6.0.0,3.6.3,1583378110,324,0,0,0,0,0,0,0,0,0,0,0,0,0
palantir/tslint,cf2f4544c4f47654ffa03df25a4ce4b314867dcb,tslint,6.0.0,3.8.2,1583883232,324,0,0,0,0,0,0,0,0,0,0,0,0,0
palantir/tslint,0ebda9b11a4fe7f27f6eb25aedc552960ca584c6,tslint,6.1.0,3.8.2,1583889515,324,0,0,0,0,0,0,0,0,0,0,0,0,0
palantir/tslint,ead6583da98a8a6d3eba4e27793bef02e4c30a99,tslint,6.1.0,3.8.2,1584556383,324,0,0,0,0,0,0,0,0,0,0,0,0,0
palantir/tslint,8efa78e35a88b62775ce3c9bf0fa00586b0d34e1,tslint,6.1.1,3.8.2,1585793612,324,0,0,0,0,0,0,0,0,0,0,0,0,0
palantir/tslint,a66f3b3430b4d3f03ff93fcef94609b88809d4e1,tslint,6.1.1,3.8.2,1587226519,324,0,0,0,0,0,0,0,0,0,0,0,0,0
palantir/tslint,700f2238ad4e69c0f6515bcf9d29f7407c18e260,tslint,6.1.1,3.8.2,1587953034,324,0,0,0,0,0,0,0,0,0,0,0,0,0
palantir/tslint,4218876008f45892ed5707ca3c74148c8b55384d,tslint,6.1.1,3.8.2,1587953344,324,0,0,0,0,0,0,0,0,0,0,0,0,0
palantir/tslint,24d29e421828348f616bf761adb3892bcdf51662,tslint,6.1.2,3.8.2,1587953352,324,0,0,0,0,0,0,0,0,0,0,0,0,0
palantir/tslint,011667a7c337d7d9c9764eed0aa414bf0bed0cd0,tslint,6.1.2,3.8.2,1590514722,324,0,0,0,0,0,0,0,0,0,0,0,0,0
palantir/tslint,19fdb01ab015f7761bb1255da62ac9ce35fdf6fa,tslint,6.1.2,3.8.2,1590515468,324,0,0,0,0,0,0,0,0,0,0,0,0,0
palantir/tslint,0efa8ec920eee5848dc9afb262bff977d0723af8,tslint,6.1.2,4.0.0-beta,1596118644,324,0,0,0,0,0,0,0,0,0,0,0,0,0
palantir/tslint,10fc233b2555044b145c9bbd9f602d43e8df2216,tslint,6.1.3,4.0.0-beta,1596207571,324,0,0,0,0,0,0,0,0,0,0,0,0,0
palantir/tslint,285fc1db18d1fd24680d6a2282c6445abf1566ee,tslint,6.1.3,4.0.0-beta,1616686898,324,0,0,0,0,0,0,0,0,0,0,0,0,0
