prevwong/craft.js,6a5766caa5feeb0ad60fa76c1ff24ab27b283012,,,3.5.1,1577810692,30,0,0,0,0,0,0,0,0,0,0,0,0,0
prevwong/craft.js,4ed425d749bba8edf6177f9b0c804e94ed8e7a45,,,3.5.1,1577810734,30,0,0,0,0,0,0,0,0,0,0,0,0,0
prevwong/craft.js,54ada933d8644f71394e9d702223973da3be0509,,,3.5.1,1577810749,30,0,0,0,0,0,0,0,0,0,0,0,0,0
prevwong/craft.js,71e05d6d102767d5f7be3a575a5194b8a76218db,,,3.5.1,1577815458,30,0,0,0,0,0,0,0,0,0,0,0,0,0
prevwong/craft.js,52dfb23774c6330ae0f4f5125866a782aaeb07f4,,,3.5.1,1577815471,30,0,0,0,0,0,0,0,0,0,0,0,0,0
prevwong/craft.js,2ffa7d5ea2e8345e2e847ec0ece0a4fcb4c280bb,,,3.5.1,1577815490,30,0,0,0,0,0,0,0,0,0,0,0,0,0
prevwong/craft.js,049ee7a8c1711f23dab9aa1cf3b042f3260d60ed,,,3.5.1,1577816119,30,0,0,0,0,0,0,0,0,0,0,0,0,0
prevwong/craft.js,88c596f3e2f4aa0ebe8f45b641a433a0643d96d3,,,3.5.1,1577819950,30,0,0,0,0,0,0,0,0,0,0,0,0,0
prevwong/craft.js,1a6e9db3fa1e0cfa84b7ae53f417a3b7dff577ed,,,3.5.1,1577820714,30,0,0,0,0,0,0,0,0,0,0,0,0,0
prevwong/craft.js,423772cc0778cec7f6703c57b8bafa679254c7b8,,,3.5.1,1577822828,30,0,0,0,0,0,0,0,0,0,0,0,0,0
prevwong/craft.js,0e5c424218f95c6a5ef91cffaab726b6c7cfa3e5,,,3.5.1,1577823581,30,0,0,0,0,0,0,0,0,0,0,0,0,0
prevwong/craft.js,6ef66ec749937b5b494b714ed91e903faf70aced,,,3.5.1,1577824012,30,0,0,0,0,0,0,0,0,0,0,0,0,0
prevwong/craft.js,2a4b4454dfce3212b115dfe470ccad898e383e85,,,3.5.1,1577824307,30,0,0,0,0,0,0,0,0,0,0,0,0,0
prevwong/craft.js,859e2f1422bd04b8c96d68e2c9836bd0121fc258,,,3.5.1,1577824433,30,0,0,0,0,0,0,0,0,0,0,0,0,0
prevwong/craft.js,9fc43561a2f42437a4a6b9c6fb0a4e64668dd769,,,3.5.1,1577827112,30,0,0,0,0,0,0,0,0,0,0,0,0,0
prevwong/craft.js,1939d7b1b6e174f199d63af64630ae6db920006a,,,3.5.1,1577829168,30,0,0,0,0,0,0,0,0,0,0,0,0,0
prevwong/craft.js,bc9b8ad4c43a6160c366aa788e839c04446df291,,,3.5.1,1577890504,30,0,0,0,0,0,0,0,0,0,0,0,0,0
prevwong/craft.js,d00e1b737b40186a5de02ef18a0b0a2e84b6de14,,,3.5.1,1577905918,30,0,0,0,0,0,0,0,0,0,0,0,0,0
prevwong/craft.js,c6b38d82a8510fd128c394a462df61a34ba372ea,,,3.5.1,1577941984,30,0,0,0,0,0,0,0,0,0,0,0,0,0
prevwong/craft.js,2c551c7c801332fd517cd956bd9f37341f123a78,,,3.5.1,1577941991,30,0,0,0,0,0,0,0,0,0,0,0,0,0
prevwong/craft.js,3808369319f05da923d2d4d24b64935f4667788c,,,3.5.1,1577942006,30,0,0,0,0,0,0,0,0,0,0,0,0,0
prevwong/craft.js,677bac2426e0df7d06e2eb0cfab9db22fdbf776b,,,3.5.1,1577942022,30,0,0,0,0,0,0,0,0,0,0,0,0,0
prevwong/craft.js,a4fcb2fa5bea4bdb5a09ec4c72366f3d5657009d,,,3.5.1,1577942434,30,0,0,0,0,0,0,0,0,0,0,0,0,0
prevwong/craft.js,9ef0f2f161e66f157aa9afb2691805eefbd10aa8,,,3.5.1,1577942452,30,0,0,0,0,0,0,0,0,0,0,0,0,0
prevwong/craft.js,e0c7aed68e69247a6b4236fc7e5050b4b15362e0,,,3.5.1,1577952065,30,0,0,0,0,0,0,0,0,0,0,0,0,0
prevwong/craft.js,37ae66ca4f997384a80aa4f42c725a0a25965c26,,,3.5.1,1577953576,30,0,0,0,0,0,0,0,0,0,0,0,0,0
prevwong/craft.js,f869e25c72b1f4823804ada661d2d5509aac04d3,,,3.5.1,1577953762,30,0,0,0,0,0,0,0,0,0,0,0,0,0
prevwong/craft.js,5ca441456e0b6f9566e1235af63abb1ee891d5e2,,,3.5.1,1577961909,30,0,0,0,0,0,0,0,0,0,0,0,0,0
prevwong/craft.js,dc06e1bb1fe03255c6aa246a99fe019c34eda8f1,,,3.5.1,1577961945,30,0,0,0,0,0,0,0,0,0,0,0,0,0
prevwong/craft.js,ccfec588ff865d8a6dd629b6f5fd4ea73714f6e4,,,3.5.1,1577962065,30,0,0,0,0,0,0,0,0,0,0,0,0,0
prevwong/craft.js,611f861b6ab154a1c02649fcf48a429758c265fe,,,3.5.1,1577962088,30,0,0,0,0,0,0,0,0,0,0,0,0,0
prevwong/craft.js,3829b81fb762201b8c76537ea2086d491f877895,,,3.5.1,1577962097,30,0,0,0,0,0,0,0,0,0,0,0,0,0
prevwong/craft.js,87cf045c26cab2ac44f6562439e54289cd95602f,,,3.5.1,1577962108,30,0,0,0,0,0,0,0,0,0,0,0,0,0
prevwong/craft.js,3b7516c0ae226f0eb4f7b3564326e371a82d5b24,,,3.5.1,1577962257,30,0,0,0,0,0,0,0,0,0,0,0,0,0
prevwong/craft.js,eeca0201a4a3ae34ab0dad3d5060f53dcfac5499,,,3.5.1,1577966644,30,0,0,0,0,0,0,0,0,0,0,0,0,0
prevwong/craft.js,8f6ff6a8b0eb40e0d9f6843a83f9833a74d5a6e9,,,3.5.1,1577966672,30,0,0,0,0,0,0,0,0,0,0,0,0,0
prevwong/craft.js,465c651eada19b6406edaf6d480a74010b1ce51a,,,3.5.1,1577966688,30,0,0,0,0,0,0,0,0,0,0,0,0,0
prevwong/craft.js,3c0894546937836d931bbf5b0ef62fb06cc6fa7c,,,3.5.1,1577966710,30,0,0,0,0,0,0,0,0,0,0,0,0,0
prevwong/craft.js,f9103181cf4e7a0f714658a24f40e393ba351e2d,,,3.5.1,1577966720,30,0,0,0,0,0,0,0,0,0,0,0,0,0
prevwong/craft.js,15dd5eb8c86533f27a3b8b27c97298eed9996da3,,,3.5.1,1577967102,30,0,0,0,0,0,0,0,0,0,0,0,0,0
prevwong/craft.js,819c0142bdb436627cf93fbf09fff7f853d3e011,,,3.5.1,1577990472,30,0,0,0,0,0,0,0,0,0,0,0,0,0
prevwong/craft.js,7e48a69a1b6a3206face3ed120c7ade2be93c33d,,,3.5.1,1577990505,30,0,0,0,0,0,0,0,0,0,0,0,0,0
prevwong/craft.js,527c37ba14c80c891078b5a50f122709cc3f77a8,,,3.5.1,1577990526,30,0,0,0,0,0,0,0,0,0,0,0,0,0
prevwong/craft.js,9f9c4cf9043e8dac6eb503e358bead22df0829f3,,,3.5.1,1577990559,30,0,0,0,0,0,0,0,0,0,0,0,0,0
prevwong/craft.js,fe27b5fc89b4656b96b9dfc0a86e61841da662a7,,,3.5.1,1577990629,30,0,0,0,0,0,0,0,0,0,0,0,0,0
prevwong/craft.js,b7e0ac347dd066baecbea34c7f182a3d473cce9b,,,3.5.1,1577991016,30,0,0,0,0,0,0,0,0,0,0,0,0,0
prevwong/craft.js,a535ed70bc4549b444309f4cf099a14643b5c07d,,,3.5.1,1577991042,30,0,0,0,0,0,0,0,0,0,0,0,0,0
prevwong/craft.js,dd23a69ab787a7c3df884c3013d2f2fda566b16f,,,3.5.1,1577992819,30,0,0,0,0,0,0,0,0,0,0,0,0,0
prevwong/craft.js,7bd518174520f32784bdecd851000ef778f32db1,,,3.5.1,1577996382,30,0,0,0,0,0,0,0,0,0,0,0,0,0
prevwong/craft.js,140608a4f70fb672fd55ebdcc16093ce0a69cf5d,,,3.5.1,1578057176,30,0,0,0,0,0,0,0,0,0,0,0,0,0
prevwong/craft.js,b1197fe16b7c49deacbc9790ce8fc254bb12842b,,,3.5.1,1578057522,30,0,0,0,0,0,0,0,0,0,0,0,0,0
prevwong/craft.js,3051d687313e065ad034310bd043a98fad9220a1,,,3.5.1,1578057657,30,0,0,0,0,0,0,0,0,0,0,0,0,0
prevwong/craft.js,b2a4f38342e68613d25e4662766f4165788b0d5e,,,3.5.1,1578057667,30,0,0,0,0,0,0,0,0,0,0,0,0,0
prevwong/craft.js,66e4c6b45550cab9f45b0002145138d04a70b981,,,3.5.1,1578057680,30,0,0,0,0,0,0,0,0,0,0,0,0,0
prevwong/craft.js,aea35d07f1c8c40f797706ce0d022f6b72b10008,,,3.5.1,1578057810,30,0,0,0,0,0,0,0,0,0,0,0,0,0
prevwong/craft.js,50845226a678af8fbc75b758374ec8e0db4324d0,,,3.5.1,1578059676,30,0,0,0,0,0,0,0,0,0,0,0,0,0
prevwong/craft.js,e2963aab38d5b6dc1794ab66a5fc50a261fe3712,,,3.5.1,1578059686,30,0,0,0,0,0,0,0,0,0,0,0,0,0
prevwong/craft.js,8e7eb0f43427a016dcba8c9cfd1eb64c926aaefe,,,3.5.1,1578060857,30,0,0,0,0,0,0,0,0,0,0,0,0,0
prevwong/craft.js,a1747f20ca359dbe3d8ab214f2124bdec5455782,,,3.5.1,1578061041,30,0,0,0,0,0,0,0,0,0,0,0,0,0
prevwong/craft.js,918e464478e9ceb56904bb85b8edf724eec829a6,,,3.5.1,1578061645,30,0,0,0,0,0,0,0,0,0,0,0,0,0
prevwong/craft.js,6d0103f89f0a4cad2c5ffabea1991721b20cf420,,,3.5.1,1578061746,30,0,0,0,0,0,0,0,0,0,0,0,0,0
prevwong/craft.js,8283b16cb1c1018909e8ed397b8c09de48afbe57,,,3.5.1,1578061818,30,0,0,0,0,0,0,0,0,0,0,0,0,0
prevwong/craft.js,ab984cecc905cce6507b85c1ee1908bb434da4ea,,,3.5.1,1578061838,30,0,0,0,0,0,0,0,0,0,0,0,0,0
prevwong/craft.js,e3c6552f6ad379971fd27a8d707876836b79742f,,,3.5.1,1578062104,30,0,0,0,0,0,0,0,0,0,0,0,0,0
prevwong/craft.js,cb0ac6854fc93b67f2436ec509ba2faeca74c4d5,,,3.5.1,1578062338,30,0,0,0,0,0,0,0,0,0,0,0,0,0
prevwong/craft.js,8b293723d74562b165509fa539e82ad1ae453036,,,3.5.1,1578064398,30,0,0,0,0,0,0,0,0,0,0,0,0,0
prevwong/craft.js,f1bcd5de36e1384893821c30b311a4a745d0cebf,,,3.5.1,1578066057,30,0,0,0,0,0,0,0,0,0,0,0,0,0
prevwong/craft.js,e2335afafd2001ca0cea17edad36e32ef2125ed4,,,3.5.1,1578067709,30,0,0,0,0,0,0,0,0,0,0,0,0,0
prevwong/craft.js,f523af30c9bfe5de1c54f2cf19e60aad3ee05f8b,,,3.5.1,1578068090,30,0,0,0,0,0,0,0,0,0,0,0,0,0
prevwong/craft.js,bd3903ce9428369fd96231c92eaf1aa079472e4f,,,3.5.1,1578068393,30,0,0,0,0,0,0,0,0,0,0,0,0,0
prevwong/craft.js,c8acb1490a1eccae23ee48063ded952796599261,,,3.5.1,1578073481,30,0,0,0,0,0,0,0,0,0,0,0,0,0
prevwong/craft.js,25ce8beaeacb4ff749685ac506d9024c19637566,,,3.5.1,1578073537,30,0,0,0,0,0,0,0,0,0,0,0,0,0
prevwong/craft.js,891fbdc3e559e5eb06e3fbb92cca38a805220701,,,3.5.1,1578073552,30,0,0,0,0,0,0,0,0,0,0,0,0,0
prevwong/craft.js,ff50b9b1d76dc770746e7cf5dbc05f684ed2f989,,,3.5.1,1578076095,30,0,0,0,0,0,0,0,0,0,0,0,0,0
prevwong/craft.js,cd334b98ad7c8bf62658ec8547cf59b6f67d0ec3,,,3.5.1,1578076264,30,0,0,0,0,0,0,0,0,0,0,0,0,0
prevwong/craft.js,304a4581d82b36afb9083b67dd1d874b5bb5d581,,,3.5.1,1578076637,30,0,0,0,0,0,0,0,0,0,0,0,0,0
prevwong/craft.js,2c75efbaba1581433067e7e19573236a45297241,,,3.5.1,1578079717,30,0,0,0,0,0,0,0,0,0,0,0,0,0
prevwong/craft.js,fe606d2aaa0cb53a36773c8d8369dc6f8a4a857c,,,3.5.1,1578079806,30,0,0,0,0,0,0,0,0,0,0,0,0,0
prevwong/craft.js,0190beba995aca5308a2c82c1b319c590166a807,,,3.5.1,1578082396,30,0,0,0,0,0,0,0,0,0,0,0,0,0
prevwong/craft.js,f8c7e9ec9f6aabc4ad92151ad2de657a9f963694,,,3.5.1,1578082491,30,0,0,0,0,0,0,0,0,0,0,0,0,0
prevwong/craft.js,a5302a751420cc951f11e21ba23be50ebd005818,,,3.5.1,1578117749,30,0,0,0,0,0,0,0,0,0,0,0,0,0
prevwong/craft.js,265d832fb74a2538230c11ef1c4e42b166f5ba7e,,,3.5.1,1578118277,30,0,0,0,0,0,0,0,0,0,0,0,0,0
prevwong/craft.js,dec822a6a811a756925dc193e5559b56a234a703,,,3.5.1,1578118548,30,0,0,0,0,0,0,0,0,0,0,0,0,0
prevwong/craft.js,7f6e230b0949daf4bbaa383094f28c1cb10bfc26,,,3.5.1,1578119701,30,0,0,0,0,0,0,0,0,0,0,0,0,0
prevwong/craft.js,0fd8d4101258fdb73781779752dd11a7f06a5271,,,3.5.1,1578119747,30,0,0,0,0,0,0,0,0,0,0,0,0,0
prevwong/craft.js,b7c7e1b125146fc8cef66eb3c8ced7759a347f20,,,3.5.1,1578129582,30,0,0,0,0,0,0,0,0,0,0,0,0,0
prevwong/craft.js,936818e3aea568386985a22a244f52b1b6787586,,,3.5.1,1578130253,30,0,0,0,0,0,0,0,0,0,0,0,0,0
prevwong/craft.js,9870f7ca8ab27c0981beb1e6edbab21f6531186d,,,3.5.1,1578144034,30,0,0,0,0,0,0,0,0,0,0,0,0,0
prevwong/craft.js,789a3b90dc3105fe54d76c54cd328a63c832a5b8,,,3.5.1,1578152786,30,0,0,0,0,0,0,0,0,0,0,0,0,0
prevwong/craft.js,40d6251569ac4ab2b5df0d85dc9717d341820db5,,,3.5.1,1578166482,30,0,0,0,0,0,0,0,0,0,0,0,0,0
prevwong/craft.js,cfd7a2d98f99be198c841dfe8e844a3a85fa2572,,,3.5.1,1578166861,30,0,0,0,0,0,0,0,0,0,0,0,0,0
prevwong/craft.js,9c8d61a08bf7040cd90f0b2f9b2a3c46bf3b35c0,,,3.5.1,1578280434,30,0,0,0,0,0,0,0,0,0,0,0,0,0
prevwong/craft.js,d7323646f5bb8103670d4a7a8402ebd47b01ac17,,,3.5.1,1578280444,30,0,0,0,0,0,0,0,0,0,0,0,0,0
prevwong/craft.js,64d4ef9bc6044fddebf0a06f0fd101e63ace977e,,,3.5.1,1578281623,30,0,0,0,0,0,0,0,0,0,0,0,0,0
prevwong/craft.js,51566421c9e2bdd6d043cd52fc7f7732e3f8629a,,,3.5.1,1578283429,30,0,0,0,0,0,0,0,0,0,0,0,0,0
prevwong/craft.js,3e82a58ee06bf5474add8a81878cf54569d87b99,,,3.5.1,1578323534,30,0,0,0,0,0,0,0,0,0,0,0,0,0
prevwong/craft.js,f21f818d1fa6857818ec318bf267bb07e33a842e,,,3.5.1,1578323558,30,0,0,0,0,0,0,0,0,0,0,0,0,0
prevwong/craft.js,96764fa884f83337c3ba0f7428c44b3e4541a29a,,,3.5.1,1578323578,30,0,0,0,0,0,0,0,0,0,0,0,0,0
prevwong/craft.js,da0514d7941a48d223bea07735aae2607d19a36a,,,3.5.1,1578323608,30,0,0,0,0,0,0,0,0,0,0,0,0,0
prevwong/craft.js,4415d252e70ed5c9a52597abc06494d28e12ad05,,,3.5.1,1578323636,30,0,0,0,0,0,0,0,0,0,0,0,0,0
prevwong/craft.js,d4ab9dfa6b633077ed7b932538bbff1244a05b0e,,,3.5.1,1578323727,30,0,0,0,0,0,0,0,0,0,0,0,0,0
prevwong/craft.js,62e67fd4bc0b48e01fd707cb2618d0da12f0635d,,,3.5.1,1578323939,30,0,0,0,0,0,0,0,0,0,0,0,0,0
prevwong/craft.js,0691edc48905f6e055716b025e11cdff61024ffc,,,3.5.1,1578326487,30,0,0,0,0,0,0,0,0,0,0,0,0,0
prevwong/craft.js,d1c4fbf3666a97fa968022ebf4868505fae1f155,,,3.5.1,1578382653,30,0,0,0,0,0,0,0,0,0,0,0,0,0
prevwong/craft.js,2b6beb63af31b315770f0ed95408403bfa80cd5a,,,3.5.1,1578400801,30,0,0,0,0,0,0,0,0,0,0,0,0,0
prevwong/craft.js,90f63d42158a0f3a5982b9c2d19facc08004079a,,,3.5.1,1578401012,30,0,0,0,0,0,0,0,0,0,0,0,0,0
prevwong/craft.js,1455c046c1c389dda4390ab67d7db4f49726e8eb,,,3.5.1,1578416357,30,0,0,0,0,0,0,0,0,0,0,0,0,0
prevwong/craft.js,eb350aa91f0c98d3d5142f527de76ff428047f25,,,3.5.1,1578416394,30,0,0,0,0,0,0,0,0,0,0,0,0,0
prevwong/craft.js,298ad0caa55c4342229abe850f0efa6a1344621c,,,3.5.1,1578583808,30,0,0,0,0,0,0,0,0,0,0,0,0,0
prevwong/craft.js,a46fbef65846d46db6d0ae1824447ac66d8de32c,,,3.5.1,1578734835,30,0,0,0,0,0,0,0,0,0,0,0,0,0
prevwong/craft.js,91253fbefbb30e6c14d1982208133272ee12152a,,,3.5.1,1578736635,30,0,0,0,0,0,0,0,0,0,0,0,0,0
prevwong/craft.js,552eda52b57e352b5230106f6ca0142a5417a3fd,,,3.5.1,1578736680,30,0,0,0,0,0,0,0,0,0,0,0,0,0
prevwong/craft.js,cd1d18d9f33e97980ea2f3792321bbfb3a3c35f7,,,3.5.1,1578736957,30,0,0,0,0,0,0,0,0,0,0,0,0,0
prevwong/craft.js,f7314118715b199ad9961347772601907e7bc4f7,,,3.5.1,1578739325,30,0,0,0,0,0,0,0,0,0,0,0,0,0
prevwong/craft.js,30cf1955b6266b63084b52dd98886db47ad42b37,,,3.5.1,1578739372,30,0,0,0,0,0,0,0,0,0,0,0,0,0
prevwong/craft.js,bdee007edc5bb972e687b988b7095f7b8695a213,,,3.5.1,1578739389,30,0,0,0,0,0,0,0,0,0,0,0,0,0
prevwong/craft.js,c1dd7c45147241cd7f4c870a40528ab1312ec2ae,,,3.5.1,1578739485,30,0,0,0,0,0,0,0,0,0,0,0,0,0
prevwong/craft.js,7035ff844c816b6316209bf903a303e860822eb9,,,3.5.1,1578769054,30,0,0,0,0,0,0,0,0,0,0,0,0,0
prevwong/craft.js,b8704c66fe137c06686cf1c62addc7627ebd956a,,,3.5.1,1578769066,30,0,0,0,0,0,0,0,0,0,0,0,0,0
prevwong/craft.js,a31ab25bda2d9f58bacea122b30abc0ad4e38a2e,,,3.5.1,1578769132,30,0,0,0,0,0,0,0,0,0,0,0,0,0
prevwong/craft.js,3f967eac36819ab677200243b3fe18dda4337599,,,3.5.1,1578769278,30,0,0,0,0,0,0,0,0,0,0,0,0,0
prevwong/craft.js,391505e74c70971baaacf8b204c7283ff433d8f0,,,3.5.1,1578769300,30,0,0,0,0,0,0,0,0,0,0,0,0,0
prevwong/craft.js,123814542b2b3cd2c0ab35c29be4408a711d0652,,,3.5.1,1578770324,30,0,0,0,0,0,0,0,0,0,0,0,0,0
prevwong/craft.js,9c472b94730b54070dcb42d1d650755616771f49,,,3.5.1,1578933984,30,0,0,0,0,0,0,0,0,0,0,0,0,0
prevwong/craft.js,41b03db92fe4f1783243421a5d3f2a241ae0431f,,,3.5.1,1579011411,30,0,0,0,0,0,0,0,0,0,0,0,0,0
prevwong/craft.js,cf5392b5d990c299b9c2c154248eec83e78dc663,,,3.5.1,1579028155,30,0,0,0,0,0,0,0,0,0,0,0,0,0
prevwong/craft.js,3c1aa997151da02e7bc6f156bb61b52d7a7bbf8a,,,3.5.1,1579076758,30,0,0,0,0,0,0,0,0,0,0,0,0,0
prevwong/craft.js,dd06fdbea64a0edd39386339f3e748ee6c9b7114,,,3.5.1,1579231157,30,0,0,0,0,0,0,0,0,0,0,0,0,0
prevwong/craft.js,cd413fbb35de507e6390fd45bd8f09a6eaeb7ccf,,,3.5.1,1579231171,30,0,0,0,0,0,0,0,0,0,0,0,0,0
prevwong/craft.js,3a9ee47d33214b740bdeb64a9f097deacde5b697,,,3.5.1,1579231179,30,0,0,0,0,0,0,0,0,0,0,0,0,0
prevwong/craft.js,05df4e806a46581d7be527ea6c8bee8386366404,,,3.5.1,1579231844,30,0,0,0,0,0,0,0,0,0,0,0,0,0
prevwong/craft.js,cf01dce6c59a571a2feba66b5b5d8c12b74a1418,,,3.5.1,1579232081,30,0,0,0,0,0,0,0,0,0,0,0,0,0
prevwong/craft.js,d2a869a20f31574be124136ac1552bb42270cb70,,,3.5.1,1579232088,30,0,0,0,0,0,0,0,0,0,0,0,0,0
prevwong/craft.js,06cd4354a496f52fbd3ef39afee770df287e3613,,,3.5.1,1579232118,30,0,0,0,0,0,0,0,0,0,0,0,0,0
prevwong/craft.js,8a387f516545f7f53707c81bc2abac8596021120,,,3.5.1,1579232127,30,0,0,0,0,0,0,0,0,0,0,0,0,0
prevwong/craft.js,b7ddab297ebee84859ca04a1168d37e8c4eb0b54,,,3.5.1,1579236951,30,0,0,0,0,0,0,0,0,0,0,0,0,0
prevwong/craft.js,2b09d30f538acf1977da3d1030ed4274e9cfb7d8,,,3.5.1,1579257903,30,0,0,0,0,0,0,0,0,0,0,0,0,0
prevwong/craft.js,aefe7b359f40f5caed9ae07f8702d3b7696ff5ae,,,3.5.1,1579258029,30,0,0,0,0,0,0,0,0,0,0,0,0,0
prevwong/craft.js,2d2297d1e8065abfde3f4d2dd77e8566128b3603,,,3.5.1,1579258057,30,0,0,0,0,0,0,0,0,0,0,0,0,0
prevwong/craft.js,b818b6f0626a209b24d92ec329ebd9890862eda9,,,3.5.1,1579258158,30,0,0,0,0,0,0,0,0,0,0,0,0,0
prevwong/craft.js,53c2dcbd8568e8a1aa9f644544eca520374373b1,,,3.5.1,1579364025,30,0,0,0,0,0,0,0,0,0,0,0,0,0
prevwong/craft.js,5bff434c7b3d7208726a680bd9666a34c876035d,,,3.5.1,1579364719,30,0,0,0,0,0,0,0,0,0,0,0,0,0
prevwong/craft.js,e8cbca83d70a9016d5d8905b293fc9839137f0d5,,,3.5.1,1579379235,30,0,0,0,0,0,0,0,0,0,0,0,0,0
prevwong/craft.js,23ab8abf57587a0829d6d9dcd3cc26904855af6f,,,3.5.1,1579379897,30,0,0,0,0,0,0,0,0,0,0,0,0,0
prevwong/craft.js,bf32bffdb5fc7eb475a3c55ef05b08a89dd80bd7,,,3.5.1,1580313175,30,0,0,0,0,0,0,0,0,0,0,0,0,0
prevwong/craft.js,61057221e36616f6e96e19080e44d5a5d1d8a7f5,,,3.5.1,1580394838,30,0,0,0,0,0,0,0,0,0,0,0,0,0
prevwong/craft.js,e3633772c7c86d1389bb991ff2e3035e144c584c,,,3.5.1,1580400105,30,0,0,0,0,0,0,0,0,0,0,0,0,0
prevwong/craft.js,d984076ce7ea1acafbc5c677d26ed9d04a53a287,,,3.5.1,1580400487,30,0,0,0,0,0,0,0,0,0,0,0,0,0
prevwong/craft.js,32a09ef0af6af2a4d6d8cb81c676e2c2f65650c0,,,3.5.1,1580400737,30,0,0,0,0,0,0,0,0,0,0,0,0,0
prevwong/craft.js,d17995911ba05f25ac06cec00120c6232fd3b373,,,3.5.1,1580400814,30,0,0,0,0,0,0,0,0,0,0,0,0,0
prevwong/craft.js,0eab2af2abfe8ec43bf719131a04708002a11869,,,3.5.1,1580804679,30,0,0,0,0,0,0,0,0,0,0,0,0,0
prevwong/craft.js,fef5fc61991c233f739b448507559fbd7e124ddf,,,3.5.1,1580805301,30,0,0,0,0,0,0,0,0,0,0,0,0,0
prevwong/craft.js,5564f7f522db6330646ddee875e214d99c589e31,,,3.5.1,1580806645,30,0,0,0,0,0,0,0,0,0,0,0,0,0
prevwong/craft.js,f563249b6b144dc0ef78a50908fd136d1fef61d3,,,3.5.1,1582127552,30,0,0,0,0,0,0,0,0,0,0,0,0,0
prevwong/craft.js,818532d4d9a3192558cd6119a15c0055f1dace82,,,3.5.1,1582280801,30,0,0,0,0,0,0,0,0,0,0,0,0,0
prevwong/craft.js,cc1eafb0a50a543858b3d3340b18ee7006ff8668,,,3.5.1,1582301272,30,0,0,0,0,0,0,0,0,0,0,0,0,0
prevwong/craft.js,3963104bbf72b6bb56b4b9204bf50790af874f63,,,3.5.1,1582561920,30,0,0,0,0,0,0,0,0,0,0,0,0,0
prevwong/craft.js,cda0d1a7f8dd94dc59fab6a33261af4dee1ebf97,,,3.5.1,1582561949,30,0,0,0,0,0,0,0,0,0,0,0,0,0
prevwong/craft.js,56c002c5a03e8ef8c37a9f2f584931420601ed5b,,,3.5.1,1582562621,30,0,0,0,0,0,0,0,0,0,0,0,0,0
prevwong/craft.js,e7e2932097e42a8caf5d5bd53ce8aca2eb98ee91,,,3.5.1,1582823137,30,0,0,0,0,0,0,0,0,0,0,0,0,0
prevwong/craft.js,12c7dd5b174341d454246d6d57fdb2a84d3a28b3,,,3.5.1,1582832107,30,0,0,0,0,0,0,0,0,0,0,0,0,0
prevwong/craft.js,912e743669ed0a0703ad181d6c5ea274b990503f,,,3.5.1,1582833752,30,0,0,0,0,0,0,0,0,0,0,0,0,0
prevwong/craft.js,e200f119976768561bbafd8e103493b3e651f017,,,3.5.1,1582833776,30,0,0,0,0,0,0,0,0,0,0,0,0,0
prevwong/craft.js,7ad3fcd60e3ca0f1e5ca2a5425e3baa57ddb1844,,,3.5.1,1582834428,30,0,0,0,0,0,0,0,0,0,0,0,0,0
prevwong/craft.js,e769ddc978a1a29085b5a240da21076c7e52d532,,,3.5.1,1582834523,30,0,0,0,0,0,0,0,0,0,0,0,0,0
prevwong/craft.js,91a99df4346f8a66724beee8a699ca370f0fb697,,,3.5.1,1582834546,30,0,0,0,0,0,0,0,0,0,0,0,0,0
prevwong/craft.js,f6b960b5a67a321fcb8a2fdc65bacdcb8cf5105b,,,3.5.1,1582834642,30,0,0,0,0,0,0,0,0,0,0,0,0,0
prevwong/craft.js,537fdca5fbbe85778147bcf4eceb5ee6544c0057,,,3.5.1,1582834971,30,0,0,0,0,0,0,0,0,0,0,0,0,0
prevwong/craft.js,830affcf322fe2f2a56081266a4d97bd9ae73437,,,3.5.1,1582835841,30,0,0,0,0,0,0,0,0,0,0,0,0,0
prevwong/craft.js,5789be0d7b7dd1c79b114ffa080ea53ccbbd2a53,,,3.5.1,1582835956,30,0,0,0,0,0,0,0,0,0,0,0,0,0
prevwong/craft.js,76422f97c829c18858bb7b3de9a00254f1cc38b7,,,3.5.1,1582836101,30,0,0,0,0,0,0,0,0,0,0,0,0,0
prevwong/craft.js,b069650c7d430433304370e3a4ebef35e14ea835,,,3.5.1,1582836134,30,0,0,0,0,0,0,0,0,0,0,0,0,0
prevwong/craft.js,b2a2176f447d08f3eba8f1d2e2252cb6d87589fb,,,3.5.1,1582870129,30,0,0,0,0,0,0,0,0,0,0,0,0,0
prevwong/craft.js,1b1c436767a2b6c39514c37b29aa8e54b82e39cc,,,3.5.1,1582870786,30,0,0,0,0,0,0,0,0,0,0,0,0,0
prevwong/craft.js,fd5afb3d40ac202d55e36d4837a3cf671b46b49a,,,3.5.1,1582870880,30,0,0,0,0,0,0,0,0,0,0,0,0,0
prevwong/craft.js,2d81fe8c7f70dc478c5387d8f4a0d789f47782c7,,,3.5.1,1582871005,30,0,0,0,0,0,0,0,0,0,0,0,0,0
prevwong/craft.js,3ef073267974f2894695e39db7d5d25e0d2771ab,,,3.5.1,1582871211,30,0,0,0,0,0,0,0,0,0,0,0,0,0
prevwong/craft.js,3964857d24dde0b9bfeaf4fb1689e3df9788f0e4,,,3.5.1,1582874043,30,0,0,0,0,0,0,0,0,0,0,0,0,0
prevwong/craft.js,7cc37aee4de112b8acd4d84de1576c6b615e5a18,,,3.5.1,1582874059,30,0,0,0,0,0,0,0,0,0,0,0,0,0
prevwong/craft.js,189e83a07c966f51bcfe16368bd25045e766975b,,,3.5.1,1582904338,30,0,0,0,0,0,0,0,0,0,0,0,0,0
prevwong/craft.js,7cea05e19849c7cea2213f9c6a39ca80c2676649,,,3.5.1,1582905018,30,0,0,0,0,0,0,0,0,0,0,0,0,0
prevwong/craft.js,4b4b4836232003ad6022f9a73e7eb96088d17460,,,3.5.1,1582905297,30,0,0,0,0,0,0,0,0,0,0,0,0,0
prevwong/craft.js,0a846b8e19e3498c2e04abf62626d37e40b65540,,,3.5.1,1582911105,30,0,0,0,0,0,0,0,0,0,0,0,0,0
prevwong/craft.js,0babf34ee4e648ae0b4a05b8dc6f900249287a75,,,3.5.1,1582912095,30,0,0,0,0,0,0,0,0,0,0,0,0,0
prevwong/craft.js,bd02af84bff19396fbd5b4ea2119f127fe2000fb,,,3.5.1,1582918455,30,0,0,0,0,0,0,0,0,0,0,0,0,0
prevwong/craft.js,7b04d36fef5dff9335d3e1a8f6d111e9a3f5d650,,,3.5.1,1583062887,30,0,0,0,0,0,0,0,0,0,0,0,0,0
prevwong/craft.js,b84c49f489a6ff93f0bea0e3ef0552bff50d6989,,,3.5.1,1583340033,30,0,0,0,0,0,0,0,0,0,0,0,0,0
prevwong/craft.js,8b401b375c363549e8f46bdb828f229d58226357,,,3.5.1,1584048751,30,0,0,0,0,0,0,0,0,0,0,0,0,0
prevwong/craft.js,583531cd5e043a3e7a3387ddb51381bc0d4ed45a,,,3.5.1,1584212727,30,0,0,0,0,0,0,0,0,0,0,0,0,0
prevwong/craft.js,c6b9b27999fcae450f3f1dd11b445f7d466a50f1,,,3.5.1,1584281078,30,0,0,0,0,0,0,0,0,0,0,0,0,0
prevwong/craft.js,907deded00e2b5908d6469909c7838d567eccc0c,,,3.5.1,1584648442,33,0,0,0,0,0,0,0,0,0,0,0,0,0
prevwong/craft.js,1986303516c96c15c5cfecbcacb2b90b9a2d82b0,,,3.5.1,1584648609,33,0,0,0,0,0,0,0,0,0,0,0,0,0
prevwong/craft.js,37794cf39dec6d07a611d88bf630f7c61510fcae,,,3.5.1,1584648631,33,0,0,0,0,0,0,0,0,0,0,0,0,0
prevwong/craft.js,c6fcb2682ffda2a43e4ea14b1da8dba79cfe3bd6,,,3.5.1,1584649597,33,0,0,0,0,0,0,0,0,0,0,0,0,0
prevwong/craft.js,1c2837eaea7b18ef6cfee7b53eed7500f1c46b67,,,3.5.1,1584719373,33,0,0,0,0,0,0,0,0,0,0,0,0,0
prevwong/craft.js,33ac3da72de0aa0edcc34e11ee8a0863105a7a54,,,3.5.1,1584729166,33,0,0,0,0,0,0,0,0,0,0,0,0,0
prevwong/craft.js,c9761e535b8bd272f210bf64ca4fb09a5ba1d3a3,,,3.5.1,1584729247,34,0,0,0,0,0,0,0,0,0,0,0,0,0
prevwong/craft.js,d84a16673e605004a05fff162398e325396af039,,,3.5.1,1584729261,34,0,0,0,0,0,0,0,0,0,0,0,0,0
prevwong/craft.js,05649df9f00811853714d8d8bc3398369d80fbfd,,,3.5.1,1584729284,35,0,0,0,0,0,0,0,0,0,0,0,0,0
prevwong/craft.js,399715a998ad5e2272f5a93d7e92822bc39e9582,,,3.5.1,1584729310,35,0,0,0,0,0,0,0,0,0,0,0,0,0
prevwong/craft.js,1d74c9b115c2ee6ed63a42cf178025be5eafa0fb,,,3.5.1,1584729508,35,0,0,0,0,0,0,0,0,0,0,0,0,0
prevwong/craft.js,b093bc99f17d22d5be430aac250936527eb581bc,,,3.5.1,1584729850,30,0,0,0,0,0,0,0,0,0,0,0,0,0
prevwong/craft.js,b73709fab9c18fd8c079a34d63ada53e66092218,,,3.5.1,1584730988,30,0,0,0,0,0,0,0,0,0,0,0,0,0
prevwong/craft.js,584b2dceac14b3e5e99cf8af912a2e064b0733a6,,,3.5.1,1584731289,30,0,0,0,0,0,0,0,0,0,0,0,0,0
prevwong/craft.js,c30c915a23bddf0aa5e6121fb7fc7f329b625688,,,3.5.1,1584778969,35,0,0,0,0,0,0,0,0,0,0,0,0,0
prevwong/craft.js,550c805238f511926fb1314d0e49aea72c4441bd,,,3.5.1,1584779026,35,0,0,0,0,0,0,0,0,0,0,0,0,0
prevwong/craft.js,246409d5db2e4c2931351e7a065849dfc76b0f7c,,,3.5.1,1584797015,34,0,0,0,0,0,0,0,0,0,0,0,0,0
prevwong/craft.js,9f19a05bd405a871a97a468ce90bdc2af4559349,,,3.5.1,1584797170,34,0,0,0,0,0,0,0,0,0,0,0,0,0
prevwong/craft.js,4cee27f0f539d3bde5c7f26734c5b4af9e9add3f,,,3.5.1,1584797182,34,0,0,0,0,0,0,0,0,0,0,0,0,0
prevwong/craft.js,85304ac533df1b8bd60e8ebdde4bcf140d082ff3,,,3.5.1,1584797200,34,0,0,0,0,0,0,0,0,0,0,0,0,0
prevwong/craft.js,b27f8db4867d7c530603ee808880dd5285b75700,,,3.5.1,1584797328,34,0,0,0,0,0,0,0,0,0,0,0,0,0
prevwong/craft.js,e0397a9d86560c868c627a73fc4827168512dd8b,,,3.5.1,1584801433,34,0,0,0,0,0,0,0,0,0,0,0,0,0
prevwong/craft.js,d9a942ce0dcf477fe645f965b1a6e112af0224be,,,3.5.1,1584804539,34,0,0,0,0,0,0,0,0,0,0,0,0,0
prevwong/craft.js,c7a4a7f46e05725eb0b9f6f9ec4a102cffff22b7,,,3.5.1,1584817012,34,0,0,0,0,0,0,0,0,0,0,0,0,0
prevwong/craft.js,849f764d5159465546eadf029489d44a618fc35f,,,3.5.1,1584817076,34,0,0,0,0,0,0,0,0,0,0,0,0,0
prevwong/craft.js,c833b47e4d2dba1fb6d3e25b77c6daba48c127ca,,,3.5.1,1584818229,34,0,0,0,0,0,0,0,0,0,0,0,0,0
prevwong/craft.js,29c1ab895fcb1f8dcceb934cec82b6e079399b34,,,3.5.1,1584819272,30,0,0,0,0,0,0,0,0,0,0,0,0,0
prevwong/craft.js,9f2eee010c4c9519c7f50d1ee6a59d85905fbfe2,,,3.5.1,1584865858,30,0,0,0,0,0,0,0,0,0,0,0,0,0
prevwong/craft.js,2ecd3d79269cd7b69d1b2d3a1942fa6aca4ed8a2,,,3.5.1,1584952794,30,0,0,0,0,0,0,0,0,0,0,0,0,0
prevwong/craft.js,a6132adc36489f433ab36b9ae2b595a8ea7208a1,,,3.5.1,1584953735,34,0,0,0,0,0,0,0,0,0,0,0,0,0
prevwong/craft.js,a20ea65e7af0b373a9d7a842a0b6f1d9eb9d5759,,,3.5.1,1584953769,34,0,0,0,0,0,0,0,0,0,0,0,0,0
prevwong/craft.js,010c1a1f8ba77615b2a5bdfbf03625779709de46,,,3.5.1,1585119193,34,0,0,0,0,0,0,0,0,0,0,0,0,0
prevwong/craft.js,eb7224eabcd004633fc6285cdb2ae1a3cc225ab8,,,3.5.1,1585120716,34,0,0,0,0,0,0,0,0,0,0,0,0,0
prevwong/craft.js,e9eca61fdc8e5086169fc836b08f0d9b4c3ea9ff,,,3.5.1,1585121565,34,0,0,0,0,0,0,0,0,0,0,0,0,0
prevwong/craft.js,dd80511a798afbb1ca6d3a6ca8c2e56ea6822ca5,,,3.5.1,1585148649,34,0,0,0,0,0,0,0,0,0,0,0,0,0
prevwong/craft.js,48b358cee08b13a80df8f9d8b1c1655b4bde5023,,,3.5.1,1585148849,34,0,0,0,0,0,0,0,0,0,0,0,0,0
prevwong/craft.js,b24881e4366d6c9ed91caeaa4093e84eeb1b9700,,,3.5.1,1585231491,34,0,0,0,0,0,0,0,0,0,0,0,0,0
prevwong/craft.js,7fe562a6d99fd9669eb2ff06203a538724049b5c,,,3.5.1,1585241585,34,0,0,0,0,0,0,0,0,0,0,0,0,0
prevwong/craft.js,332172cffa8136046455a68aa14ffe760b4d61ac,,,3.5.1,1585454133,34,0,0,0,0,0,0,0,0,0,0,0,0,0
prevwong/craft.js,236b010cb2681630561dfc6e653cf6e88c2cd032,,,3.5.1,1585454950,34,0,0,0,0,0,0,0,0,0,0,0,0,0
prevwong/craft.js,ca3a03ed65268aad319053a277a6823c94622e09,,,3.5.1,1585466020,34,0,0,0,0,0,0,0,0,0,0,0,0,0
prevwong/craft.js,20dce0424bd56ac4744e897872a1d784cbbc3857,,,3.5.1,1585466602,34,0,0,0,0,0,0,0,0,0,0,0,0,0
prevwong/craft.js,0e55287cf03fd0144726280bef53f36ea0a32d58,,,3.5.1,1585466962,34,0,0,0,0,0,0,0,0,0,0,0,0,0
prevwong/craft.js,ef6f60c20e326bf2d5dcd70c282f0aa620b0a754,,,3.5.1,1585467018,34,0,0,0,0,0,0,0,0,0,0,0,0,0
prevwong/craft.js,f286a12bf6ddf729a4df9ad07ab84809b97cb90b,,,3.5.1,1585714123,34,0,0,0,0,0,0,0,0,0,0,0,0,0
prevwong/craft.js,878b5e35fee56ce0dfe4b1d7bd74e4d315375291,,,3.5.1,1585726084,34,0,0,0,0,0,0,0,0,0,0,0,0,0
prevwong/craft.js,00821ee066013b02d6c236113b10cc770e66b2c2,,,3.5.1,1585742114,34,0,0,0,0,0,0,0,0,0,0,0,0,0
prevwong/craft.js,d86014121e606a55d4de4629cd33d8d1d51e9f5c,,,3.5.1,1585742175,34,0,0,0,0,0,0,0,0,0,0,0,0,0
prevwong/craft.js,421944e90bf7afa9345f3cb709abc7893c3e865c,,,3.5.1,1585742190,34,0,0,0,0,0,0,0,0,0,0,0,0,0
prevwong/craft.js,d987281a4a1a77271f5842e4456a84faf4b0017b,,,3.5.1,1585742398,34,0,0,0,0,0,0,0,0,0,0,0,0,0
prevwong/craft.js,3bba7952342c2e10e790d02157ba104d214ed736,,,3.5.1,1585742415,34,0,0,0,0,0,0,0,0,0,0,0,0,0
prevwong/craft.js,5e7e60b75e10b5380b9be01acd3fb8c1563bfa99,,,3.5.1,1585742430,34,0,0,0,0,0,0,0,0,0,0,0,0,0
prevwong/craft.js,91a7760b213b1ed8e3d0d31abb71f87faf9cbf65,,,3.5.1,1585743123,34,0,0,0,0,0,0,0,0,0,0,0,0,0
prevwong/craft.js,775c72724f65cd2256e290445da9e45b69e578d2,,,3.5.1,1585744159,34,0,0,0,0,0,0,0,0,0,0,0,0,0
prevwong/craft.js,d8dd7f5c058b23db9b87379f51fc466db49695db,,,3.5.1,1585744730,34,0,0,0,0,0,0,0,0,0,0,0,0,0
prevwong/craft.js,25b60816748593b9bf796594dda3abfabb483602,,,3.5.1,1585744761,34,0,0,0,0,0,0,0,0,0,0,0,0,0
prevwong/craft.js,18822ab38d0e5637d803ac06a21c4c6bd4f83e14,,,3.5.1,1585816447,34,0,0,0,0,0,0,0,0,0,0,0,0,0
prevwong/craft.js,2ca47cee021e57206adc5684ed685242896a130b,,,3.5.1,1585816485,34,0,0,0,0,0,0,0,0,0,0,0,0,0
prevwong/craft.js,386c561ea0c562ff189fde14296b38c8ca0525f7,,,3.5.1,1587028504,34,0,0,0,0,0,0,0,0,0,0,0,0,0
prevwong/craft.js,cf5ad71dd2efa08492bdaffe66500b8d59d6f2f1,,,3.5.1,1587112642,34,0,0,0,0,0,0,0,0,0,0,0,0,0
prevwong/craft.js,775ad5df41bfd6ba0413eeae4edeaa01720f78f9,,,3.5.1,1587115077,34,0,0,0,0,0,0,0,0,0,0,0,0,0
prevwong/craft.js,2fab8e2f2bc4504e0612c7b176921e7dc201ae50,,,3.5.1,1587115769,34,0,0,0,0,0,0,0,0,0,0,0,0,0
prevwong/craft.js,1d125d6feb71b2e45096231477ba0f68eb7171ff,,,3.5.1,1587976419,34,0,0,0,0,0,0,0,0,0,0,0,0,0
prevwong/craft.js,9cba583228e6bfd78547e059fd526e1bf8d7fdd3,,,3.5.1,1588078261,34,0,0,0,0,0,0,0,0,0,0,0,0,0
prevwong/craft.js,b87d5d7dbb2e39c213ecc87b7b2167d65a27dff8,,,3.5.1,1588766604,34,0,0,0,0,0,0,0,0,0,0,0,0,0
prevwong/craft.js,20ac59804c7ff8728c87c8720c289f0344be8673,,,3.5.1,1588773361,34,0,0,0,0,0,0,0,0,0,0,0,0,0
prevwong/craft.js,d1dd78e65ffe9e56054d7ac6ae6262e898377dfe,,,3.5.1,1589003122,34,0,0,0,0,0,0,0,0,0,0,0,0,0
prevwong/craft.js,6147a24fe13bf3152bbc9fc61f9b7eb9acb8c3f1,,,3.5.1,1589633951,34,0,0,0,0,0,0,0,0,0,0,0,0,0
prevwong/craft.js,8fa6f008d42291791a6d999422dacb3da4ef70e5,,,3.5.1,1589639465,42,0,0,0,0,0,0,0,0,0,0,0,0,0
prevwong/craft.js,a2da0f62178703d752043936684f6212f30a73de,,,3.5.1,1591445627,42,0,0,0,0,0,0,0,0,0,0,0,0,0
prevwong/craft.js,09534b8fba4ea42b787fe8f5efb93ab52f0e9ebb,,,3.5.1,1591947559,42,0,0,0,0,0,0,0,0,0,0,0,0,0
prevwong/craft.js,d6a6f617a644c947493bdb1f6e5b98ff3d680fb1,,,3.5.1,1591947560,42,0,0,0,0,0,0,0,0,0,0,0,0,0
prevwong/craft.js,7269653a4295dd59d83345ce706084d4392f702a,,,3.5.1,1591947560,42,0,0,0,0,0,0,0,0,0,0,0,0,0
prevwong/craft.js,009cd8cf4280c33eefdeb2f291af61daf55a4824,,,3.5.1,1591947561,42,0,0,0,0,0,0,0,0,0,0,0,0,0
prevwong/craft.js,8c61b844f1e1af8636b30ba5f3313ddab4b375e0,,,3.5.1,1591947561,42,0,0,0,0,0,0,0,0,0,0,0,0,0
prevwong/craft.js,02987dd61fc143c2c7046c4f8bfeea8007db36ab,,,3.5.1,1591947561,42,0,0,0,0,0,0,0,0,0,0,0,0,0
prevwong/craft.js,1f2ddbcc1f8309c3eec63f9ae5851fbaa307134e,,,3.5.1,1591959532,42,0,0,0,0,0,0,0,0,0,0,0,0,0
prevwong/craft.js,6d0fa532d339b3125317c4e55f7cdaf362e461db,,,3.5.1,1591960469,42,0,0,0,0,0,0,0,0,0,0,0,0,0
prevwong/craft.js,172a89bc87b3205bf24ba406840fe2b358db2aa0,,,3.5.1,1591960673,42,0,0,0,0,0,0,0,0,0,0,0,0,0
prevwong/craft.js,c511dc0456a2e7038994fdf3d22a959295d3f803,,,3.5.1,1591961671,42,0,0,0,0,0,0,0,0,0,0,0,0,0
prevwong/craft.js,d94da644b50aa22c215713692f302c7c361db715,,,3.5.1,1591968264,42,0,0,0,0,0,0,0,0,0,0,0,0,0
prevwong/craft.js,dfec66bb444f63fd647dd5e7c5efb6bbd6b0a9ff,,,3.5.1,1591969284,42,0,0,0,0,0,0,0,0,0,0,0,0,0
prevwong/craft.js,15fe44990d3ba75e5596342fbd77313026df787b,,,3.5.1,1592053443,42,0,0,0,0,0,0,0,0,0,0,0,0,0
prevwong/craft.js,a78f22492650f878afd37f83e99cc96a56f27b7e,,,3.5.1,1592053449,42,0,0,0,0,0,0,0,0,0,0,0,0,0
prevwong/craft.js,31b23f9c7138d167a5b51bd50bdb16d9649c1f52,,,3.5.1,1592125997,42,0,0,0,0,0,0,0,0,0,0,0,0,0
prevwong/craft.js,d548b60aa12a1d5e914dfe7481c7879d9b725793,,,3.5.1,1592126019,42,0,0,0,0,0,0,0,0,0,0,0,0,0
prevwong/craft.js,60aca5bba08f48005f351dbd57965765a243f0ec,,,3.5.1,1592134700,42,0,0,0,0,0,0,0,0,0,0,0,0,0
prevwong/craft.js,171a0753dc08e0a17bed4fc28b7dc4015d0b9295,,,3.5.1,1592134734,42,0,0,0,0,0,0,0,0,0,0,0,0,0
prevwong/craft.js,f1a7b05ab374db1098230d42b54b7700155e5910,,,3.5.1,1592135637,42,0,0,0,0,0,0,0,0,0,0,0,0,0
prevwong/craft.js,7f787bcbfddb7ac0a94bdd4034efc8023fb110a7,,,3.5.1,1592680291,42,0,0,0,0,0,0,0,0,0,0,0,0,0
prevwong/craft.js,73225d6f6190eef47fa3812aa840c5dd716ed7a7,,,3.5.1,1592709811,42,0,0,0,0,0,0,0,0,0,0,0,0,0
prevwong/craft.js,14ae6675f2b5a58ec38c0c40134588bd53f9f484,,,3.5.1,1592709987,42,0,0,0,0,0,0,0,0,0,0,0,0,0
prevwong/craft.js,844e373818acb6286fae90be588ec9cdc8f0dbab,,,3.5.1,1592750910,42,0,0,0,0,0,0,0,0,0,0,0,0,0
prevwong/craft.js,bcd6471931db960d94f03dccebd989d1f2a85094,,,3.5.1,1592796011,42,0,0,0,0,0,0,0,0,0,0,0,0,0
prevwong/craft.js,a8c709aa176e6d9c8ba4f49aae25ebd6da7ff522,,,3.5.1,1593261182,42,0,0,0,0,0,0,0,0,0,0,0,0,0
prevwong/craft.js,161c8ecfeaf524ed3395dee3d7ee22698c94eedc,,,3.5.1,1593330324,42,0,0,0,0,0,0,0,0,0,0,0,0,0
prevwong/craft.js,cd1c7f04f40d1757db425708bccee3c6135f101b,,,3.5.1,1593332353,42,0,0,0,0,0,0,0,0,0,0,0,0,0
prevwong/craft.js,323b80077462c3f1abcecdc456d03279da54113e,,,3.5.1,1593332563,42,0,0,0,0,0,0,0,0,0,0,0,0,0
prevwong/craft.js,af58774390af7819a9c612231bb66858b24622d5,,,3.5.1,1593351748,42,0,0,0,0,0,0,0,0,0,0,0,0,0
prevwong/craft.js,9590ffffb6279328fb79886e8ef15fcbc3648b2f,,,3.5.1,1593352458,42,0,0,0,0,0,0,0,0,0,0,0,0,0
prevwong/craft.js,5b6af8c6bfe94cdc3033b71d95fd0cbe114a137d,,,3.5.1,1593353667,42,0,0,0,0,0,0,0,0,0,0,0,0,0
prevwong/craft.js,6c9bdb709c0ad34c570f96c21f77048b5fd3f3ec,,,3.5.1,1593354364,42,0,0,0,0,0,0,0,0,0,0,0,0,0
prevwong/craft.js,47c5c326a98bf6dfc40c08fa5e02bd7fd51d9035,,,3.5.1,1593355355,42,0,0,0,0,0,0,0,0,0,0,0,0,0
prevwong/craft.js,8d20862bc23c25787697fe6e2d917a77f0dede75,,,3.5.1,1593356112,42,0,0,0,0,0,0,0,0,0,0,0,0,0
prevwong/craft.js,2fbdc4fef259b4ce881958bdbf0a2792ff3f6c84,,,3.5.1,1594816610,42,0,0,0,0,0,0,0,0,0,0,0,0,0
prevwong/craft.js,a3666c0597376e14331ec1cf4a7c27ec456c8eef,,,3.5.1,1594816797,42,0,0,0,0,0,0,0,0,0,0,0,0,0
prevwong/craft.js,cfe449eb35c1d0f0687b7e4ddea716ae0cc250db,,,3.5.1,1594816848,42,0,0,0,0,0,0,0,0,0,0,0,0,0
prevwong/craft.js,ece7df292d0085679b5cc40e265a7840b9366acc,,,3.5.1,1594819594,42,0,0,0,0,0,0,0,0,0,0,0,0,0
prevwong/craft.js,3819aeec0ec5e9eb29309f3a4f7b69b4c22a6f63,,,3.5.1,1595260932,42,0,0,0,0,0,0,0,0,0,0,0,0,0
prevwong/craft.js,937c839b6c9a721f5bf3b1d990ca123e800675d2,,,3.5.1,1595295341,43,0,0,0,0,0,0,0,0,0,0,0,0,0
prevwong/craft.js,31a5e97c0c947c83f7422ff7a6d54376b1d79f6a,,,3.5.1,1595299754,43,0,0,0,0,0,0,0,0,0,0,0,0,0
prevwong/craft.js,58b2dc38cd5e42ca669e1ee455715f95dc29e649,,,3.5.1,1595299845,43,0,0,0,0,0,0,0,0,0,0,0,0,0
prevwong/craft.js,48e9c7301e228bd2c09e5345a2ddf68c71ebd875,,,3.5.1,1595299963,43,0,0,0,0,0,0,0,0,0,0,0,0,0
prevwong/craft.js,f3546cceeb33d8e0087eb524836fce2db93ac7b0,,,3.5.1,1595305400,43,0,0,0,0,0,0,0,0,0,0,0,0,0
prevwong/craft.js,dc4cb9c50401b2b0bd9d63c6463ba33723c92864,,,3.5.1,1595306490,43,0,0,0,0,0,0,0,0,0,0,0,0,0
prevwong/craft.js,85307875eb3fce554fe46c31b6c1d5dd75ff1a72,,,3.5.1,1595307145,43,0,0,0,0,0,0,0,0,0,0,0,0,0
prevwong/craft.js,7b24f3a79149e99895906e04e7d72da62752bdd7,,,3.5.1,1595307195,43,0,0,0,0,0,0,0,0,0,0,0,0,0
prevwong/craft.js,93da243a99a761d6093638fa948821f54b04abcd,,,3.5.1,1597511446,44,0,0,0,0,0,0,0,0,0,0,0,0,0
prevwong/craft.js,d84dedb197814df42f31cb24d44f193df660eada,,,3.5.1,1597511456,44,0,0,0,0,0,0,0,0,0,0,0,0,0
prevwong/craft.js,3d1653291fae23dc9df75214d2bf6161f622f469,,,3.5.1,1597516518,44,0,0,0,0,0,0,0,0,0,0,0,0,0
prevwong/craft.js,565ba322cedf1c7c85cb1f33302863b32e61f12f,,,3.5.1,1597582761,46,0,0,0,0,0,0,0,0,0,0,0,0,0
prevwong/craft.js,1b630f4d161c659ae2df5295fed401625f3e1a80,,,3.5.1,1597582838,47,0,0,0,0,0,0,0,0,0,0,0,0,0
prevwong/craft.js,06445ec0521f5ecc36d0e1354f08c695bac85aed,,,3.5.1,1597582913,47,0,0,0,0,0,0,0,0,0,0,0,0,0
prevwong/craft.js,6f552930cccd31dc70fd1217919f668437a03148,,,3.5.1,1597582983,47,0,0,0,0,0,0,0,0,0,0,0,0,0
prevwong/craft.js,3350c3bebedb29c07106f4f410d492e4651bee95,,,3.5.1,1597584570,47,0,0,0,0,0,0,0,0,0,0,0,0,0
prevwong/craft.js,47cf52a3a66c8738997f6cb99be8858228c94fac,,,3.5.1,1597584661,47,0,0,0,0,0,0,0,0,0,0,0,0,0
prevwong/craft.js,dd91ebd173dd282ad8ee0b334b372c004b45f4eb,,,3.5.1,1597593911,47,0,0,0,0,0,0,0,0,0,0,0,0,0
prevwong/craft.js,f93eb2b678318c3537d85e0c95dde7bc4acc5839,,,3.5.1,1597593994,47,0,0,0,0,0,0,0,0,0,0,0,0,0
prevwong/craft.js,408d8749b4aeecd550b6b924b1b315e867e4e54a,,,3.5.1,1597594001,47,0,0,0,0,0,0,0,0,0,0,0,0,0
prevwong/craft.js,ee677fe76049840fa739336267c32a28754cb6c4,,,3.5.1,1597595212,47,0,0,0,0,0,0,0,0,0,0,0,0,0
prevwong/craft.js,1143bf6c1c48a67109509459fb64249e43ff5bff,,,3.5.1,1599283051,47,0,0,0,0,0,0,0,0,0,0,0,0,0
prevwong/craft.js,b45c210e5b519fd23e0bb95761580c034e4c963c,,,3.5.1,1599283537,47,0,0,0,0,0,0,0,0,0,0,0,0,0
prevwong/craft.js,e388c0dee8e9703190687148872ac605f03679d2,,,3.5.1,1600931018,47,0,0,0,0,0,0,0,0,0,0,0,0,0
prevwong/craft.js,48003771bb496fdaa36f474ba7cedd323abacc87,,,3.5.1,1600933564,47,0,0,0,0,0,0,0,0,0,0,0,0,0
prevwong/craft.js,cf73a69d95fcf89ed6e981faca27608d8454f26d,,,3.5.1,1604158106,47,0,0,0,0,0,0,0,0,0,0,0,0,0
prevwong/craft.js,42c72b62fc487edad1df302be40e1066bf901b3c,,,3.5.1,1604556223,47,0,0,0,0,0,0,0,0,0,0,0,0,0
prevwong/craft.js,17c74c78294f9dd52a10f3cd8f3d910b8c5d1b60,,,3.5.1,1604561218,47,0,0,0,0,0,0,0,0,0,0,0,0,0
prevwong/craft.js,3f69646474be34bbaa388c4423124c744ddd44f8,,,3.5.1,1604561254,47,0,0,0,0,0,0,0,0,0,0,0,0,0
prevwong/craft.js,51621edad3b11a5b1ddc031bb4771c6754d13ce1,,,3.5.1,1604566053,47,0,0,0,0,0,0,0,0,0,0,0,0,0
prevwong/craft.js,1f57f5c8098457a6bf641a8a46bddf09bc406bbc,,,3.5.1,1604566098,47,0,0,0,0,0,0,0,0,0,0,0,0,0
prevwong/craft.js,c1aafcbf07618c249f2ad1198af219a78840c554,,,3.5.1,1604567779,47,0,0,0,0,0,0,0,0,0,0,0,0,0
prevwong/craft.js,a89290b22fbde0bea6926e2af6d325cc419e3fe9,,,3.5.1,1604569473,47,0,0,0,0,0,0,0,0,0,0,0,0,0
prevwong/craft.js,be0ee35781f73082278a744bb19e3bf73abe8c76,,,3.5.1,1604573740,47,0,0,0,0,0,0,0,0,0,0,0,0,0
prevwong/craft.js,40fbd153414d0b35dce6025f367318a933c4187f,,,3.5.1,1604573783,48,0,0,0,0,0,0,0,0,0,0,0,0,0
prevwong/craft.js,f0efaa0dffa500b972ecc7eca0ecf5e62e368120,,,3.5.1,1604575324,48,0,0,0,0,0,0,0,0,0,0,0,0,0
prevwong/craft.js,12dab772e7d1cd6cfb127138e2b28b4c87c00ca3,,,3.5.1,1604591659,48,0,0,0,0,0,0,0,0,0,0,0,0,0
prevwong/craft.js,befebf63c68b349bfca60fc20b7d887bbbdaf6cf,,,3.5.1,1604592753,48,0,0,0,0,0,0,0,0,0,0,0,0,0
prevwong/craft.js,e1e1e11404d42f1a0c507b6ccea997bffd7f2161,,,3.5.1,1604641064,48,0,0,0,0,0,0,0,0,0,0,0,0,0
prevwong/craft.js,5476dbd324e7f318b93774879d8856966e3a4328,,,3.5.1,1604644185,48,0,0,0,0,0,0,0,0,0,0,0,0,0
prevwong/craft.js,2b09e3824cfb4f3b660a3f3bb14a14aba108ef34,,,3.5.1,1604644967,48,0,0,0,0,0,0,0,0,0,0,0,0,0
prevwong/craft.js,5fa9949bc329bcd3354816ead93e890087005c8c,,,3.5.1,1604645503,48,0,0,0,0,0,0,0,0,0,0,0,0,0
prevwong/craft.js,f4db46bdd7386e8996bd5a7b315d35c1c768d2d0,,,3.5.1,1604645746,48,0,0,0,0,0,0,0,0,0,0,0,0,0
prevwong/craft.js,a00ef333d147f882791d606c41bc088a7330d713,,,3.5.1,1604652233,48,0,0,0,0,0,0,0,0,0,0,0,0,0
prevwong/craft.js,21918fc4bc9e290c18bd97881adff8ec12f01c73,,,3.5.1,1604850467,48,0,0,0,0,0,0,0,0,0,0,0,0,0
prevwong/craft.js,6f14f9e9185cd9b0a22a1bcbf2634e32ee595b36,,,3.5.1,1604851282,48,0,0,0,0,0,0,0,0,0,0,0,0,0
prevwong/craft.js,27752f412aad8d68b22546b8d5102ea19b6f08f6,,,3.5.1,1604852199,48,0,0,0,0,0,0,0,0,0,0,0,0,0
prevwong/craft.js,2ef45f94cf96710fd2b82a22029afb6d5611d5f2,,,3.5.1,1604852270,48,0,0,0,0,0,0,0,0,0,0,0,0,0
prevwong/craft.js,108c6dd24061b1279fd8a2f730e8311a3d4baea8,,,3.5.1,1604853573,48,0,0,0,0,0,0,0,0,0,0,0,0,0
prevwong/craft.js,466358b2604fbe5c40bc2d8dad35d51252de2d48,,,3.5.1,1604853691,48,0,0,0,0,0,0,0,0,0,0,0,0,0
prevwong/craft.js,7b6ecc9812ed251a1fea305b26f76df4c19b6ef8,,,3.5.1,1604855543,48,0,0,0,0,0,0,0,0,0,0,0,0,0
prevwong/craft.js,5d912203bf152fedf5bdec88f0cf46cd9c68e7fc,,,3.5.1,1604855602,48,0,0,0,0,0,0,0,0,0,0,0,0,0
prevwong/craft.js,d5e9d5b2c7b9a08fae21a758f14907a4228495e7,,,3.5.1,1604856042,48,0,0,0,0,0,0,0,0,0,0,0,0,0
prevwong/craft.js,344940a51fc8ebbe45cbe1149bb4f704ecbdfc80,,,3.5.1,1604891672,53,0,0,0,0,0,0,0,0,0,0,0,0,0
prevwong/craft.js,88da1e5117923791d65fdac612f6b0217f45f6f4,,,3.5.1,1604891951,48,0,0,0,0,0,0,0,0,0,0,0,0,0
prevwong/craft.js,3c5bfad68a65b33dfa1e5d1647ca5ee48c31f945,,,3.5.1,1604892064,48,0,0,0,0,0,0,0,0,0,0,0,0,0
prevwong/craft.js,75285b20fe7fc37390c5b3bfd7b43719b0d022f8,,,3.5.1,1604892135,48,0,0,0,0,0,0,0,0,0,0,0,0,0
prevwong/craft.js,ecbc7cdf773b2c4c6b04ce2e7a2d662c14cb909c,,,3.5.1,1604892390,53,0,0,0,0,0,0,0,0,0,0,0,0,0
prevwong/craft.js,ea5abf5ae8e1f7637402a4c13acd2d5218107a1a,,,3.5.1,1604892390,53,0,0,0,0,0,0,0,0,0,0,0,0,0
prevwong/craft.js,0a14fe4f3661edd684effcff11bc141a3ed94cbe,,,3.5.1,1604893221,53,0,0,0,0,0,0,0,0,0,0,0,0,0
prevwong/craft.js,9259bfd30fc98c7ed53b302b513859a1cac66ee5,,,3.5.1,1606213625,53,0,0,0,0,0,0,0,0,0,0,0,0,0
prevwong/craft.js,8e858a9ecc261dd4d59a9a07cc495b2b840cf81b,,,3.5.1,1606296114,53,0,0,0,0,0,0,0,0,0,0,0,0,0
prevwong/craft.js,712e750df95fbacc957886352b8be66e232c03e6,,,3.5.1,1607079987,53,0,0,0,0,0,0,0,0,0,0,0,0,0
prevwong/craft.js,f489adf9620bdf2416fdc72460cca0ffe8c976f1,,,3.5.1,1607080244,53,0,0,0,0,0,0,0,0,0,0,0,0,0
prevwong/craft.js,02d0ba6b3ce30f73c134e45b48eb9bd0c8a246d7,,,3.5.1,1609731942,53,0,0,0,0,0,0,0,0,0,0,0,0,0
prevwong/craft.js,16aedd434f40bfecde488bb0b17933e415d982e5,,,3.5.1,1609732668,48,0,0,0,0,0,0,0,0,0,0,0,0,0
prevwong/craft.js,d6eac77776c965a518a5e1898c89995e3e3aa4cd,,,3.5.1,1609733248,48,0,0,0,0,0,0,0,0,0,0,0,0,0
prevwong/craft.js,98bfee4dea28ccc022e8721932262bc0f7c7a727,,,3.5.1,1609733292,48,0,0,0,0,0,0,0,0,0,0,0,0,0
prevwong/craft.js,ff2b3cfaa7c1b83ad49a2addba0fe1b43f6f418a,,,3.5.1,1609733355,53,0,0,0,0,0,0,0,0,0,0,0,0,0
prevwong/craft.js,3213ead4e7395f561b72d5cae74475e532ba486c,,,3.5.1,1609733365,53,0,0,0,0,0,0,0,0,0,0,0,0,0
prevwong/craft.js,f39c66082bcd1fa258ce53572d2c5b08dbb67812,,,3.5.1,1609733365,53,0,0,0,0,0,0,0,0,0,0,0,0,0
prevwong/craft.js,96cea61412017074f7079c7e4816c5d44e7c7bfa,,,3.5.1,1609733365,53,0,0,0,0,0,0,0,0,0,0,0,0,0
prevwong/craft.js,32f971bc00986cf831629f1e39541eab4459ab3e,,,3.5.1,1609733416,53,0,0,0,0,0,0,0,0,0,0,0,0,0
prevwong/craft.js,5443af9fbdc614e954bd7a0ddf6d8163d5f3c879,,,3.5.1,1609733419,53,0,0,0,0,0,0,0,0,0,0,0,0,0
prevwong/craft.js,bc4bcbde27c6cc48ba132e07e03f0c43798f6272,,,3.5.1,1609733423,53,0,0,0,0,0,0,0,0,0,0,0,0,0
prevwong/craft.js,0f46f2446f7936900362a1fe9e25a1c1249e4109,,,3.5.1,1609733777,53,0,0,0,0,0,0,0,0,0,0,0,0,0
prevwong/craft.js,2decf1bae66296e3580d64322298a9e4c5d5c380,,,3.5.1,1609735408,53,0,0,0,0,0,0,0,0,0,0,0,0,0
prevwong/craft.js,2b93e2ac94af82ac489433483ae9d90a943685da,,,3.5.1,1609735414,53,0,0,0,0,0,0,0,0,0,0,0,0,0
prevwong/craft.js,d8cc3c226d34e4ed2db6b28eaec3d6fad9d9e794,,,3.5.1,1609735934,53,0,0,0,0,0,0,0,0,0,0,0,0,0
prevwong/craft.js,b52a411f57c9feb34818ed2a1a2df37b2a8afc70,,,3.5.1,1609924436,53,0,0,0,0,0,0,0,0,0,0,0,0,0
prevwong/craft.js,b61ac9fa0e33f62df8f3e028a58c4926d37c83b1,,,3.5.1,1609924451,53,0,0,0,0,0,0,0,0,0,0,0,0,0
prevwong/craft.js,3245fa09774d83ef3efe0efa95d7951f9d0d3db3,,,3.5.1,1609924508,53,0,0,0,0,0,0,0,0,0,0,0,0,0
prevwong/craft.js,5168a27c18a04cfb57aa99f930f9e64128481636,,,3.5.1,1609924603,48,0,0,0,0,0,0,0,0,0,0,0,0,0
prevwong/craft.js,c47cacd9b40ebecd88133ff0f72407be0104a353,,,3.5.1,1609924604,48,0,0,0,0,0,0,0,0,0,0,0,0,0
prevwong/craft.js,d63b5b8208a5cc741d295b89826e3748240cf455,,,3.5.1,1609924604,48,0,0,0,0,0,0,0,0,0,0,0,0,0
prevwong/craft.js,68d957c169d557fced5ba0a4ab575d3b3d228199,,,3.5.1,1609924811,53,0,0,0,0,0,0,0,0,0,0,0,0,0
prevwong/craft.js,e2974752583b1fe61bab37e42e41dcb97e56e0d1,,,3.5.1,1609926265,77,0,0,0,0,0,0,0,0,0,0,0,0,0
prevwong/craft.js,b94e19c2e136eca7d80e809b10ba665bfa0b5bd0,,,3.5.1,1609926593,77,0,0,0,0,0,0,0,0,0,0,0,0,0
prevwong/craft.js,16cab344df368d1f9e2ffe11e6fb5f38782d347e,,,3.5.1,1609926923,77,0,0,0,0,0,0,0,0,0,0,0,0,0
prevwong/craft.js,78f5898c4d08e0b64ebf62fc925d9d41fcd4f176,,,3.5.1,1609928903,77,0,0,0,0,0,0,0,0,0,0,0,0,0
prevwong/craft.js,0e1ed1898582c70d86acd07330aa35cc309300e4,,,3.5.1,1609929167,77,0,0,0,0,0,0,0,0,0,0,0,0,0
prevwong/craft.js,8016b82bf26dd208a17df59c93ed7f46cbee955f,,,3.5.1,1610421986,77,0,0,0,0,0,0,0,0,0,0,0,0,0
prevwong/craft.js,f009cf0b489c0647c82e648e62f93dc1126184ac,,,3.5.1,1610422239,77,0,0,0,0,0,0,0,0,0,0,0,0,0
prevwong/craft.js,58af80669a43bedf015d22be0a8d6be2a47de89c,,,3.5.1,1610424955,77,0,0,0,0,0,0,0,0,0,0,0,0,0
prevwong/craft.js,3f086e8643ab75596473fec1b89d0e3582e95caf,,,3.5.1,1610425217,77,0,0,0,0,0,0,0,0,0,0,0,0,0
prevwong/craft.js,a46ed6cd72700273279e89c13e9e7c3d4238f93c,,,3.5.1,1611142240,77,0,0,0,0,0,0,0,0,0,0,0,0,0
prevwong/craft.js,4a8126d6cdd0fbdd3c04b30d37dd4a8099d8b09a,,,3.5.1,1611142538,77,0,0,0,0,0,0,0,0,0,0,0,0,0
prevwong/craft.js,60a600a8c9bc675b3715c6f5881da9574fbf3845,,,3.5.1,1611312459,77,0,0,0,0,0,0,0,0,0,0,0,0,0
prevwong/craft.js,ca70c46516471bdb5761e5f65b901bc0dfdd8c22,,,3.5.1,1611312696,77,0,0,0,0,0,0,0,0,0,0,0,0,0
prevwong/craft.js,9184a05c3694dd09cb6a05858960d9d028737559,,,3.5.1,1611478563,48,0,0,0,0,0,0,0,0,0,0,0,0,0
prevwong/craft.js,6fdc92d48e53edbe3a068ef9b8ff6f1763ad1b88,,,3.5.1,1611479109,48,0,0,0,0,0,0,0,0,0,0,0,0,0
prevwong/craft.js,24031d8357e1db5c990afbb5593fa5e81377751b,,,3.5.1,1611479190,48,0,0,0,0,0,0,0,0,0,0,0,0,0
prevwong/craft.js,3ce0014a5f98b029ad7b84539e45a01a311590c8,,,3.5.1,1611499041,48,0,0,0,0,0,0,0,0,0,0,0,0,0
prevwong/craft.js,baf4091a692cc406377dfe9619fcaf01a7bfcc31,,,3.5.1,1611499082,48,0,0,0,0,0,0,0,0,0,0,0,0,0
prevwong/craft.js,735e7ad050438f83f95c9a174dac51b5358a7f73,,,3.5.1,1611499120,48,0,0,0,0,0,0,0,0,0,0,0,0,0
prevwong/craft.js,d58ce409e53beeff71cc3176abb84f0fc137c1b5,,,3.5.1,1611499197,48,0,0,0,0,0,0,0,0,0,0,0,0,0
prevwong/craft.js,590ac68a15ec072c2738a6363034f6aab2685a91,,,3.5.1,1611499256,48,0,0,0,0,0,0,0,0,0,0,0,0,0
prevwong/craft.js,7eec4dba3c5b433f304fd32229fbf00f626465f5,,,3.5.1,1611499303,48,0,0,0,0,0,0,0,0,0,0,0,0,0
prevwong/craft.js,67f491861893e8a5abef55c061a0ba2c00462c8f,,,3.5.1,1611543233,48,0,0,0,0,0,0,0,0,0,0,0,0,0
prevwong/craft.js,840656864b3e1c570973030915a30e5bdeda5a07,,,3.5.1,1611543255,48,0,0,0,0,0,0,0,0,0,0,0,0,0
prevwong/craft.js,9a7b3b3e3a4f6d71d2ef5d9d1de1cb4d2c931696,,,3.5.1,1611652208,77,0,0,0,0,0,0,0,0,0,0,0,0,0
prevwong/craft.js,4d34370cb3c6771879f002e296e90f16685a3b40,,,3.5.1,1611652461,77,0,0,0,0,0,0,0,0,0,0,0,0,0
prevwong/craft.js,f201ddc8a26cd09deab69220a9099bb5ff2c6973,,,3.5.1,1611830233,77,0,0,0,0,0,0,0,0,0,0,0,0,0
prevwong/craft.js,9c27936ec48dc8e9ea319deff5ef581139c2bf94,,,3.5.1,1611830466,77,0,0,0,0,0,0,0,0,0,0,0,0,0
prevwong/craft.js,52292271e46d270bc062c239114fa1baebd785eb,,,3.5.1,1612324168,77,0,0,0,0,0,0,0,0,0,0,0,0,0
prevwong/craft.js,f86aed1cf7d693abafe4259b74abd9fdd632ea5a,,,3.5.1,1612324172,77,0,0,0,0,0,0,0,0,0,0,0,0,0
prevwong/craft.js,25b4a4b0f8eb28983862ebf409f3365859e334a0,,,3.5.1,1612324276,77,0,0,0,0,0,0,0,0,0,0,0,0,0
prevwong/craft.js,20524086ea47b032f666793430f8706fb6b73120,,,3.5.1,1612324404,77,0,0,0,0,0,0,0,0,0,0,0,0,0
prevwong/craft.js,783aae9245a7948e678ed248be94046cf37d4209,,,3.5.1,1612324418,77,0,0,0,0,0,0,0,0,0,0,0,0,0
prevwong/craft.js,5768b114e609dd943444226b544c1a5c3fd98b6d,,,3.5.1,1612324423,77,0,0,0,0,0,0,0,0,0,0,0,0,0
prevwong/craft.js,9e3ece360853111d5f5f0db494f1f0f8e3d57ed1,,,3.5.1,1612326076,77,0,0,0,0,0,0,0,0,0,0,0,0,0
prevwong/craft.js,6782edf1715a41c0f21daaeab92c5e7edb8c2f17,,,3.5.1,1612327713,77,0,0,0,0,0,0,0,0,0,0,0,0,0
prevwong/craft.js,adbfa18926c757b0d2a2028f377312f528ed2e21,,,3.5.1,1612328047,77,0,0,0,0,0,0,0,0,0,0,0,0,0
prevwong/craft.js,797007acfb237aec8565129a360f8b72ee371057,,,3.5.1,1612439073,77,0,0,0,0,0,0,0,0,0,0,0,0,0
prevwong/craft.js,193d64e3e67134702d49dee7750a7cd0b31f4d91,,,3.5.1,1612439083,48,0,0,0,0,0,0,0,0,0,0,0,0,0
prevwong/craft.js,e14c0fd87e771974a47aaac4012a9d90a46d5f3f,,,3.5.1,1612439380,48,0,0,0,0,0,0,0,0,0,0,0,0,0
prevwong/craft.js,43526c8af1fc3d6f781d87dabb3dae8550aec68c,,,3.5.1,1612530889,77,0,0,0,0,0,0,0,0,0,0,0,0,0
prevwong/craft.js,ef4a4a1aa42df7c75b93cb9884041333f1f2c900,,,3.5.1,1612609699,85,0,0,0,0,0,0,0,0,0,0,0,0,0
prevwong/craft.js,964e2d36d96dc3ca66738af9667e955240bea689,,,3.5.1,1612797001,85,0,0,0,0,0,0,0,0,0,0,0,0,0
prevwong/craft.js,c2647368b032f283d8d1d5310d9641e770c3469d,,,3.5.1,1612800960,85,0,0,0,0,0,0,0,0,0,0,0,0,0
prevwong/craft.js,3fad8a2a88a776c2ad60c56cdf08b7a2aca4fe8e,,,3.5.1,1613071466,85,0,0,0,0,0,0,0,0,0,0,0,0,0
prevwong/craft.js,ba4a7a2c49f974ad81c71f61e6f51dbb0e303f93,,,3.5.1,1613071733,85,0,0,0,0,0,0,0,0,0,0,0,0,0
prevwong/craft.js,e92488716b1dc65a4a7aaef40bca63b01752dc4f,,,3.5.1,1613098173,85,0,0,0,0,0,0,0,0,0,0,0,0,0
prevwong/craft.js,81bfb711335821b96e2d49d253dfc0d03ce4520c,,,3.5.1,1613360397,85,0,0,0,0,0,0,0,0,0,0,0,0,0
prevwong/craft.js,f9c227415d3bc4ef0490437b16a862234c15d7f7,,,3.5.1,1613366164,85,0,0,0,0,0,0,0,0,0,0,0,0,0
prevwong/craft.js,195ea3096d8f5480f03a2f64eec174db930d4240,,,3.5.1,1613622537,85,0,0,0,0,0,0,0,0,0,0,0,0,0
prevwong/craft.js,0c4f4edbe3880757232c950ce42b2adffbc90bc8,,,3.5.1,1613623145,92,0,0,0,0,0,0,0,0,0,0,0,0,0
prevwong/craft.js,639994cd28ab4378c5ad22bc08d59c125405a050,,,3.5.1,1615465403,92,0,0,0,0,0,0,0,0,0,0,0,0,0
prevwong/craft.js,43a4afb7bc333c65d0167f414b82b47fc7b80cf3,,,3.5.1,1615465708,92,0,0,0,0,0,0,0,0,0,0,0,0,0
prevwong/craft.js,3750b11dbe27b477820dac8c940bcb46981e6956,,,3.5.1,1615465863,92,0,0,0,0,0,0,0,0,0,0,0,0,0
prevwong/craft.js,5bd47834f336d9c308b27ef11c85923734e53251,,,3.5.1,1615466663,92,0,0,0,0,0,0,0,0,0,0,0,0,0
prevwong/craft.js,fb214d3877d30f600821c4b4e420bf0ea754d4d4,,,3.5.1,1615487802,92,0,0,0,0,0,0,0,0,0,0,0,0,0
prevwong/craft.js,efa0ace3f02cda599115cb52635d0fd1338d5754,,,3.5.1,1615488261,92,0,0,0,0,0,0,0,0,0,0,0,0,0
prevwong/craft.js,0d9c6e59a8725ba600d177ad5a9beec0434e640c,,,3.5.1,1615886202,92,0,0,0,0,0,0,0,0,0,0,0,0,0
prevwong/craft.js,ae94c14fcc576ad4a761d9247b8235710bc7546e,,,3.5.1,1615886478,92,0,0,0,0,0,0,0,0,0,0,0,0,0
prevwong/craft.js,ed9752023eaf41a5a782bdcc25667874585a15de,,,3.5.1,1616059565,92,0,0,0,0,0,0,0,0,0,0,0,0,0
prevwong/craft.js,9f7ec97e88825460054f8880bb4b5900c2776721,,,3.5.1,1616388747,92,0,0,0,0,0,0,0,0,0,0,0,0,0
prevwong/craft.js,7c0034c61815986c9ab3a63eb4b74efe8a65087b,,,3.5.1,1616389038,92,0,0,0,0,0,0,0,0,0,0,0,0,0
prevwong/craft.js,0a4c22c9a86efdee20fb9cee9c2af6bd9d24e474,,,3.5.1,1616403517,92,0,0,0,0,0,0,0,0,0,0,0,0,0
prevwong/craft.js,32e63f786c15f58455ac5c83fab480d91953b973,,,3.5.1,1616404216,92,0,0,0,0,0,0,0,0,0,0,0,0,0
prevwong/craft.js,227a1920ef6489f106e0cfb765d9721de8f7390e,,,3.5.1,1619422535,48,0,0,0,0,0,0,0,0,0,0,0,0,0
prevwong/craft.js,e2f5db0d4b57cd3b2846b4c32341a1801fe598ce,,,3.5.1,1619428905,48,0,0,0,0,0,0,0,0,0,0,0,0,0
prevwong/craft.js,65450ea97a0bbac4efc51d0306025bd07a5165bb,,,3.5.1,1619429341,92,0,0,0,0,0,0,0,0,0,0,0,0,0
prevwong/craft.js,6c12e6976248a7a963c75848cb2766398f93c76d,,,3.5.1,1619429685,92,0,0,0,0,0,0,0,0,0,0,0,0,0
prevwong/craft.js,a2609667d77e1880168890b7bb72e259b8e60721,,,3.5.1,1619429892,48,0,0,0,0,0,0,0,0,0,0,0,0,0
prevwong/craft.js,0736f93ff10a97412e6f5fcc021e898fedf0c7fa,,,3.5.1,1619429918,48,0,0,0,0,0,0,0,0,0,0,0,0,0
prevwong/craft.js,1f0249cf5e91f82725d6d79287c537ef50c5bda9,,,3.5.1,1619430193,48,0,0,0,0,0,0,0,0,0,0,0,0,0
prevwong/craft.js,3dad1326ee381d28a34d087fe2e4eb517c4e40f0,,,3.5.1,1619431833,48,0,0,0,0,0,0,0,0,0,0,0,0,0
prevwong/craft.js,763274c4787130675127703d333ea63ee8482fb1,,,3.5.1,1620982456,92,0,0,0,0,0,0,0,0,0,0,0,0,0
prevwong/craft.js,b61998c8ab6ef0e534c9523bdc0aac56f58d37a1,,,3.5.1,1620982848,92,0,0,0,0,0,0,0,0,0,0,0,0,0
prevwong/craft.js,2bbf2ad6b79525986e42d58518cdbc9f40db9fa1,,,3.5.1,1621510729,92,0,0,0,0,0,0,0,0,0,0,0,0,0
prevwong/craft.js,0a126ac6116a980184c3ba88f115b1b44229fa8a,,,3.5.1,1621519881,92,0,0,0,0,0,0,0,0,0,0,0,0,0
prevwong/craft.js,3da530ad61bb362fe36272a43213f6cafbafedd1,,,3.5.1,1621529474,92,0,0,0,0,0,0,0,0,0,0,0,0,0
prevwong/craft.js,b9de63a19c22b86bb756c9cc849ff3bd2eff582b,,,3.5.1,1621529582,92,0,0,0,0,0,0,0,0,0,0,0,0,0
prevwong/craft.js,23963e7e1522e5dce477097857269739ba613ac4,,,3.5.1,1621534016,92,0,0,0,0,0,0,0,0,0,0,0,0,0
prevwong/craft.js,dac1d4af890bfde745562b62f4ee115f6254ccbc,,,3.5.1,1621586472,92,0,0,0,0,0,0,0,0,0,0,0,0,0
prevwong/craft.js,05d27f35a91d4fe321c1361c1905a8e57399fd76,,,3.5.1,1621587167,92,0,0,0,0,0,0,0,0,0,0,0,0,0
prevwong/craft.js,bd726c7ddb43a26381785687ff5ce11c222b2033,,,3.5.1,1621587179,92,0,0,0,0,0,0,0,0,0,0,0,0,0
prevwong/craft.js,45f42c5b8250626901853521f751940bea3f3ce5,,,3.5.1,1621594037,92,0,0,0,0,0,0,0,0,0,0,0,0,0
prevwong/craft.js,452ea484f20f2d9536404f9e831cd7ee6629a4f6,,,3.5.1,1621661286,92,0,0,0,0,0,0,0,0,0,0,0,0,0
prevwong/craft.js,f228f48cb84152edeaa60e83d3cea0c82caa0ff8,,,3.5.1,1621661408,92,0,0,0,0,0,0,0,0,0,0,0,0,0
prevwong/craft.js,f089475455b7270d26aaf5e8010ff6dfc884db1c,,,3.5.1,1621687804,64,0,0,0,0,0,0,0,0,0,0,0,0,0
prevwong/craft.js,d882ea6b4d90b20014f34d95413d5c2e8e2c23c9,,,3.5.1,1621687899,92,0,0,0,0,0,0,0,0,0,0,0,0,0
prevwong/craft.js,53fba8476220fa7dd01bed5ae24db5aa9bed0fd3,,,3.5.1,1621688005,64,0,0,0,0,0,0,0,0,0,0,0,0,0
prevwong/craft.js,641a1a643292e5bf443a8a3d1a57668c54b5bba7,,,3.5.1,1621700426,92,0,0,0,0,0,0,0,0,0,0,0,0,0
prevwong/craft.js,6cc506c7237ce026bcd416a27ccb5da299ccf54a,,,3.5.1,1621700768,92,0,0,0,0,0,0,0,0,0,0,0,0,0
prevwong/craft.js,8d637112e9b40ddf9d43f134e0ea458724135d77,,,3.5.1,1621700822,92,0,0,0,0,0,0,0,0,0,0,0,0,0
prevwong/craft.js,e1febcd60c1706f53c316130319e5a3258c0b448,,,3.5.1,1621709751,92,0,0,0,0,0,0,0,0,0,0,0,0,0
prevwong/craft.js,271dc8c907cb68be4694056c9ee0470cdb98d313,,,3.5.1,1621709763,92,0,0,0,0,0,0,0,0,0,0,0,0,0
prevwong/craft.js,6fe5ecaec16021b82b4b7fc9bc85a24c39469be9,,,3.5.1,1621709952,64,0,0,0,0,0,0,0,0,0,0,0,0,0
prevwong/craft.js,e09a8f66202d1a3aae545a982b3a2d87991981da,,,3.5.1,1621709955,64,0,0,0,0,0,0,0,0,0,0,0,0,0
prevwong/craft.js,e062c3336e33374945c8dc432d89c2ac1d1569f6,,,3.5.1,1621709978,64,0,0,0,0,0,0,0,0,0,0,0,0,0
prevwong/craft.js,0f1e150768df5e3b3025fb9b01127ccb30abb7f9,,,3.5.1,1621767114,64,0,0,0,0,0,0,0,0,0,0,0,0,0
prevwong/craft.js,fec81159e416777b4b040884cafb2dc8910f96b7,,,3.5.1,1621770084,64,0,0,0,0,0,0,0,0,0,0,0,0,0
prevwong/craft.js,b3303cff433758ffaeaaf3fb889ed724e5facb4b,,,3.5.1,1621770253,64,0,0,0,0,0,0,0,0,0,0,0,0,0
prevwong/craft.js,0064911d9739b6b531735121cde7ae4eb575a59d,,,3.5.1,1621784394,64,0,0,0,0,0,0,0,0,0,0,0,0,0
prevwong/craft.js,1255d196718f21c215f2081e5546bc0556ee5031,,,3.5.1,1621784811,64,0,0,0,0,0,0,0,0,0,0,0,0,0
prevwong/craft.js,7aefcc8f5995061b4215a614927bc7641df56b8d,,,3.5.1,1623481824,64,0,0,0,0,0,0,0,0,0,0,0,0,0
prevwong/craft.js,dfc08704df4684864c287714f8de11217872caee,,,3.5.1,1625673573,64,0,0,0,0,0,0,0,0,0,0,0,0,0
prevwong/craft.js,bc46dd424d245bc8377085f7686ee313449ef273,,,3.5.1,1627294190,92,0,0,0,0,0,0,0,0,0,0,0,0,0
prevwong/craft.js,0598c30ffba14013fcd8b22ab2854642285bb0b3,,,3.5.1,1627294191,92,0,0,0,0,0,0,0,0,0,0,0,0,0
prevwong/craft.js,278fe89340e3795fc6c4dead95aebf821e480921,,,3.5.1,1627294191,92,0,0,0,0,0,0,0,0,0,0,0,0,0
prevwong/craft.js,3000f315f2c80899fc6d6dc0845085cc5661777d,,,3.5.1,1627294191,92,0,0,0,0,0,0,0,0,0,0,0,0,0
prevwong/craft.js,8ab46871c85c87bdb7e8fd329684f6ab5ee0ddf3,,,3.5.1,1627295185,92,0,0,0,0,0,0,0,0,0,0,0,0,0
prevwong/craft.js,234c74c3e4633793fe9419e7fffdba841cd3746d,,,3.5.1,1627296555,96,0,0,0,0,0,0,0,0,0,0,0,0,0
prevwong/craft.js,3117ba47a8cc4c7c813bd009b40a3421a362321f,,,3.5.1,1627306701,92,0,0,0,0,0,0,0,0,0,0,0,0,0
prevwong/craft.js,f316b1589284b9c1a75de26effcf3419f37fa8be,,,3.5.1,1627307237,92,0,0,0,0,0,0,0,0,0,0,0,0,0
prevwong/craft.js,83fdc232213b1b504679e50efb21cf708f23e069,,,3.5.1,1627315426,64,0,0,0,0,0,0,0,0,0,0,0,0,0
prevwong/craft.js,3156043232b7e88f39e313b70f00bfb91ba830a3,,,3.5.1,1627315937,64,0,0,0,0,0,0,0,0,0,0,0,0,0
prevwong/craft.js,f5b1bd46915e16bb773f246b35d827ffcff81915,,,3.5.1,1627319742,101,0,0,0,0,0,0,0,0,0,0,0,0,0
prevwong/craft.js,36f8f0d05b85f53f41ae7a13ff9e1ae70d12df3c,,,3.5.1,1627890292,64,0,0,0,0,0,0,0,0,0,0,0,0,0
prevwong/craft.js,d83d8a31e1523fc4f0559022e5e9c85e0b083375,,,3.5.1,1627890454,64,0,0,0,0,0,0,0,0,0,0,0,0,0
prevwong/craft.js,0320c78f748af67a7ebf0dbe5a769a6942ffec45,,,3.5.1,1627890685,64,0,0,0,0,0,0,0,0,0,0,0,0,0
prevwong/craft.js,ff8c1e75a97ccae38f7e61a92ee936eb5d4f4930,,,3.5.1,1627890863,64,0,0,0,0,0,0,0,0,0,0,0,0,0
prevwong/craft.js,7524cb2d59aa81470eadbeb9f1267451b1252bac,,,3.5.1,1627891023,64,0,0,0,0,0,0,0,0,0,0,0,0,0
prevwong/craft.js,56b560de76759a70862524ef7e08f9c30c28d636,,,3.5.1,1627891371,64,0,0,0,0,0,0,0,0,0,0,0,0,0
prevwong/craft.js,536afce7a8898bd98e54465cd11c554ac20f791a,,,3.5.1,1628765843,92,0,0,0,0,0,0,0,0,0,0,0,0,0
prevwong/craft.js,5ee6714f73eb8dcca79d28befecc8144853851c8,,,3.5.1,1628766014,92,0,0,0,0,0,0,0,0,0,0,0,0,0
prevwong/craft.js,3e2035636b7a2160e91a8120f3a18a0fb9a29c40,,,3.5.1,1628766025,92,0,0,0,0,0,0,0,0,0,0,0,0,0
prevwong/craft.js,ebfaef878dd0eecf7061f7fa3734dc47c5b43599,,,3.5.1,1628766075,92,0,0,0,0,0,0,0,0,0,0,0,0,0
prevwong/craft.js,7c420ee5beda016d30e068cf720bceeb359df924,,,3.5.1,1628766086,92,0,0,0,0,0,0,0,0,0,0,0,0,0
prevwong/craft.js,81bb58a31c2e587bc2f93d87f39af20c9d9115f0,,,3.5.1,1628769916,92,0,0,0,0,0,0,0,0,0,0,0,0,0
prevwong/craft.js,4fa47134a4a8f688266cc56dd58e0fb5b6d061d1,,,3.5.1,1628860126,92,0,0,0,0,0,0,0,0,0,0,0,0,0
prevwong/craft.js,30e326349a210d914b9a6c2f0bbbce23202fff7a,,,3.5.1,1628860330,92,0,0,0,0,0,0,0,0,0,0,0,0,0
prevwong/craft.js,aaa64ce6871b3c45c3ad49e1c435a4338fbc17ca,,,3.5.1,1631024870,92,0,0,0,0,0,0,0,0,0,0,0,0,0
prevwong/craft.js,536c7a0a65dc291ebaf8fff1e9002a1a8cf32bea,,,3.5.1,1631100657,92,0,0,0,0,0,0,0,0,0,0,0,0,0
prevwong/craft.js,3fdbab669dd941f484128ef9d8440a9565606477,,,3.5.1,1631263891,93,0,0,0,0,0,0,0,0,0,0,0,0,0
prevwong/craft.js,dc047c9079038101cd25e46bff5e630ce07d2066,,,3.5.1,1631269329,94,0,0,0,0,0,0,0,0,0,0,0,0,0
prevwong/craft.js,3c566ad541737438cfdf0e8e95d7dda0f1ca31c4,,,3.5.1,1631277763,94,0,0,0,0,0,0,0,0,0,0,0,0,0
prevwong/craft.js,47336afd2c262312c093877409de249cb3683c67,,,3.5.1,1631405281,64,0,0,0,0,0,0,0,0,0,0,0,0,0
prevwong/craft.js,21de65d4612727c463db987d240390fa75356a22,,,3.5.1,1631545953,94,0,0,0,0,0,0,0,0,0,0,0,0,0
prevwong/craft.js,c358cf31649174e9924c86e9bccb0aacc0e66edf,,,3.5.1,1631546829,94,0,0,0,0,0,0,0,0,0,0,0,0,0
prevwong/craft.js,5f108b57819790043a5228192ad9991eb1bf1238,,,3.5.1,1631548554,64,0,0,0,0,0,0,0,0,0,0,0,0,0
prevwong/craft.js,41273664c7b76816bb38baba313870c1788fda40,,,3.5.1,1631549473,64,0,0,0,0,0,0,0,0,0,0,0,0,0
prevwong/craft.js,f4878c6899891481dd56b3a3cff3fdc203525d46,,,3.5.1,1631549960,64,0,0,0,0,0,0,0,0,0,0,0,0,0
prevwong/craft.js,c446b09f369a23863f819d684d00827b3bcf9dbb,,,3.5.1,1631634644,64,0,0,0,0,0,0,0,0,0,0,0,0,0
prevwong/craft.js,d259a34e17cb88727650a4ca3e9f860cccf0fae2,,,3.5.1,1631647598,64,0,0,0,0,0,0,0,0,0,0,0,0,0
prevwong/craft.js,c96bf7886ef926d8e564482368ce887ecb241dd3,,,3.5.1,1633006252,64,0,0,0,0,0,0,0,0,0,0,0,0,0
prevwong/craft.js,4a2a29bc9d26c4e7c545110970b223a848370849,,,3.5.1,1633345638,64,0,0,0,0,0,0,0,0,0,0,0,0,0
prevwong/craft.js,4d93b3080825213b761c91c2f530e8b92e706691,,,3.5.1,1633358321,94,0,0,0,0,0,0,0,0,0,0,0,0,0
prevwong/craft.js,b9f64062c45c752fb3d819e4421aed3d9196e69d,,,3.5.1,1633358410,94,0,0,0,0,0,0,0,0,0,0,0,0,0
prevwong/craft.js,5a8174036c7c84d0b22d4fd0877c3f6383b2b0d4,,,3.5.1,1636623048,64,0,0,0,0,0,0,0,0,0,0,0,0,0
prevwong/craft.js,993a6bf49c54c97a0ab1959ac151e64d64b1ca4c,,,3.5.1,1636624384,67,0,0,0,0,0,0,0,0,0,0,0,0,0
prevwong/craft.js,cd8b3d90e2ee48b116dca6e72a35b72883e991d9,,,3.5.1,1636631612,103,0,0,0,0,0,0,0,0,0,0,0,0,0
prevwong/craft.js,a24efaf89629522cfae05960e12abf9e57016c85,,,3.5.1,1636638898,103,0,0,0,0,0,0,0,0,0,0,0,0,0
prevwong/craft.js,570709de231a88ed757fd91323d070879c177594,,,3.5.1,1636638924,103,0,0,0,0,0,0,0,0,0,0,0,0,0
prevwong/craft.js,16568efbeae4248aa992afdba7d7d32abe306e20,,,3.5.1,1636638971,103,0,0,0,0,0,0,0,0,0,0,0,0,0
prevwong/craft.js,fe618f14792569b13f0e2847406ef5ef8e9fd2db,,,3.5.1,1636642322,103,0,0,0,0,0,0,0,0,0,0,0,0,0
prevwong/craft.js,e71dc9626dd39f050e80cc1794697ecd58d4f358,,,3.5.1,1636718849,103,0,0,0,0,0,0,0,0,0,0,0,0,0
prevwong/craft.js,1187d35ac25cbe1084385436489a33273253e4e9,,,3.5.1,1636722541,103,0,0,0,0,0,0,0,0,0,0,0,0,0
prevwong/craft.js,48b6fe46a4e37f578b622b7abcf4c77d7e44cc6b,,,3.5.1,1636964067,103,0,0,0,0,0,0,0,0,0,0,0,0,0
prevwong/craft.js,ab3203c0e114d03793ec083e7c5ee3f3653651fe,,,3.5.1,1636968226,67,0,0,0,0,0,0,0,0,0,0,0,0,0
prevwong/craft.js,087858567775b8131c120acf0eeedc3c672b411f,,,3.5.1,1636968690,94,0,0,0,0,0,0,0,0,0,0,0,0,0
prevwong/craft.js,e9566e57ac9cc93e47c68abf32c3b98369f225e5,,,3.5.1,1636972580,94,0,0,0,0,0,0,0,0,0,0,0,0,0
prevwong/craft.js,502b865ea4bff1b64b7039df559863158517bfa1,,,3.5.1,1636972630,103,0,0,0,0,0,0,0,0,0,0,0,0,0
prevwong/craft.js,16364403255ca596fb48959b2bba4e7f50749f09,,,3.5.1,1636974322,67,0,0,0,0,0,0,0,0,0,0,0,0,0
prevwong/craft.js,82b484c08b445f72938033f1d1b97a7ccc1ae2d2,,,3.5.1,1636974323,67,0,0,0,0,0,0,0,0,0,0,0,0,0
prevwong/craft.js,1790434a99727e8b018074a463c7033c783e1e12,,,3.5.1,1636974323,67,0,0,0,0,0,0,0,0,0,0,0,0,0
prevwong/craft.js,9d04edf369a9320bb8dc9fd93c51445059362568,,,3.5.1,1636974438,67,0,0,0,0,0,0,0,0,0,0,0,0,0
prevwong/craft.js,b835a0a758f684854ca936fb0c878b75c524901f,,,3.5.1,1636974522,94,0,0,0,0,0,0,0,0,0,0,0,0,0
prevwong/craft.js,2d7561f073ae29f8978a47ebacafef223ebf7494,,,3.5.1,1636974531,94,0,0,0,0,0,0,0,0,0,0,0,0,0
prevwong/craft.js,3fbcf4abce84025448fc1dfd5fdea22da267546d,,,3.5.1,1636974839,103,0,0,0,0,0,0,0,0,0,0,0,0,0
prevwong/craft.js,1aeeb3965b30708706397929c173d604969a5887,,,3.5.1,1636974847,103,0,0,0,0,0,0,0,0,0,0,0,0,0
prevwong/craft.js,489010eb82cf15e59869ba76ecae1687f5d5129b,,,3.5.1,1636982812,94,0,0,0,0,0,0,0,0,0,0,0,0,0
prevwong/craft.js,9c5f5daef10c28718ece1497daefd53c61fcf8dc,,,3.5.1,1637046296,103,0,0,0,0,0,0,0,0,0,0,0,0,0
prevwong/craft.js,ddf9a0f59b76b27c0fbc0385fc97d5e995ddda1c,,,3.5.1,1637067476,103,0,0,0,0,0,0,0,0,0,0,0,0,0
prevwong/craft.js,c80dd950fcf85c205afe2f901e68ded9ae2963b6,,,3.5.1,1637073936,103,0,0,0,0,0,0,0,0,0,0,0,0,0
prevwong/craft.js,14ee0ddd5fee6d974bf0e8c45fa750d84f1741ca,,,3.5.1,1637073963,103,0,0,0,0,0,0,0,0,0,0,0,0,0
prevwong/craft.js,f6a8ae63f96dfd0d740dafded293bc146f5ce6a1,,,3.5.1,1637074022,103,0,0,0,0,0,0,0,0,0,0,0,0,0
prevwong/craft.js,380b5ad137ef951c414fe845a43c037f5495b322,,,3.5.1,1637074469,94,0,0,0,0,0,0,0,0,0,0,0,0,0
prevwong/craft.js,1e470942d86726d01b131d7a7045bb173730705d,,,3.5.1,1637074562,94,0,0,0,0,0,0,0,0,0,0,0,0,0
prevwong/craft.js,47725a7d7544dbf825aa274d4ff7e8ef9ab3c5b1,,,3.5.1,1637074605,103,0,0,0,0,0,0,0,0,0,0,0,0,0
prevwong/craft.js,9e68deadaaf223d7da573c1737458ca51ba31042,,,3.5.1,1637075081,103,0,0,0,0,0,0,0,0,0,0,0,0,0
prevwong/craft.js,b9c883e258d84827b045525ad45610a4a0b342ba,,,3.5.1,1637075412,103,0,0,0,0,0,0,0,0,0,0,0,0,0
prevwong/craft.js,c60e4024e58b3f89389f94e974b94e903434e334,,,3.5.1,1637158958,103,0,0,0,0,0,0,0,0,0,0,0,0,0
prevwong/craft.js,2081ac605aafbff9a66a79d387262bd3ee139be4,,,3.5.1,1637159106,103,0,0,0,0,0,0,0,0,0,0,0,0,0
prevwong/craft.js,2b0b626e9e361ef15d775482b63a8bd561c8cb34,,,3.5.1,1637766782,94,0,0,0,0,0,0,0,0,0,0,0,0,0
prevwong/craft.js,048490fa6f8edd612dc0e7fe47a418cb5114ee68,,,3.5.1,1637858469,94,0,0,0,0,0,0,0,0,0,0,0,0,0
prevwong/craft.js,4f270bd4a3fb9bb7cc352a3e786d2af0fcebf25c,,,3.5.1,1639135899,103,0,0,0,0,0,0,0,0,0,0,0,0,0
prevwong/craft.js,62c65a22b23384c4a9d02d9dcdfd0d58977861e9,,,3.5.1,1639147773,103,0,0,0,0,0,0,0,0,0,0,0,0,0
prevwong/craft.js,9362573edb2fc5dbb961a81ac72e39df53256463,,,3.5.1,1639383488,103,0,0,0,0,0,0,0,0,0,0,0,0,0
prevwong/craft.js,700dafb9de2a66e9b5b7c56808a68b2776df5f64,,,3.5.1,1639383662,103,0,0,0,0,0,0,0,0,0,0,0,0,0
prevwong/craft.js,0da49ec86ea94a337ead44f82af007986781e98b,,,3.5.1,1639401730,103,0,0,0,0,0,0,0,0,0,0,0,0,0
prevwong/craft.js,d7ee28cb061156c0d450965f133d2e9e9e1d5c95,,,3.5.1,1639401756,103,0,0,0,0,0,0,0,0,0,0,0,0,0
prevwong/craft.js,c6f3c3ffdfa8f1da9a7121b6291739b58add204e,,,3.5.1,1639402524,103,0,0,0,0,0,0,0,0,0,0,0,0,0
prevwong/craft.js,fb14828bb87ef59c0368efb92b3bf76992704274,,,3.5.1,1639402801,103,0,0,0,0,0,0,0,0,0,0,0,0,0
prevwong/craft.js,33c4955db0182121c58f5978c7b16ec393fce362,,,3.5.1,1641809562,67,0,0,0,0,0,0,0,0,0,0,0,0,0
prevwong/craft.js,162ec784201112591243241169bd2878ce44a460,,,3.5.1,1641821759,94,0,0,0,0,0,0,0,0,0,0,0,0,0
prevwong/craft.js,1d7c362f8bd4fd39196ba29cf5ab9ab59fe0fad5,,,3.5.1,1641886958,103,0,0,0,0,0,0,0,0,0,0,0,0,0
prevwong/craft.js,582bd261739b6942af037345de79036a00d923a0,,,3.5.1,1641887524,94,0,0,0,0,0,0,0,0,0,0,0,0,0
prevwong/craft.js,8b8c26520ef92e1c581b4c665e66ff5605c018e0,,,3.5.1,1641887907,94,0,0,0,0,0,0,0,0,0,0,0,0,0
prevwong/craft.js,850ba7586973dafe5ae5aab8fd78ad291cf0b6d6,,,3.5.1,1641888029,67,0,0,0,0,0,0,0,0,0,0,0,0,0
prevwong/craft.js,9618d0895f72600a848a12ba35dc7773a864cf51,,,3.5.1,1641888076,67,0,0,0,0,0,0,0,0,0,0,0,0,0
prevwong/craft.js,6e49fdaad693d7c562b1c77a4100f5b0f6980936,,,3.5.1,1641888253,67,0,0,0,0,0,0,0,0,0,0,0,0,0
prevwong/craft.js,69678aba5c3b9ada98cb8f3b6af33494a54b807a,,,3.5.1,1641888409,103,0,0,0,0,0,0,0,0,0,0,0,0,0
prevwong/craft.js,2b07b916eb161342ee122065ba3679dcab96c20d,,,3.5.1,1641888451,103,0,0,0,0,0,0,0,0,0,0,0,0,0
prevwong/craft.js,f6d384989e002e2dc070b63c6e64da58786e7496,,,3.5.1,1641888607,103,0,0,0,0,0,0,0,0,0,0,0,0,0
prevwong/craft.js,005a83f1a8745edd273097ca1508fb205f2c6d56,,,3.5.1,1641888977,103,0,0,0,0,0,0,0,0,0,0,0,0,0
prevwong/craft.js,36b05f2a2ced75496af9415f3e997ce89a4cf5e6,,,3.5.1,1641889012,94,0,0,0,0,0,0,0,0,0,0,0,0,0
prevwong/craft.js,58ec5b208c0f7feda422bffd66610ada69d9f2b1,,,3.5.1,1641889101,94,0,0,0,0,0,0,0,0,0,0,0,0,0
prevwong/craft.js,51c3f3587ea692cfeda4f5ec1ef39e917ce25871,,,3.5.1,1641889137,103,0,0,0,0,0,0,0,0,0,0,0,0,0
prevwong/craft.js,d4c2164e38554dd7c941dc550be9d7f20313759e,,,3.5.1,1642329257,94,0,0,0,0,0,0,0,0,0,0,0,0,0
prevwong/craft.js,782e6c0b560eb98901bba5927e5e596233b47b0c,,,3.5.1,1642438829,94,0,0,0,0,0,0,0,0,0,0,0,0,0
prevwong/craft.js,986f4177169e5d39e2a1bb3daf31f4a06e250609,,,3.5.1,1644514186,94,0,0,0,0,0,0,0,0,0,0,0,0,0
prevwong/craft.js,b8fc62f6e2b07251111265a969eff446380ddb8f,,,3.5.1,1646660986,94,0,0,0,0,0,0,0,0,0,0,0,0,0
prevwong/craft.js,78d66b3d3b499fb2b07c3bdb7339eee900e9bd1d,,,3.5.1,1646661056,94,0,0,0,0,0,0,0,0,0,0,0,0,0
prevwong/craft.js,0ced058f844cd8043a063349e483e7775f074240,,,3.5.1,1646661655,94,0,0,0,0,0,0,0,0,0,0,0,0,0
prevwong/craft.js,7e125c3a6cd55c54d124e4ba466802d6792b73c0,,,3.5.1,1646664659,94,0,0,0,0,0,0,0,0,0,0,0,0,0
prevwong/craft.js,ac80ac9638c9ebf8fe3be6af498695e2aea5a5ea,,,3.5.1,1646666481,94,0,0,0,0,0,0,0,0,0,0,0,0,0
prevwong/craft.js,a184653277962028b4438ead190608e136ca38e8,,,3.5.1,1646667904,94,0,0,0,0,0,0,0,0,0,0,0,0,0
prevwong/craft.js,8e9504688cbb7de7cf7d669575b5fbbc38c3f2e4,,,3.5.1,1646668283,94,0,0,0,0,0,0,0,0,0,0,0,0,0
prevwong/craft.js,e511077cfb731aded273053e27edb5c2228a0f8c,,,3.5.1,1646668321,94,0,0,0,0,0,0,0,0,0,0,0,0,0
prevwong/craft.js,d8ad5cfe1d11aefcfa2a9d3344a4061d86d3809e,,,3.5.1,1647457245,94,0,0,0,0,0,0,0,0,0,0,0,0,0
prevwong/craft.js,780f29efb4feca03f26bfd6fc96245fcbd59fa08,,,3.5.1,1648199029,103,0,0,0,0,0,0,0,0,0,0,0,0,0
prevwong/craft.js,e1ffaeeec2f29cfc00b57b5fcbea62c0158e4865,,,3.5.1,1648199038,103,0,0,0,0,0,0,0,0,0,0,0,0,0
prevwong/craft.js,562f4a65ebf9572c0c8d68373cdf3fd03a5f07bc,,,3.5.1,1648201875,103,0,0,0,0,0,0,0,0,0,0,0,0,0
prevwong/craft.js,f15a832f964c762f8cb60b439dc5932edc2506db,,,3.5.1,1648201875,103,0,0,0,0,0,0,0,0,0,0,0,0,0
prevwong/craft.js,158ef09745d3af85d92e4c8af1c776fd0c24f4ab,,,3.5.1,1648201876,103,0,0,0,0,0,0,0,0,0,0,0,0,0
prevwong/craft.js,82cb26362d3cc16ee3273a322d3161edbf9a5302,,,3.5.1,1648201876,103,0,0,0,0,0,0,0,0,0,0,0,0,0
prevwong/craft.js,0f0ac47e5f9b32df4fe67a30cefe76ea05238004,,,3.5.1,1648201876,103,0,0,0,0,0,0,0,0,0,0,0,0,0
prevwong/craft.js,9bd30ee19f13e8887dbc84ae96ba42ea59480a30,,,3.5.1,1648201877,103,0,0,0,0,0,0,0,0,0,0,0,0,0
prevwong/craft.js,61260ac5d8722871608d4029340a0ace03a434b1,,,3.5.1,1648470962,103,0,0,0,0,0,0,0,0,0,0,0,0,0
prevwong/craft.js,ba76ba7e42a1820a82d17857f876f617611589cb,,,3.5.1,1648470981,103,0,0,0,0,0,0,0,0,0,0,0,0,0
prevwong/craft.js,57f9f8c8bfd96b9dc35e78a213832a1f7af708f5,,,3.5.1,1648471194,103,0,0,0,0,0,0,0,0,0,0,0,0,0
prevwong/craft.js,5f5223dcd7ad0e52d670b0b402fa064f39d631f3,,,3.9.10,1650371118,94,0,0,0,0,0,0,0,0,0,0,0,0,0
prevwong/craft.js,560bc8d3d5c153faf7ec670561ec6c6e70e34e13,,,3.9.10,1650372260,94,0,0,0,0,0,0,0,0,0,0,0,0,0
prevwong/craft.js,ede60d360d69bea7959b8960dd006448d2807b9a,,,3.9.10,1650542097,94,0,0,0,0,0,0,0,0,0,0,0,0,0
prevwong/craft.js,c75e0f9333b1a09ca9ed8a230d6aef32c2127cee,,,3.9.10,1650542118,94,0,0,0,0,0,0,0,0,0,0,0,0,0
prevwong/craft.js,fd23a7faf0314f2e8672f32215d3af9cd1b433d8,,,3.9.10,1650542612,94,0,0,0,0,0,0,0,0,0,0,0,0,0
prevwong/craft.js,6e8077e78590081be7638f9686ea5b69e0fd8a5c,,,3.9.10,1654005114,94,0,0,0,0,0,0,0,0,0,0,0,0,0
prevwong/craft.js,be66140c5ed6ea5c756fbf3ebde2b2ab3922fbd6,,,3.9.10,1654179704,94,0,0,0,0,0,0,0,0,0,0,0,0,0
prevwong/craft.js,0fab58bb0d62748c5a05fa18928b90263d534c25,,,3.9.10,1654494626,94,0,0,0,0,0,0,0,0,0,0,0,0,0
prevwong/craft.js,5b470bbcc9a9eb94f497c5d8435d80b242789950,,,3.9.10,1655818854,94,0,0,0,0,0,0,0,0,0,0,0,0,0
prevwong/craft.js,8a72d4a807226de601e4d192fbaf30e18e64f597,,,3.9.10,1661602030,94,0,0,0,0,0,0,0,0,0,0,0,0,0
prevwong/craft.js,418f7a823c5f39bae0b31ca82577f0ea74d4b10d,,,3.9.10,1661654646,94,0,0,0,0,0,0,0,0,0,0,0,0,0
prevwong/craft.js,51f34ffd86a215ca618ed8adca550fad86a45680,,,3.9.10,1661849049,94,0,0,0,0,0,0,0,0,0,0,0,0,0
prevwong/craft.js,54648facdb20e9af4949c92f50f83d05cf324515,,,3.9.10,1661851204,94,0,0,0,0,0,0,0,0,0,0,0,0,0
prevwong/craft.js,81386d3bae5dc4984105751bd51c5a57c4b78dcf,,,3.9.10,1661856792,94,0,0,0,0,0,0,0,0,0,0,0,0,0
prevwong/craft.js,eb1c14c0c8e1d6072d15b6c21833972f00423ccd,,,3.9.10,1661857119,94,0,0,0,0,0,0,0,0,0,0,0,0,0
prevwong/craft.js,9ed65b181ed4fedf4f72bdaadde550bcb77b56b6,,,3.9.10,1661859385,94,0,0,0,0,0,0,0,0,0,0,0,0,0
prevwong/craft.js,f5e0f8de4ba4bdf974c2e07248198933b8c77dd2,,,3.9.10,1661859391,94,0,0,0,0,0,0,0,0,0,0,0,0,0
prevwong/craft.js,8fd5136051badffe75ba7de35f8f9279641b0b31,,,3.9.10,1661859801,94,0,0,0,0,0,0,0,0,0,0,0,0,0
prevwong/craft.js,75d148f6194b9166bc95ac571be21f2adcdba24a,,,3.9.10,1661859856,94,0,0,0,0,0,0,0,0,0,0,0,0,0
prevwong/craft.js,716356dfe78198f1ce96a933bba5a7be186bd97c,,,3.9.10,1670419246,94,0,0,0,0,0,0,0,0,0,0,0,0,0
prevwong/craft.js,cb8b503d918ca1ba8d4201c2e8897c57d753692f,,,3.9.10,1670491861,94,0,0,0,0,0,0,0,0,0,0,0,0,0
prevwong/craft.js,b72dc2c8aa979063a04a1a8ae14bf57987a71fef,,,3.9.10,1670541303,94,0,0,0,0,0,0,0,0,0,0,0,0,0
prevwong/craft.js,5d8dfb0eb56160d3b75e9eab7574db35450488e0,,,3.9.10,1671056116,94,0,0,0,0,0,0,0,0,0,0,0,0,0
