react95-io/React95,ef78f347d10a0c943abeef733c3a727e5c640347,react95,2.0.0,,1579205651,0,0,0,0,0,0,0,0,0,0,0,0,0,0
react95-io/React95,d5ded69a654e9b2a88d66cb53dd2b73e982ac770,react95,2.0.0,,1579206971,0,0,0,0,0,0,0,0,0,0,0,0,0,0
react95-io/React95,061771f56082f3d3853a506db894dff44d8ac939,react95,2.0.0,,1579207264,0,0,0,0,0,0,0,0,0,0,0,0,0,0
react95-io/React95,a3e59ad2bd7ace1d16a8ff92741788d50e2765f0,react95,2.0.0,,1579286821,0,0,0,0,0,0,0,0,0,0,0,0,0,0
react95-io/React95,a4ef0a1e2b3a5a97de118d74191a6a49475fa171,react95,2.0.0,,1579293721,0,0,0,0,0,0,0,0,0,0,0,0,0,0
react95-io/React95,a22d0285c661374fe86fc1276f5adc784176e129,react95,2.0.0,,1579377131,0,0,0,0,0,0,0,0,0,0,0,0,0,0
react95-io/React95,2de3341a8c65ac7ff4eaa0af7b473b4a1d37fc3a,react95,2.0.0,,1579377655,0,0,0,0,0,0,0,0,0,0,0,0,0,0
react95-io/React95,a24e511037a54d2e0a9c29fbbcdbd2d1823c9a59,react95,2.0.0,,1579377995,0,0,0,0,0,0,0,0,0,0,0,0,0,0
react95-io/React95,abd2fbec2865660d7c34d0c1d49c172d81c132b1,react95,2.0.0,,1579378431,0,0,0,0,0,0,0,0,0,0,0,0,0,0
react95-io/React95,0178dcb4327f8b45fbf1b53b2c5ba2cab7feb180,react95,2.0.0,,1579430084,0,0,0,0,0,0,0,0,0,0,0,0,0,0
react95-io/React95,4db47df9b8d54c0c4e31d0dd4e553f4b1b5c7174,react95,2.0.0,,1579690226,0,0,0,0,0,0,0,0,0,0,0,0,0,0
react95-io/React95,ad6f6b566417d9d00fbc485639c093a38adf8191,react95,2.0.0,,1579690280,0,0,0,0,0,0,0,0,0,0,0,0,0,0
react95-io/React95,d2f14edef5e149c9e35cc53b108c3e5f7f34bc41,react95,2.0.0,,1579696108,0,0,0,0,0,0,0,0,0,0,0,0,0,0
react95-io/React95,d94480b3a15b870960031ac373ea1643f9c38e51,react95,2.0.0,,1579696332,0,0,0,0,0,0,0,0,0,0,0,0,0,0
react95-io/React95,1392ced49b3e912f59af70a9f01e179c282085a6,react95,2.0.0,,1579707719,0,0,0,0,0,0,0,0,0,0,0,0,0,0
react95-io/React95,09d044a1ee3f034f896c067d89a5009ec48c4a13,react95,2.0.0,,1579720471,0,0,0,0,0,0,0,0,0,0,0,0,0,0
react95-io/React95,b0f8c7ac5724368a703a1d059a4f230e1fc97f48,react95,2.0.0,,1579768010,0,0,0,0,0,0,0,0,0,0,0,0,0,0
react95-io/React95,4f08d669f5ec7efee8bef268d92dfba1f52e127e,react95,2.0.0,,1579772126,0,0,0,0,0,0,0,0,0,0,0,0,0,0
react95-io/React95,a5df489ead45b29f2147741f84d14a284b988eb1,react95,2.0.0,,1579772180,0,0,0,0,0,0,0,0,0,0,0,0,0,0
react95-io/React95,b3a04ed7a97ee6463731dd4fef72eff12cd60dce,react95,2.0.0,,1579772193,0,0,0,0,0,0,0,0,0,0,0,0,0,0
react95-io/React95,443375e4a001b03eb63307dcd2550a36a5d222c9,react95,2.0.0,,1579773842,0,0,0,0,0,0,0,0,0,0,0,0,0,0
react95-io/React95,ffd20f7805da0f199ff45c917fa0e9a967192ee1,react95,2.0.0,,1579775223,0,0,0,0,0,0,0,0,0,0,0,0,0,0
react95-io/React95,08a8242164b7d398aa0eaa68bd6a614cdb6614c9,react95,2.0.0,,1579776580,0,0,0,0,0,0,0,0,0,0,0,0,0,0
react95-io/React95,b5d3119adf2852ca07cb5dae41f4490ed7d05696,react95,2.0.0,,1579780741,0,0,0,0,0,0,0,0,0,0,0,0,0,0
react95-io/React95,b25d740e98a0095e8ef86f8599f2c30c80dda292,react95,2.0.0,,1579812094,0,0,0,0,0,0,0,0,0,0,0,0,0,0
react95-io/React95,949bfb20deb02cf37a7bdc19f458cbafa910b42e,react95,2.0.0,,1579966166,0,0,0,0,0,0,0,0,0,0,0,0,0,0
react95-io/React95,12d9e41193eb255401e8cfc82dcef45eb741edc5,react95,2.0.0,,1579967553,0,0,0,0,0,0,0,0,0,0,0,0,0,0
react95-io/React95,dca4de98cbb85bb3180d33b3a214f2a74308b940,react95,2.0.0,,1579967695,0,0,0,0,0,0,0,0,0,0,0,0,0,0
react95-io/React95,5aa1eaac41c337506d5bcabce08bead064202016,react95,2.0.0,,1580043172,0,0,0,0,0,0,0,0,0,0,0,0,0,0
react95-io/React95,0661c3ddc9e127c42a308b8880244ae1e781ac83,react95,2.0.0,,1580043202,0,0,0,0,0,0,0,0,0,0,0,0,0,0
react95-io/React95,22898fba8b6543ec9f1edd813642bd9bc8a3151a,react95,2.0.0,,1580046866,0,0,0,0,0,0,0,0,0,0,0,0,0,0
react95-io/React95,ac5f5d2d3c3afe4292c2823ef793398f98f843fe,react95,2.0.0,,1580049332,0,0,0,0,0,0,0,0,0,0,0,0,0,0
react95-io/React95,75dbdfa7a94871209fa78b257476a5a39138fd2b,react95,2.0.0,,1580051144,0,0,0,0,0,0,0,0,0,0,0,0,0,0
react95-io/React95,6f730dde8fa751c323b12448b0e348b5365f86e8,react95,2.0.0,,1580053917,0,0,0,0,0,0,0,0,0,0,0,0,0,0
react95-io/React95,b3a9386c56fd5ff24f63a82736dfdc01721ea082,react95,2.0.0,,1580054261,0,0,0,0,0,0,0,0,0,0,0,0,0,0
react95-io/React95,c8e575fe0dafa6f0e5016ffdecf1da3b287de766,react95,2.0.0,,1580058049,0,0,0,0,0,0,0,0,0,0,0,0,0,0
react95-io/React95,997fdfd293aeba8cf56e2449763ef05274ffb3c0,react95,2.0.0,,1580058082,0,0,0,0,0,0,0,0,0,0,0,0,0,0
react95-io/React95,2ce70f8db3e445b9eb181509a00acf9e065c906a,react95,2.0.0,,1580058574,0,0,0,0,0,0,0,0,0,0,0,0,0,0
react95-io/React95,b88aa858f88a11ee959fe4863ec701abec9f9fbd,react95,2.0.0,,1580059640,0,0,0,0,0,0,0,0,0,0,0,0,0,0
react95-io/React95,d477badc174502de9ed56d51da4fca7fbfafaefd,react95,2.0.0,,1580064715,0,0,0,0,0,0,0,0,0,0,0,0,0,0
react95-io/React95,14ede5c045d662c3c2c53cb9fe04b823733a3af8,react95,2.0.0,,1580064734,0,0,0,0,0,0,0,0,0,0,0,0,0,0
react95-io/React95,d6dffb388edf955c10a5fc71b726aa9af8d23209,react95,2.0.0,,1580065886,0,0,0,0,0,0,0,0,0,0,0,0,0,0
react95-io/React95,85f78e290acd2ec8bc5e79275666b9b74be6fd41,react95,2.0.0,,1580069143,0,0,0,0,0,0,0,0,0,0,0,0,0,0
react95-io/React95,84743e0b0e4d7bf9f1b3f5d046b85ca7f02544fe,react95,2.0.0,,1580069249,0,0,0,0,0,0,0,0,0,0,0,0,0,0
react95-io/React95,45676c82e8b16db7d86dc75e4718f27ee23d57cb,react95,2.0.0,,1580070448,0,0,0,0,0,0,0,0,0,0,0,0,0,0
react95-io/React95,10c3ada93787812464d4b631a827598f4b83d2d1,react95,2.0.0,,1580070511,0,0,0,0,0,0,0,0,0,0,0,0,0,0
react95-io/React95,b2c6589300724fb750c1d10687921885d2c50386,react95,2.0.0,,1580070577,0,0,0,0,0,0,0,0,0,0,0,0,0,0
react95-io/React95,4d3a63b7932c869056e089a2f9dbb0e2340fdf63,react95,2.0.0,,1580070966,0,0,0,0,0,0,0,0,0,0,0,0,0,0
react95-io/React95,81b7aaea447649a8435477512b7857439d50db4c,react95,2.0.0,,1580072449,0,0,0,0,0,0,0,0,0,0,0,0,0,0
react95-io/React95,99a531f36b6e6e31b18f2a58ecad0c69216b930f,react95,2.0.0,,1580072759,0,0,0,0,0,0,0,0,0,0,0,0,0,0
react95-io/React95,0460def1de99f82b623ee4fe2ea76ad3742ae038,react95,2.0.0,,1580073040,0,0,0,0,0,0,0,0,0,0,0,0,0,0
react95-io/React95,a38ac4b27f78bfbcf6671290280b45b333b095de,react95,2.0.0,,1580073135,0,0,0,0,0,0,0,0,0,0,0,0,0,0
react95-io/React95,5bda9b6316d3ca0f094327eee87832fe46bf3123,react95,2.0.0,,1580073174,0,0,0,0,0,0,0,0,0,0,0,0,0,0
react95-io/React95,bf008f1e258e1c6a04d84fb0332790ee162c9f13,react95,2.0.0,,1580073249,0,0,0,0,0,0,0,0,0,0,0,0,0,0
react95-io/React95,c82c673d5f7c1625d63d4393d1bff290fc6e7e5c,react95,2.0.0,,1580073391,0,0,0,0,0,0,0,0,0,0,0,0,0,0
react95-io/React95,67754311483d89b24b11c016a2531778406649a2,react95,2.0.0,,1580073448,0,0,0,0,0,0,0,0,0,0,0,0,0,0
react95-io/React95,463661fe08ef0795f39ab79cec7be49fb0548d2d,react95,2.0.0,,1580073541,0,0,0,0,0,0,0,0,0,0,0,0,0,0
react95-io/React95,d4b8451ba002be1ad4b287c7ad4b1ee27ae7ec87,react95,2.0.0,,1580142110,0,0,0,0,0,0,0,0,0,0,0,0,0,0
react95-io/React95,8db201c714c92b178b230244a19a39428a6d2006,react95,2.0.0,,1580144123,0,0,0,0,0,0,0,0,0,0,0,0,0,0
react95-io/React95,5c0413c8e15fb37d59eb2703226e2d7a9ff64f84,react95,2.0.0,,1580144544,0,0,0,0,0,0,0,0,0,0,0,0,0,0
react95-io/React95,f1775c608a0623d97eabc6f55fdb005678c1324d,react95,2.0.0,,1580145201,0,0,0,0,0,0,0,0,0,0,0,0,0,0
react95-io/React95,4d533979c86aede890c95777515de76f758dfba0,react95,2.0.0,,1580146560,0,0,0,0,0,0,0,0,0,0,0,0,0,0
react95-io/React95,b0feff75bbd9420d717bde5f215d36e3253d40c3,react95,2.0.0,,1580146608,0,0,0,0,0,0,0,0,0,0,0,0,0,0
react95-io/React95,9d812ce42bff0fa3e6bce891cacda7ddfed0b0bc,react95,2.0.0,,1580150542,0,0,0,0,0,0,0,0,0,0,0,0,0,0
react95-io/React95,b5049ca99501f5e1e8efb3e97ca30ba4741a9f78,react95,2.0.0,,1580151867,0,0,0,0,0,0,0,0,0,0,0,0,0,0
react95-io/React95,4c5f1f7ebe7fbddb4831e715b8b4c8a21d9cbf8c,react95,2.0.0,,1580152963,0,0,0,0,0,0,0,0,0,0,0,0,0,0
react95-io/React95,f8a072bdd86ad0af59bf7e7424b3bfe39cf6c0c0,react95,2.0.0,,1580153040,0,0,0,0,0,0,0,0,0,0,0,0,0,0
react95-io/React95,1b8d577b9f8990a0ea79a0e8c295e6dda4fe2574,react95,2.0.0,,1580153167,0,0,0,0,0,0,0,0,0,0,0,0,0,0
react95-io/React95,4e2c82dc3f95abeffc1bd37447b008ec6872ee13,react95,2.0.0,,1580171017,0,0,0,0,0,0,0,0,0,0,0,0,0,0
react95-io/React95,aaf49dd4a98bda24dc8b399e5b654567e9494d75,react95,2.0.0,,1580243280,0,0,0,0,0,0,0,0,0,0,0,0,0,0
react95-io/React95,fd986eea5475a974ca20b8a10ab16945682faa38,react95,2.0.0,,1580244268,0,0,0,0,0,0,0,0,0,0,0,0,0,0
react95-io/React95,7169f62ea5d3e3ff1f0d303fcf288b3abd5ecba6,react95,2.0.0,,1580244529,0,0,0,0,0,0,0,0,0,0,0,0,0,0
react95-io/React95,80073ff0aaec78c1fc75cd47d6d4a73131a6e640,react95,2.0.0,,1580245863,0,0,0,0,0,0,0,0,0,0,0,0,0,0
react95-io/React95,566144a9c2ef36aaee221a9958cc924570e1f8ae,react95,2.0.0,,1580247879,0,0,0,0,0,0,0,0,0,0,0,0,0,0
react95-io/React95,dc2f00909a5c05f01a143ec66d94eec6a0acb9a7,react95,2.0.0,,1580305999,0,0,0,0,0,0,0,0,0,0,0,0,0,0
react95-io/React95,1b924c9094c633989ad2742364073a4dc657da7f,react95,2.0.0,,1580306020,0,0,0,0,0,0,0,0,0,0,0,0,0,0
react95-io/React95,2d306d16f126e7473d6ddb82d0f8209f8b0fb9c2,react95,2.0.0,,1580321865,0,0,0,0,0,0,0,0,0,0,0,0,0,0
react95-io/React95,1d9c84285efce8a56ceef58149fb8ee22c6ba082,react95,2.0.0,,1580322012,0,0,0,0,0,0,0,0,0,0,0,0,0,0
react95-io/React95,5464b3d645aa48b04693ca8c80e3a6aec06914b4,react95,2.0.0,,1580322876,0,0,0,0,0,0,0,0,0,0,0,0,0,0
react95-io/React95,1fc403803f0a87192e5667c2efc253aa9333b005,react95,2.0.0,,1580322917,0,0,0,0,0,0,0,0,0,0,0,0,0,0
react95-io/React95,b94d9966a11cad6ed505e29ae08f1fdc3ba0a710,react95,2.0.0,,1580323191,0,0,0,0,0,0,0,0,0,0,0,0,0,0
react95-io/React95,377589da2ec671d0345b51e5f5425e6d8333450d,react95,2.0.0,,1580323415,0,0,0,0,0,0,0,0,0,0,0,0,0,0
react95-io/React95,366b08fe32808487d4340201de4d77cd241d482b,react95,2.0.0,,1580327004,0,0,0,0,0,0,0,0,0,0,0,0,0,0
react95-io/React95,01eb70849b7a3e6399268aee5bd1077bec4e35eb,react95,2.0.0,,1580334179,0,0,0,0,0,0,0,0,0,0,0,0,0,0
react95-io/React95,7e22ee46b524955149289290147adb7015952b47,react95,2.0.0,,1580335495,0,0,0,0,0,0,0,0,0,0,0,0,0,0
react95-io/React95,544d953f08f340abd3ab20ff4647f23a4d844c21,react95,2.0.0,,1580337035,0,0,0,0,0,0,0,0,0,0,0,0,0,0
react95-io/React95,8f7dd0a92c05093524e53901591ad54035881412,react95,2.0.0,,1580337152,0,0,0,0,0,0,0,0,0,0,0,0,0,0
react95-io/React95,1580430f2b0c4d37a2150cefa8777a8e0be74a6a,react95,2.0.0,,1580338065,0,0,0,0,0,0,0,0,0,0,0,0,0,0
react95-io/React95,210ad85ed5816e687a5225585ca0ef238144fd47,react95,2.0.0,,1580338229,0,0,0,0,0,0,0,0,0,0,0,0,0,0
react95-io/React95,9408be326bea512efe874ff959823018d0529285,react95,2.0.0,,1580400623,0,0,0,0,0,0,0,0,0,0,0,0,0,0
react95-io/React95,c92b106deac5948bd8949943696f0fc06d271cd9,react95,2.0.0,,1580405555,0,0,0,0,0,0,0,0,0,0,0,0,0,0
react95-io/React95,e94d292f814d4dcacdec055493c902b6f05baf8e,react95,2.0.0,,1580406578,0,0,0,0,0,0,0,0,0,0,0,0,0,0
react95-io/React95,404909f7f64cacab3179d7a81a477bf5ece49e89,react95,2.0.0,,1580406647,0,0,0,0,0,0,0,0,0,0,0,0,0,0
react95-io/React95,210dbb812973a1aa000841d7fce0b7c65ca1d5fe,react95,2.0.0,,1580406715,0,0,0,0,0,0,0,0,0,0,0,0,0,0
react95-io/React95,57b4d6d13df8091ec45074fcdd852f179efc9958,react95,2.0.0,,1580419798,0,0,0,0,0,0,0,0,0,0,0,0,0,0
react95-io/React95,636c97af7d5e3263947f7d5040cfe802c0dd7d52,react95,2.0.0,,1580670084,0,0,0,0,0,0,0,0,0,0,0,0,0,0
react95-io/React95,c5c932dc02d08a6750c50b39dd3608fd819d8126,react95,2.0.0,,1580682502,0,0,0,0,0,0,0,0,0,0,0,0,0,0
react95-io/React95,a8acbd53989824465eba9bec76bb8836530422db,react95,2.0.0,,1580847247,0,0,0,0,0,0,0,0,0,0,0,0,0,0
react95-io/React95,6fdccadcda12797d3c4c6bdf5efd1de089b1b4f7,react95,2.0.0,,1580848634,0,0,0,0,0,0,0,0,0,0,0,0,0,0
react95-io/React95,bb94ceeab007dd10dd80955a1b7a96ef1cd45775,react95,2.0.0,,1580849948,0,0,0,0,0,0,0,0,0,0,0,0,0,0
react95-io/React95,3d42ce70c08310913ecb77f84a5541d28c8ba2be,react95,2.0.0,,1580850081,0,0,0,0,0,0,0,0,0,0,0,0,0,0
react95-io/React95,14b9dfb3b9bf5cfe219c80db06b7640f31a9a69b,react95,2.0.0,,1580850841,0,0,0,0,0,0,0,0,0,0,0,0,0,0
react95-io/React95,8bcb3a2d06cbd5f916fd0ea257d58320f958952a,react95,2.0.0,,1580851350,0,0,0,0,0,0,0,0,0,0,0,0,0,0
react95-io/React95,a718d7c0470b52a870f0a658ab13decf9f3d1f5a,react95,2.0.0,,1580928968,0,0,0,0,0,0,0,0,0,0,0,0,0,0
react95-io/React95,3d14be49ada094bcbad09a028073e6ea0c5a0881,react95,2.0.0,,1580930272,0,0,0,0,0,0,0,0,0,0,0,0,0,0
react95-io/React95,ee0f0e4b6b669394ed17c742043c54461065dc66,react95,2.0.0,,1580933313,0,0,0,0,0,0,0,0,0,0,0,0,0,0
react95-io/React95,4a10b4090886b2bcdd9a3a80658654740e2a7dff,react95,2.0.0,,1580939303,0,0,0,0,0,0,0,0,0,0,0,0,0,0
react95-io/React95,a9ce0adedaeb18cbf5536d96f14439adb8bde0f3,react95,2.0.0,,1580940170,0,0,0,0,0,0,0,0,0,0,0,0,0,0
react95-io/React95,e8abc0716c571f8aa36205b55d590246a0600f54,react95,2.0.0,,1581017252,0,0,0,0,0,0,0,0,0,0,0,0,0,0
react95-io/React95,1174ebdd990d3bf271470f620c661e733cd8e91f,react95,2.0.0,,1581019820,0,0,0,0,0,0,0,0,0,0,0,0,0,0
react95-io/React95,863eaf472a76153e93da929e7850c62f75cd3826,react95,2.0.0,,1581019969,0,0,0,0,0,0,0,0,0,0,0,0,0,0
react95-io/React95,ea80666310dde020e4631bad6b71c04c95a2f44d,react95,2.0.0,,1581020365,0,0,0,0,0,0,0,0,0,0,0,0,0,0
react95-io/React95,28c11d4af31625795a0e11ffb74b80471f8f9485,react95,2.0.0,,1581108644,0,0,0,0,0,0,0,0,0,0,0,0,0,0
react95-io/React95,3616a9d66e364e23c591463566119c18753837c7,react95,2.0.0,,1581108660,0,0,0,0,0,0,0,0,0,0,0,0,0,0
react95-io/React95,f54014e7a043edf41c1b3d4aecbbf34c04dff50c,react95,2.0.0,,1581109065,0,0,0,0,0,0,0,0,0,0,0,0,0,0
react95-io/React95,752e977a41fba97cfdf290b0f4660eebcfc46ab4,react95,2.0.0,,1581109981,0,0,0,0,0,0,0,0,0,0,0,0,0,0
react95-io/React95,e7dee76f6ddfe821af0032205084c0250d03c938,react95,2.0.0,,1581111128,0,0,0,0,0,0,0,0,0,0,0,0,0,0
react95-io/React95,c48fccfe0572ec2522cbe5245842511c25778f20,react95,2.0.0,,1581111620,0,0,0,0,0,0,0,0,0,0,0,0,0,0
react95-io/React95,03f6368711c94489c4bd449bee61b3e4bae36e84,react95,2.0.0,,1581114215,0,0,0,0,0,0,0,0,0,0,0,0,0,0
react95-io/React95,2b38facd3956c5be58a91148f78efb62f32b9fe4,react95,2.0.0,,1581114235,0,0,0,0,0,0,0,0,0,0,0,0,0,0
react95-io/React95,79f2e5a977d599e09ce3a4551d05c88fd19a2258,react95,2.0.0,,1581115755,0,0,0,0,0,0,0,0,0,0,0,0,0,0
react95-io/React95,890d9f287fffb0105479e4cd1aafc9368218873d,react95,2.0.0,,1581115985,0,0,0,0,0,0,0,0,0,0,0,0,0,0
react95-io/React95,0c8f37286f4e674ecaff1374ee5f54c48c85d735,react95,2.0.0,,1581116090,0,0,0,0,0,0,0,0,0,0,0,0,0,0
react95-io/React95,409f64ebd29fc0d07d7b9e659a64869ff3c76fb6,react95,2.0.0,,1581116156,0,0,0,0,0,0,0,0,0,0,0,0,0,0
react95-io/React95,faeab61bee151e8432d5ca7e674bc460d2879e2c,react95,2.0.0,,1581116255,0,0,0,0,0,0,0,0,0,0,0,0,0,0
react95-io/React95,04b0bbbb30b0b8553e50d9943d0b3fa39a6a1434,react95,2.0.0,,1581116798,0,0,0,0,0,0,0,0,0,0,0,0,0,0
react95-io/React95,01453a999ef72c4c7a6d2b2a43bb722316f17e14,react95,2.0.0,,1581237180,0,0,0,0,0,0,0,0,0,0,0,0,0,0
react95-io/React95,d4e3149421509da50baac11c21bad053a44fa6c7,react95,2.0.0,,1581237194,0,0,0,0,0,0,0,0,0,0,0,0,0,0
react95-io/React95,f718da32293f239dd0a2cced013981d5c2d6c361,react95,2.0.0,,1581237403,0,0,0,0,0,0,0,0,0,0,0,0,0,0
react95-io/React95,53774e56a085fafe58f3c7cbcf99e99056d23fc2,react95,2.0.0,,1581237417,0,0,0,0,0,0,0,0,0,0,0,0,0,0
react95-io/React95,29f01a897d7c2bad7dfe3b2d8a992d1c15081aa7,react95,2.0.0,,1581237540,0,0,0,0,0,0,0,0,0,0,0,0,0,0
react95-io/React95,496a459592505dce0204aba53ea8320a853b6a66,react95,2.0.0,,1581237556,0,0,0,0,0,0,0,0,0,0,0,0,0,0
react95-io/React95,5afc29d85a6e1d3b50ae169b05d830caca7e4e22,react95,2.0.0,,1581237657,0,0,0,0,0,0,0,0,0,0,0,0,0,0
react95-io/React95,23e9f05c85349310325fbb554062d46a34e44602,react95,2.0.0,,1581237676,0,0,0,0,0,0,0,0,0,0,0,0,0,0
react95-io/React95,6f5ebb4d5079aac65492ba85489fd2783d65aa23,react95,2.0.0,,1581239180,0,0,0,0,0,0,0,0,0,0,0,0,0,0
react95-io/React95,92dfe63abf19ef261f13b8b3b21758b368d78293,react95,2.0.0,,1581239200,0,0,0,0,0,0,0,0,0,0,0,0,0,0
react95-io/React95,a8e4584899a12cf089ab390073bc289ff80f51cf,react95,2.0.0,,1581239537,0,0,0,0,0,0,0,0,0,0,0,0,0,0
react95-io/React95,5f0969e7ae14c1f22de5644636b6910a7e1594c3,react95,2.0.0,,1581239552,0,0,0,0,0,0,0,0,0,0,0,0,0,0
react95-io/React95,65a21f626dabcf736bee72316c91d49ba9888dc9,react95,2.0.0,,1581240466,0,0,0,0,0,0,0,0,0,0,0,0,0,0
react95-io/React95,e2346e7ca0189f7bc8f19ae0323b2d616a353448,react95,2.0.0,,1581240485,0,0,0,0,0,0,0,0,0,0,0,0,0,0
react95-io/React95,99314252771329b301148637859e85f4eb3533aa,react95,2.0.0,,1581253648,0,0,0,0,0,0,0,0,0,0,0,0,0,0
react95-io/React95,263d13a246b34369b93e717be13b9ec365751eb8,react95,2.0.0,,1581253736,0,0,0,0,0,0,0,0,0,0,0,0,0,0
react95-io/React95,4458600e91116b814614cc493c5f7bc2081e1a5e,react95,2.0.0,,1581254623,0,0,0,0,0,0,0,0,0,0,0,0,0,0
react95-io/React95,0be661d476109d2b5db2aa0b5486989010d017c4,react95,2.0.0,,1581254635,0,0,0,0,0,0,0,0,0,0,0,0,0,0
react95-io/React95,f65bbf7b4bb5b260d5317b9692806dbc829bcb0d,react95,2.0.0,,1581255965,0,0,0,0,0,0,0,0,0,0,0,0,0,0
react95-io/React95,9aeb3ab346f025542d14ec0f8622f4bb7194df16,react95,2.0.0,,1581256095,0,0,0,0,0,0,0,0,0,0,0,0,0,0
react95-io/React95,85fcd22ebc30264d1aa9ad9bdd2337344d1f0329,react95,2.0.0,,1581369098,0,0,0,0,0,0,0,0,0,0,0,0,0,0
react95-io/React95,4a114e78e2b8d3b30805993a1814e2d443425513,react95,2.0.0,,1581369384,0,0,0,0,0,0,0,0,0,0,0,0,0,0
react95-io/React95,35e1132c7d70a3c0053ce70bf3d87688b7297b4d,react95,2.0.0,,1581372983,0,0,0,0,0,0,0,0,0,0,0,0,0,0
react95-io/React95,d02cdad063d56b128519cc938f945dadc9398ea1,react95,2.0.0,,1581372994,0,0,0,0,0,0,0,0,0,0,0,0,0,0
react95-io/React95,33c2e6bc352220da479c83247ec4b606442d05b4,react95,2.0.0,,1581373388,0,0,0,0,0,0,0,0,0,0,0,0,0,0
react95-io/React95,9114d893db724a1cc908b9c414bf39a989141225,react95,2.0.0,,1581374076,0,0,0,0,0,0,0,0,0,0,0,0,0,0
react95-io/React95,46939b334ea408c9c7e4813af2d2d16050e9cefa,react95,2.0.0,,1581374156,0,0,0,0,0,0,0,0,0,0,0,0,0,0
react95-io/React95,fcb8755290b5e51fb6c0915f016ecebcf6af9ea2,react95,2.0.0,,1581374614,0,0,0,0,0,0,0,0,0,0,0,0,0,0
react95-io/React95,a9224ded248d16b5878e33203b9203125056db76,react95,2.0.0,,1581540366,0,0,0,0,0,0,0,0,0,0,0,0,0,0
react95-io/React95,dd1046485fcaa6d094307cbc4038aec2b54ef34b,react95,2.0.0,,1581540549,0,0,0,0,0,0,0,0,0,0,0,0,0,0
react95-io/React95,edf535659aaf10852312bb2e16443e7c6c6fad8b,react95,2.0.0,,1581542555,0,0,0,0,0,0,0,0,0,0,0,0,0,0
react95-io/React95,5690d0c119282e497321caeee28716933480bb70,react95,2.0.0,,1581543239,0,0,0,0,0,0,0,0,0,0,0,0,0,0
react95-io/React95,fe2796ae12200e45c34430ff42346c38458f0003,react95,2.0.0,,1581543304,0,0,0,0,0,0,0,0,0,0,0,0,0,0
react95-io/React95,c47129059720f493c2750322a4247095abddb0a0,react95,2.0.0,,1581547029,0,0,0,0,0,0,0,0,0,0,0,0,0,0
react95-io/React95,fab899fff82c07cf77b44ba3594f7a336155b66d,react95,2.0.0,,1581547128,0,0,0,0,0,0,0,0,0,0,0,0,0,0
react95-io/React95,f2b1510bd50f60555532c3e6c9e265f230809326,react95,2.0.0,,1581548595,0,0,0,0,0,0,0,0,0,0,0,0,0,0
react95-io/React95,0f5d261a46d2037aa64704d3b6f97804478f4661,react95,2.0.0,,1581551817,0,0,0,0,0,0,0,0,0,0,0,0,0,0
react95-io/React95,82e7600b527fd3f9a89548b1231816ec50a3680c,react95,2.0.0,,1582062616,0,0,0,0,0,0,0,0,0,0,0,0,0,0
react95-io/React95,285d5a0f6b52615b45b8d8d16653e2ae970f51b0,react95,2.0.0,,1582232967,0,0,0,0,0,0,0,0,0,0,0,0,0,0
react95-io/React95,e714b58b96b139044535c4d3f65424f4f7f4e869,react95,2.0.0,,1582236733,0,0,0,0,0,0,0,0,0,0,0,0,0,0
react95-io/React95,86365e61edef9fcfee1b26f6da148c9d7b36fa91,react95,2.0.0,,1582237197,0,0,0,0,0,0,0,0,0,0,0,0,0,0
react95-io/React95,9243875dfc1665e8a0c511e6461a1f89b96eb3f6,react95,2.0.0,,1582237278,0,0,0,0,0,0,0,0,0,0,0,0,0,0
react95-io/React95,152d509794febf1c55e4c3c9225775c21eb0775b,react95,2.0.0,,1582241998,0,0,0,0,0,0,0,0,0,0,0,0,0,0
react95-io/React95,b7ba00f3046d6a8ae382f8544eba5858ef963fee,react95,2.0.0,,1582242159,0,0,0,0,0,0,0,0,0,0,0,0,0,0
react95-io/React95,83872d4590ded5868d81c557201821bf47a6d681,react95,2.0.0,,1582309629,0,0,0,0,0,0,0,0,0,0,0,0,0,0
react95-io/React95,847f058e1d0f0f1d6bf827901636f6aae548004b,react95,2.0.0,,1582309893,0,0,0,0,0,0,0,0,0,0,0,0,0,0
react95-io/React95,615637eabf0fe771443892d28c8db06b1fff45cd,react95,2.0.0,,1582315564,0,0,0,0,0,0,0,0,0,0,0,0,0,0
react95-io/React95,2a1f0e481944057381a42b38a13dc8818459c330,react95,2.0.0,,1582327612,0,0,0,0,0,0,0,0,0,0,0,0,0,0
react95-io/React95,dac595d2a6056770a0cf3dc71077a1ac209ed92b,react95,2.0.0,,1582327786,0,0,0,0,0,0,0,0,0,0,0,0,0,0
react95-io/React95,8ac8863068fcec0b9791a39dd758ae45b0908017,react95,2.0.0,,1582328211,0,0,0,0,0,0,0,0,0,0,0,0,0,0
react95-io/React95,fbc03cb3647fe9995b9c6971a8d12dceadf15308,react95,2.0.0,,1582328269,0,0,0,0,0,0,0,0,0,0,0,0,0,0
react95-io/React95,8fd2b8bd0f83a9cc65f3f52c6812891842a1d14f,react95,2.0.0,,1582328391,0,0,0,0,0,0,0,0,0,0,0,0,0,0
react95-io/React95,c8e091044c910dfed1e6cbda2a325fcdbeb5aee1,react95,2.0.0,,1582705913,0,0,0,0,0,0,0,0,0,0,0,0,0,0
react95-io/React95,e66acab0a77ce1c330b12fe139f580c1039c9209,react95,2.0.0,,1582767940,0,0,0,0,0,0,0,0,0,0,0,0,0,0
react95-io/React95,8eb8238c38123461bd67a311b9cfdb5f2f85fa42,react95,2.0.0,,1582836942,0,0,0,0,0,0,0,0,0,0,0,0,0,0
react95-io/React95,1b636b582f46583a4005308576d986400ffbde67,react95,2.0.0,,1582992417,0,0,0,0,0,0,0,0,0,0,0,0,0,0
react95-io/React95,21a3b6a58791ee27274a09122970544dc6cc4acc,react95,2.0.0,,1583204621,0,0,0,0,0,0,0,0,0,0,0,0,0,0
react95-io/React95,dd99cab958316594070f0d5bb3ad819c205ee98b,react95,2.0.0,,1583220819,0,0,0,0,0,0,0,0,0,0,0,0,0,0
react95-io/React95,e3214937fe64241ee9714c3e0bbc2d9833d71c6f,react95,2.0.0,,1583245281,0,0,0,0,0,0,0,0,0,0,0,0,0,0
react95-io/React95,e8d38f4fd58f55d13d37b3ece84b732ed726907c,react95,0.0.0-development,,1584195548,0,0,0,0,0,0,0,0,0,0,0,0,0,0
react95-io/React95,a2dcaf2be1af086199679658259d0d47f9cffb4e,react95,0.0.0-development,,1584196636,0,0,0,0,0,0,0,0,0,0,0,0,0,0
react95-io/React95,b1bc2fec32f9c588a5141cfc6605fe6a037d77a3,react95,0.0.0-development,,1584216940,0,0,0,0,0,0,0,0,0,0,0,0,0,0
react95-io/React95,6f08aed6a1c3f8e39102984d5066d1c679357e7d,react95,0.0.0-development,,1584217496,0,0,0,0,0,0,0,0,0,0,0,0,0,0
react95-io/React95,5d4267f5194367803e95add6201feeeb5755b362,react95,0.0.0-development,,1584292074,0,0,0,0,0,0,0,0,0,0,0,0,0,0
react95-io/React95,bb5b7ec1564a231b181238c57b511af792f7b5c6,react95,0.0.0-development,,1584292178,0,0,0,0,0,0,0,0,0,0,0,0,0,0
react95-io/React95,a90dadbac1cad6888eb50d837e8ae98d100daf99,react95,0.0.0-development,,1584303228,0,0,0,0,0,0,0,0,0,0,0,0,0,0
react95-io/React95,a6f93c071d5e135d81186f77c26ec250b7dbdb67,react95,0.0.0-development,,1584307350,0,0,0,0,0,0,0,0,0,0,0,0,0,0
react95-io/React95,3300037507dd1d2d670a800b34d6ad7057113682,react95,0.0.0-development,,1584307723,0,0,0,0,0,0,0,0,0,0,0,0,0,0
react95-io/React95,7af4faa6646e26cf1bf8c5b45c324b1b0d2d7afa,react95,0.0.0-development,,1584465858,0,0,0,0,0,0,0,0,0,0,0,0,0,0
react95-io/React95,817d35202f4941a9f9e713880bfd66859c900cba,react95,2.0.0,,1584559382,0,0,0,0,0,0,0,0,0,0,0,0,0,0
react95-io/React95,3ec0fbb32f6333b68aac0551385cf2ad2a9c25de,react95,0.0.0-development,,1584740119,0,0,0,0,0,0,0,0,0,0,0,0,0,0
react95-io/React95,c4f54a38734103597b07872263df7af10e173a4e,react95,0.0.0-development,,1584740453,0,0,0,0,0,0,0,0,0,0,0,0,0,0
react95-io/React95,821d1a19aa6524deeddca6d1156b3a5992ef0dd6,react95,0.0.0-development,,1585088784,0,0,0,0,0,0,0,0,0,0,0,0,0,0
react95-io/React95,b2cfe78c649cdefaef14d397a5f1fe49fb20bdcf,react95,0.0.0-development,,1585089170,0,0,0,0,0,0,0,0,0,0,0,0,0,0
react95-io/React95,bfd978e8a815d85fdb1e47f956e9606a8ecf9603,react95,0.0.0-development,,1585090747,0,0,0,0,0,0,0,0,0,0,0,0,0,0
react95-io/React95,86bf15f83b85fa9c52e1c900c8ff2cdbd315aac5,react95,0.0.0-development,,1585090747,0,0,0,0,0,0,0,0,0,0,0,0,0,0
react95-io/React95,0f34f4405ba21da32676673cdd208a0f3d49a261,react95,0.0.0-development,,1585090747,0,0,0,0,0,0,0,0,0,0,0,0,0,0
react95-io/React95,6f4a3628d2b0d66d279dcd36bd2400d7dd383851,react95,0.0.0-development,,1585090747,0,0,0,0,0,0,0,0,0,0,0,0,0,0
react95-io/React95,27610485d6d761b1e5d9557783f72a431ad2241e,react95,0.0.0-development,,1585090747,0,0,0,0,0,0,0,0,0,0,0,0,0,0
react95-io/React95,10b67b9931d10bb67de1b8c30fae74b5512bf6c3,react95,0.0.0-development,,1585166297,0,0,0,0,0,0,0,0,0,0,0,0,0,0
react95-io/React95,d3ec3d207ebf7a40e46775992e5316172376a398,react95,0.0.0-development,,1585428190,0,0,0,0,0,0,0,0,0,0,0,0,0,0
react95-io/React95,c34269e4b2eef6813780584d7d31222acb886ed6,react95,0.0.0-development,,1585485831,0,0,0,0,0,0,0,0,0,0,0,0,0,0
react95-io/React95,7cf0224f515f0457e03c5991c50deda5205e11b8,react95,0.0.0-development,,1585485831,0,0,0,0,0,0,0,0,0,0,0,0,0,0
react95-io/React95,fe7de4bb66335ddedcb441ded26b020eeca07826,react95,0.0.0-development,,1585485831,0,0,0,0,0,0,0,0,0,0,0,0,0,0
react95-io/React95,f956a02779e11087ec63fac51800e4758fa78c13,react95,0.0.0-development,,1585485831,0,0,0,0,0,0,0,0,0,0,0,0,0,0
react95-io/React95,af3552a620d4b4005db9a95ec74fd71cee33329f,react95,0.0.0-development,,1585486040,0,0,0,0,0,0,0,0,0,0,0,0,0,0
react95-io/React95,851d2045056e5c8d90cb68806bcb42f7e4277a91,react95,0.0.0-development,,1585510069,0,0,0,0,0,0,0,0,0,0,0,0,0,0
react95-io/React95,c4593444ef522faeeaecc8a631ae3f5b693a303e,react95,0.0.0-development,,1585592126,0,0,0,0,0,0,0,0,0,0,0,0,0,0
react95-io/React95,859dce0f8df29955e0911baf39fc2a21404b6098,react95,0.0.0-development,,1585863739,0,0,0,0,0,0,0,0,0,0,0,0,0,0
react95-io/React95,7498ccc1df0d854cd3ff8fe16afef4898f4c963d,react95,0.0.0-development,,1585863739,0,0,0,0,0,0,0,0,0,0,0,0,0,0
react95-io/React95,b447b8864e0200ea429946f095cd0e5793a58661,react95,0.0.0-development,,1585863764,0,0,0,0,0,0,0,0,0,0,0,0,0,0
react95-io/React95,2662c956d7e0965f68047bd413cffba1100c8605,react95,0.0.0-development,,1585992038,0,0,0,0,0,0,0,0,0,0,0,0,0,0
react95-io/React95,02282139270f4e50ddbda903d29241af0011c7e7,react95,0.0.0-development,,1585992038,0,0,0,0,0,0,0,0,0,0,0,0,0,0
react95-io/React95,1c317441d79af5802f18031dc28a0c422854c9b2,react95,0.0.0-development,,1585992038,0,0,0,0,0,0,0,0,0,0,0,0,0,0
react95-io/React95,22586da1b242635a1529bd94357f7c18df9dc07d,react95,0.0.0-development,,1586206219,0,0,0,0,0,0,0,0,0,0,0,0,0,0
react95-io/React95,1463a896f6c8ef88b9625c5c0d8f07817ee92bc1,react95,0.0.0-development,,1586283131,0,0,0,0,0,0,0,0,0,0,0,0,0,0
react95-io/React95,33e26f86e4952a3bbec84377c41584dd9573aedd,react95,0.0.0-development,,1586287292,0,0,0,0,0,0,0,0,0,0,0,0,0,0
react95-io/React95,b4c921a4798732283a17cdf084a3c719067dc572,react95,0.0.0-development,,1586287292,0,0,0,0,0,0,0,0,0,0,0,0,0,0
react95-io/React95,4e543f8612953f987010d6e288f5a3acfc699eba,react95,0.0.0-development,,1586287292,0,0,0,0,0,0,0,0,0,0,0,0,0,0
react95-io/React95,ab00b879dbdc36a662577e43428c254c0eaffcb9,react95,0.0.0-development,,1586287292,0,0,0,0,0,0,0,0,0,0,0,0,0,0
react95-io/React95,0ba2445d2fd290859548c56bc44af0ffa63f7917,react95,0.0.0-development,,1586287292,0,0,0,0,0,0,0,0,0,0,0,0,0,0
react95-io/React95,1e7b37145d1dfb49b81de4d07ce40f7a4fab8d09,react95,0.0.0-development,,1586289574,0,0,0,0,0,0,0,0,0,0,0,0,0,0
react95-io/React95,7a6302814c419d1c52dfef9ccc3c06b06dfe7bae,react95,0.0.0-development,,1586292633,0,0,0,0,0,0,0,0,0,0,0,0,0,0
react95-io/React95,1472229eb2a2bc67ac0bf3d607ae4840e89c570b,react95,0.0.0-development,,1586295585,0,0,0,0,0,0,0,0,0,0,0,0,0,0
react95-io/React95,956f0c6295d0bd1207e689dd55ad843711a410a8,react95,0.0.0-development,,1586373854,0,0,0,0,0,0,0,0,0,0,0,0,0,0
react95-io/React95,5ed506cdce92502abe0264356e1f7679764c8945,react95,0.0.0-development,,1586373854,0,0,0,0,0,0,0,0,0,0,0,0,0,0
react95-io/React95,da57101e7c56bc1160cf3a53b85a8257d340ff03,react95,0.0.0-development,,1586373854,0,0,0,0,0,0,0,0,0,0,0,0,0,0
react95-io/React95,876c17dee2f60fa73522a473e6623fc0188a4738,react95,0.0.0-development,,1586373854,0,0,0,0,0,0,0,0,0,0,0,0,0,0
react95-io/React95,ec9c1776cee2a14552b336f54d57d6cd15b85511,react95,0.0.0-development,,1586445919,0,0,0,0,0,0,0,0,0,0,0,0,0,0
react95-io/React95,3b1ca2b3c7aebded0940323e3f0334cb883bd519,react95,0.0.0-development,,1586460638,0,0,0,0,0,0,0,0,0,0,0,0,0,0
react95-io/React95,db8ff1c93bb835fbd26669e9e66069b6d6f5a893,react95,0.0.0-development,,1586460638,0,0,0,0,0,0,0,0,0,0,0,0,0,0
react95-io/React95,c0c856ca3a3558d8150629d3a93eb54c310afa7e,react95,0.0.0-development,,1586460638,0,0,0,0,0,0,0,0,0,0,0,0,0,0
react95-io/React95,cd2bbc6365d903d0cd45eaa6e85f3f4bf8d2ff0e,react95,0.0.0-development,,1586460638,0,0,0,0,0,0,0,0,0,0,0,0,0,0
react95-io/React95,4286c3a72218d56b8869bf8e083e3f64b4c82e79,react95,0.0.0-development,,1586460638,0,0,0,0,0,0,0,0,0,0,0,0,0,0
react95-io/React95,42111edd3d7e7bc6e8bb569ed7d19f811db86bd8,react95,0.0.0-development,,1586460638,0,0,0,0,0,0,0,0,0,0,0,0,0,0
react95-io/React95,02ea2e736f4e63d255fbfcdb4b73234e3a686913,react95,0.0.0-development,,1586460638,0,0,0,0,0,0,0,0,0,0,0,0,0,0
react95-io/React95,50a0e74d40f8abc71184c1a4e6e48ffa1ff95515,react95,0.0.0-development,,1586460638,0,0,0,0,0,0,0,0,0,0,0,0,0,0
react95-io/React95,a97297ed155ea607ffe29d5092191749785a9816,react95,0.0.0-development,,1586460638,0,0,0,0,0,0,0,0,0,0,0,0,0,0
react95-io/React95,876ab66e4346497ee2a455bd0fb692e283bff9f5,react95,0.0.0-development,,1586460638,0,0,0,0,0,0,0,0,0,0,0,0,0,0
react95-io/React95,dc5e9b49dcb940beb8417e72ff8b72a83f042054,react95,0.0.0-development,,1586460638,0,0,0,0,0,0,0,0,0,0,0,0,0,0
react95-io/React95,02ca1259c7fe80031a06df7e63dff4ce46cad3dc,react95,0.0.0-development,,1586460638,0,0,0,0,0,0,0,0,0,0,0,0,0,0
react95-io/React95,d599d8bd39b79ca0a36f01eb884a1413ebb91280,react95,0.0.0-development,,1586460638,0,0,0,0,0,0,0,0,0,0,0,0,0,0
react95-io/React95,15569f557cd4ba1c8fe7a2aa5aa3b590369135ff,react95,0.0.0-development,,1586460638,0,0,0,0,0,0,0,0,0,0,0,0,0,0
react95-io/React95,38cd0f140765abf50d2028377354eae62dbe9615,react95,0.0.0-development,,1586460638,0,0,0,0,0,0,0,0,0,0,0,0,0,0
react95-io/React95,a091c54ec6c36fb4c0c75263d2cd5134bcccf02b,react95,0.0.0-development,,1586460638,0,0,0,0,0,0,0,0,0,0,0,0,0,0
react95-io/React95,fddcaf77614b021ffc78f8459ffceb9ffd526c26,react95,0.0.0-development,,1586460638,0,0,0,0,0,0,0,0,0,0,0,0,0,0
react95-io/React95,516a35db5d6649a347970cb8edbd7293d3c46d44,react95,0.0.0-development,,1586460638,0,0,0,0,0,0,0,0,0,0,0,0,0,0
react95-io/React95,218f2da5b1ba4bf9a9585cb58d5919ace4f7c519,react95,0.0.0-development,,1586460638,0,0,0,0,0,0,0,0,0,0,0,0,0,0
react95-io/React95,972ecc122bb6a9a5852584a76d4214c3b8ee088c,react95,0.0.0-development,,1586460638,0,0,0,0,0,0,0,0,0,0,0,0,0,0
react95-io/React95,ee7dc9c8fd3a7751b605efe5c0fe74fe0697a2ef,react95,0.0.0-development,,1586460638,0,0,0,0,0,0,0,0,0,0,0,0,0,0
react95-io/React95,afc79de96a25ca4a5b56086ebd6e1f068a256230,react95,0.0.0-development,,1586460638,0,0,0,0,0,0,0,0,0,0,0,0,0,0
react95-io/React95,817ba61ccb63741a10690c7488f43ba2f190cc30,react95,0.0.0-development,,1586460638,0,0,0,0,0,0,0,0,0,0,0,0,0,0
react95-io/React95,3c58fb52a241b5d1a59a1b14908183a04c7fa30e,react95,0.0.0-development,,1586460638,0,0,0,0,0,0,0,0,0,0,0,0,0,0
react95-io/React95,f1cb08edd85432395ffb2e13f5ef2173ea9c0b7d,react95,0.0.0-development,,1586460638,0,0,0,0,0,0,0,0,0,0,0,0,0,0
react95-io/React95,d265c6c057f14bd8d5803ed4c46591a86956987b,react95,0.0.0-development,,1586460638,0,0,0,0,0,0,0,0,0,0,0,0,0,0
react95-io/React95,9bd635e37ac649f2012346a71dd2fe699b82d1bb,react95,0.0.0-development,,1586460638,0,0,0,0,0,0,0,0,0,0,0,0,0,0
react95-io/React95,cf1ce81cf099ba9c51ec565754c534d2dea28550,react95,0.0.0-development,,1586460638,0,0,0,0,0,0,0,0,0,0,0,0,0,0
react95-io/React95,7adb8e3d3fa53f8f36d4e48efd97b2a9cd860cb0,react95,0.0.0-development,,1586460638,0,0,0,0,0,0,0,0,0,0,0,0,0,0
react95-io/React95,1f26746bfba3367a6560176eaede850efb536999,react95,0.0.0-development,,1586460638,0,0,0,0,0,0,0,0,0,0,0,0,0,0
react95-io/React95,d37291270c239c14d87c72701503cba959e4cf20,react95,0.0.0-development,,1586645629,0,0,0,0,0,0,0,0,0,0,0,0,0,0
react95-io/React95,c862996dfac03272d56ade63598e2171ee7f90e0,react95,0.0.0-development,,1586645629,0,0,0,0,0,0,0,0,0,0,0,0,0,0
react95-io/React95,92bd22e33465f85f9e11b1a13339f1ab3fc99419,react95,0.0.0-development,,1586645629,0,0,0,0,0,0,0,0,0,0,0,0,0,0
react95-io/React95,a2bc4d01a0806cffc241dbb65cfa79f89f2de56e,react95,0.0.0-development,,1587840455,0,0,0,0,0,0,0,0,0,0,0,0,0,0
react95-io/React95,bbe807b01732a6a640855e4f8664e949e4004014,react95,0.0.0-development,,1587840455,0,0,0,0,0,0,0,0,0,0,0,0,0,0
react95-io/React95,a2fa95d853255fa4692bb6316835f27b955dee0c,react95,0.0.0-development,,1587890970,0,0,0,0,0,0,0,0,0,0,0,0,0,0
react95-io/React95,2d44d245f690d2edc7e0a794972491a6bbc27f33,react95,0.0.0-development,,1588179036,0,0,0,0,0,0,0,0,0,0,0,0,0,0
react95-io/React95,cd835c1f40730db8aa42f82a674fea629a9954a1,react95,2.0.0,,1588199850,0,0,0,0,0,0,0,0,0,0,0,0,0,0
react95-io/React95,a1b7662fae2867f6923d3ee8b122119b97fd69fa,react95,2.0.0,,1588199850,0,0,0,0,0,0,0,0,0,0,0,0,0,0
react95-io/React95,85594d3a7a8b6e91d651829db548c50a19dcf495,react95,2.0.0,,1588199850,0,0,0,0,0,0,0,0,0,0,0,0,0,0
react95-io/React95,48dd8450555d22aa5462564e301940117ad10bf8,react95,2.0.0,,1588199850,0,0,0,0,0,0,0,0,0,0,0,0,0,0
react95-io/React95,9c8a8e66044ef9416be03d7cb9790b1c5dfc2bcb,react95,2.0.0,,1588199850,0,0,0,0,0,0,0,0,0,0,0,0,0,0
react95-io/React95,46804cecd81d1611cb03e64f55096036d1881c19,react95,2.0.0,,1588199850,0,0,0,0,0,0,0,0,0,0,0,0,0,0
react95-io/React95,8d238a41f4f658d5aed7cfd38d36a94471a16242,react95,2.0.0,,1588199850,0,0,0,0,0,0,0,0,0,0,0,0,0,0
react95-io/React95,2fd78a4c62b17db932c04f996a12c3ad996a1eff,react95,2.0.0,,1588199850,0,0,0,0,0,0,0,0,0,0,0,0,0,0
react95-io/React95,dd9c840e1a2adbf9bd95e7b4b882d0cc328553dc,react95,0.0.0-development,,1589041711,0,0,0,0,0,0,0,0,0,0,0,0,0,0
react95-io/React95,2b0662b03cef29938fde9bb1174525b155a367b1,react95,0.0.0-development,,1589309113,0,0,0,0,0,0,0,0,0,0,0,0,0,0
react95-io/React95,a8993efc01d93c2c6c6aa56c7d595b8e6f57c797,react95,0.0.0-development,,1589310795,0,0,0,0,0,0,0,0,0,0,0,0,0,0
react95-io/React95,7cff70754953f6a739ed0e9be7595c9e00856555,react95,2.0.0,,1589467173,0,0,0,0,0,0,0,0,0,0,0,0,0,0
react95-io/React95,316fc61f379b1c495d298375b5b0caa0381d97f6,react95,0.0.0-development,,1589744984,0,0,0,0,0,0,0,0,0,0,0,0,0,0
react95-io/React95,496a7ae9ddb998630cdaf8c085711f46db0cf98c,react95,0.0.0-development,,1589820991,0,0,0,0,0,0,0,0,0,0,0,0,0,0
react95-io/React95,606e48fae8824bc60bf3eb52f30026a68c7e7287,react95,0.0.0-development,,1589831877,0,0,0,0,0,0,0,0,0,0,0,0,0,0
react95-io/React95,244c90f8512b3152156565558fdc510c40890358,react95,0.0.0-development,,1589912128,0,0,0,0,0,0,0,0,0,0,0,0,0,0
react95-io/React95,19ce1ae6d720e4ea94166529e80500dc497a1ab5,react95,0.0.0-development,,1589912128,0,0,0,0,0,0,0,0,0,0,0,0,0,0
react95-io/React95,c9f61c66ab23ee72cb1c2000a4c05efa0d155ed8,react95,0.0.0-development,,1589912128,0,0,0,0,0,0,0,0,0,0,0,0,0,0
react95-io/React95,df4222759bd4abf692666cfddee5d4013351ead6,react95,0.0.0-development,,1589912128,0,0,0,0,0,0,0,0,0,0,0,0,0,0
react95-io/React95,e19adfcc9955807cdd0403eee9b7f96922cb7311,react95,0.0.0-development,,1589918631,0,0,0,0,0,0,0,0,0,0,0,0,0,0
react95-io/React95,1e894be7a9600ea60c4eb9bfedf07fb8b6ea585d,react95,0.0.0-development,,1590791902,1,0,0,0,0,0,0,0,0,0,0,0,0,0
react95-io/React95,7532343bb38f13b936635caa91680ba531258cb2,react95,0.0.0-development,,1590914949,0,0,0,0,0,0,0,0,0,0,0,0,0,0
react95-io/React95,205c77edea7d23fa406a5e4e4a873d20ff316a76,react95,0.0.0-development,,1590914949,0,0,0,0,0,0,0,0,0,0,0,0,0,0
react95-io/React95,e87b255d59061c3b893ce4a6e19c8cdfb8fc2728,react95,0.0.0-development,,1590914949,0,0,0,0,0,0,0,0,0,0,0,0,0,0
react95-io/React95,a747344a18aa7d33ca96bd143fe4d2d9ce5e7f2c,react95,0.0.0-development,,1590942634,0,0,0,0,0,0,0,0,0,0,0,0,0,0
react95-io/React95,4b5b7aa4cb966942f7ea47b276d362f9b88ceb09,react95,0.0.0-development,,1590942634,0,0,0,0,0,0,0,0,0,0,0,0,0,0
react95-io/React95,adc04c0ab1ad5e6d80e42b81c7fc0f0aac96257b,react95,0.0.0-development,,1590942634,0,0,0,0,0,0,0,0,0,0,0,0,0,0
react95-io/React95,79eca2d341892f9e19145b9a114fe8da72424ab5,react95,0.0.0-development,,1590942634,0,0,0,0,0,0,0,0,0,0,0,0,0,0
react95-io/React95,06522dbc16e7f6edde0daead3445eea6e18d758b,react95,0.0.0-development,,1590942634,0,0,0,0,0,0,0,0,0,0,0,0,0,0
react95-io/React95,86a09909b9e76329a24f437faa1eeab570351faa,react95,0.0.0-development,,1590943835,0,0,0,0,0,0,0,0,0,0,0,0,0,0
react95-io/React95,6f7a5238047e59a30acc3a5d5ebe25bbd11e4337,react95,0.0.0-development,,1591458567,1,0,0,0,0,0,0,0,0,0,0,0,0,0
react95-io/React95,837fa3797e88a58b65f083f6edaac5c6053fee09,react95,0.0.0-development,,1591458608,1,0,0,0,0,0,0,0,0,0,0,0,0,0
react95-io/React95,e8b6a8431f3e2f8da26693297614cf346c7d5f2c,react95,0.0.0-development,,1591461032,1,0,0,0,0,0,0,0,0,0,0,0,0,0
react95-io/React95,6c7f5d43511ca5b08ee08bd0db2f400d2d6d3fb4,react95,2.0.0,,1592422791,0,0,0,0,0,0,0,0,0,0,0,0,0,0
react95-io/React95,05886b868506d9513447b48fee0970096d52cdf4,react95,2.0.0,,1592422834,0,0,0,0,0,0,0,0,0,0,0,0,0,0
react95-io/React95,099a9f8c56031beb8908ff87fdd9e5c2bd4cffa0,react95,0.0.0-development,,1595013456,0,0,0,0,0,0,0,0,0,0,0,0,0,0
react95-io/React95,b253c28b5299ad73abd70eef965139ef4b949cb7,react95,0.0.0-development,,1595013456,0,0,0,0,0,0,0,0,0,0,0,0,0,0
react95-io/React95,be8c7de11e3598cfc19e39d7c893d0db9fa758eb,react95,0.0.0-development,,1595013456,0,0,0,0,0,0,0,0,0,0,0,0,0,0
react95-io/React95,eeefa654bea89030f469222179556cf90a01a18f,react95,0.0.0-development,,1595013456,0,0,0,0,0,0,0,0,0,0,0,0,0,0
react95-io/React95,82bd0b7dbe8819053da3e70bb5009297d3707db4,react95,0.0.0-development,,1595013456,0,0,0,0,0,0,0,0,0,0,0,0,0,0
react95-io/React95,e69dc989e68c7b3ce7ec65f914c7565167cf9b3b,react95,0.0.0-development,,1595013456,0,0,0,0,0,0,0,0,0,0,0,0,0,0
react95-io/React95,dcf91448a50fcf0e18bbd78dc101ea90d96fca6e,react95,0.0.0-development,,1595013456,0,0,0,0,0,0,0,0,0,0,0,0,0,0
react95-io/React95,a762fd6073b7926b330a6bd8e207c6310dd77572,react95,0.0.0-development,,1595013456,0,0,0,0,0,0,0,0,0,0,0,0,0,0
react95-io/React95,84a73f65a39b82466564baca787056ee1022aaea,react95,0.0.0-development,,1595104275,0,0,0,0,0,0,0,0,0,0,0,0,0,0
react95-io/React95,8d13b5cb5206662278ba352d04a5bc0bc6f9a1a7,react95,0.0.0-development,,1595104275,0,0,0,0,0,0,0,0,0,0,0,0,0,0
react95-io/React95,52a9f17e8deae6ace4da6d20b2d88872f65a7061,react95,0.0.0-development,,1595104275,0,0,0,0,0,0,0,0,0,0,0,0,0,0
react95-io/React95,315b2b23cd6217ee3c50f8a38e9827c28f7e6ade,react95,2.0.0,,1595110652,0,0,0,0,0,0,0,0,0,0,0,0,0,0
react95-io/React95,9e2c82edc6d5a7ed093486eb0812eea4eb130b1e,react95,0.0.0-development,,1595112124,0,0,0,0,0,0,0,0,0,0,0,0,0,0
react95-io/React95,7e02311a1ec9745afd5d80b7bf0e47d52e559f19,react95,0.0.0-development,,1595112124,0,0,0,0,0,0,0,0,0,0,0,0,0,0
react95-io/React95,a9fa6e973649c0609614dc31a2978d2c75d01aa4,react95,0.0.0-development,,1595112537,0,0,0,0,0,0,0,0,0,0,0,0,0,0
react95-io/React95,8abdff823c54febaea1f516e0e008d491c4d6399,react95,0.0.0-development,,1595712241,0,0,0,0,0,0,0,0,0,0,0,0,0,0
react95-io/React95,d722e57225fd72631b24d3838be2d6c5a685571e,react95,0.0.0-development,,1599156451,0,0,0,0,0,0,0,0,0,0,0,0,0,0
react95-io/React95,02c7185a2e121883ab3acadbb9802e8d35b6e202,react95,0.0.0-development,,1599157350,0,0,0,0,0,0,0,0,0,0,0,0,0,0
react95-io/React95,41aac7c09c236ef1a6100dc0d090047a554d4792,react95,0.0.0-development,,1600884388,0,0,0,0,0,0,0,0,0,0,0,0,0,0
react95-io/React95,67793bbc4aa63648ba9c59bef5ac323283ce7065,react95,0.0.0-development,,1600884388,0,0,0,0,0,0,0,0,0,0,0,0,0,0
react95-io/React95,0df05d0727aa47412725a9628e23e412b002c573,react95,0.0.0-development,,1600884388,0,0,0,0,0,0,0,0,0,0,0,0,0,0
react95-io/React95,7e6055d8b08fdac5cad1658f18c5203252329cc3,react95,0.0.0-development,,1601481148,0,0,0,0,0,0,0,0,0,0,0,0,0,0
react95-io/React95,83574b99d87bddb40f7c94d277a9b9ff369880fc,react95,0.0.0-development,,1601481242,0,0,0,0,0,0,0,0,0,0,0,0,0,0
react95-io/React95,c7705e093afabe62bb4dcdb964cd094233a93e81,react95,0.0.0-development,,1601482160,0,0,0,0,0,0,0,0,0,0,0,0,0,0
react95-io/React95,0c83345bdff9050b7073e2a01f20164b680747d1,react95,0.0.0-development,,1601483798,0,0,0,0,0,0,0,0,0,0,0,0,0,0
react95-io/React95,ede530cf5de6a2f6e5b167bfb20256095786e1cb,react95,0.0.0-development,,1601629401,0,0,0,0,0,0,0,0,0,0,0,0,0,0
react95-io/React95,0827a55fa784c0849334c47ad19331719fef6df2,react95,0.0.0-development,,1602260903,0,0,0,0,0,0,0,0,0,0,0,0,0,0
react95-io/React95,d171be5f4bd133edf59de5a5ee2758c2bf37a8df,react95,0.0.0-development,,1602933423,0,0,0,0,0,0,0,0,0,0,0,0,0,0
react95-io/React95,9c0512a7d3eab44702dfff3cb73ecda92ea5dce7,react95,0.0.0-development,,1602933423,0,0,0,0,0,0,0,0,0,0,0,0,0,0
react95-io/React95,087e235701dfa8f63e9d987abd780ba6f3d4a4ab,react95,0.0.0-development,,1603017313,0,0,0,0,0,0,0,0,0,0,0,0,0,0
react95-io/React95,8c77b7a4c93571a99ce137030a6eef565619a219,react95,0.0.0-development,,1603215324,0,0,0,0,0,0,0,0,0,0,0,0,0,0
react95-io/React95,6c4aac61777e09c4e5508567b16f18459b6492c8,react95,0.0.0-development,,1604132643,0,0,0,0,0,0,0,0,0,0,0,0,0,0
react95-io/React95,a396762d10f53959ba9bae99c5f890950159e8f4,react95,0.0.0-development,,1604132731,0,0,0,0,0,0,0,0,0,0,0,0,0,0
react95-io/React95,d4eb4d5d2f0361ef861d71fefaafb03faec3a5cd,react95,0.0.0-development,,1604222739,0,0,0,0,0,0,0,0,0,0,0,0,0,0
react95-io/React95,cebda73fe0455f8e0c94179abf169d462514f9da,react95,0.0.0-development,,1604826553,0,0,0,0,0,0,0,0,0,0,0,0,0,0
react95-io/React95,c6777d5402efd48c38f20b30d4f79153b97863ed,react95,0.0.0-development,,1604844557,0,0,0,0,0,0,0,0,0,0,0,0,0,0
react95-io/React95,e01ec7b07635647358899e2450d45b1ae9bad76e,react95,0.0.0-development,,1606857758,0,0,0,0,0,0,0,0,0,0,0,0,0,0
react95-io/React95,4bbfd58dfb224b90f62da64dfb19a6851376b1d1,react95,0.0.0-development,,1607538278,0,0,0,0,0,0,0,0,0,0,0,0,0,0
react95-io/React95,ad2178560c876a3d6baf50f87743e684a841b20e,react95,0.0.0-development,,1607804243,0,0,0,0,0,0,0,0,0,0,0,0,0,0
react95-io/React95,d45a5528aa507cbc8f97449d427cef5ff13ab996,react95,0.0.0-development,,1609158607,0,0,0,0,0,0,0,0,0,0,0,0,0,0
react95-io/React95,2559656841516523cd2d787c18291d5d8a7b5357,react95,0.0.0-development,,1609955337,0,0,0,0,0,0,0,0,0,0,0,0,0,0
react95-io/React95,d87a2e02552f930b5b81de077597b8240b3de6e2,react95,0.0.0-development,,1609955337,0,0,0,0,0,0,0,0,0,0,0,0,0,0
react95-io/React95,cb44d0000123a601b60578f82ff83620a886c124,react95,0.0.0-development,,1612544200,0,0,0,0,0,0,0,0,0,0,0,0,0,0
react95-io/React95,fd84be9ca4bc60765ddf3e493accc2ada9e11db1,react95,0.0.0-development,,1612547471,0,0,0,0,0,0,0,0,0,0,0,0,0,0
react95-io/React95,42af0e809e9af0904b37be51df8a4169a51c1b71,react95,0.0.0-development,,1612712950,0,0,0,0,0,0,0,0,0,0,0,0,0,0
react95-io/React95,e6478f6e1efdf5b8934572c9ffb4f6f293790e67,react95,0.0.0-development,,1615537665,0,0,0,0,0,0,0,0,0,0,0,0,0,0
react95-io/React95,f7d05e66c47c2d7b4104de1c378a1e458694dcae,react95,0.0.0-development,,1615537687,0,0,0,0,0,0,0,0,0,0,0,0,0,0
react95-io/React95,9eda3c356d2713e0cedc73d8948f192b47b3d28e,react95,0.0.0-development,,1615886023,0,0,0,0,0,0,0,0,0,0,0,0,0,0
react95-io/React95,76d6d4d214c424e2557bd084147c2d948c0f0680,react95,0.0.0-development,,1616407309,0,0,0,0,0,0,0,0,0,0,0,0,0,0
react95-io/React95,72ee94ddfc289e1efe5b645519a39aca2c0813c2,react95,0.0.0-development,,1621372099,0,0,0,0,0,0,0,0,0,0,0,0,0,0
react95-io/React95,d01b4f1eeeb9f3f0502b62c4563212c153dd26e1,react95,0.0.0-development,,1621372132,0,0,0,0,0,0,0,0,0,0,0,0,0,0
react95-io/React95,dc0b680eea32bc5b985a7da54aea7d94ac0c649a,react95,0.0.0-development,,1621372174,0,0,0,0,0,0,0,0,0,0,0,0,0,0
react95-io/React95,ed222c8ffad9d01f6a485d3e506bb5f8aa8c7ad4,react95,0.0.0-development,,1621372200,0,0,0,0,0,0,0,0,0,0,0,0,0,0
react95-io/React95,b1f6fcb7802f1bbdfb692f420f3cb15a2c15be16,react95,0.0.0-development,,1621372210,0,0,0,0,0,0,0,0,0,0,0,0,0,0
react95-io/React95,5dbd8a731fae2d71bb219354dff6f8bc26e09098,react95,0.0.0-development,,1621372224,0,0,0,0,0,0,0,0,0,0,0,0,0,0
react95-io/React95,a171d78dec859f892b0b999456f1ebc6bd7b8c0a,react95,0.0.0-development,,1621372245,0,0,0,0,0,0,0,0,0,0,0,0,0,0
react95-io/React95,f82026ee858ff182a1331f88f86a37c781702db6,react95,0.0.0-development,,1621372254,0,0,0,0,0,0,0,0,0,0,0,0,0,0
react95-io/React95,5ab9aa2ee1edac0d8fed40d2855054195e58c556,react95,0.0.0-development,,1625035459,0,0,0,0,0,0,0,0,0,0,0,0,0,0
react95-io/React95,b81a3e07fe914603a04395b3ad10dae037c95fec,react95,0.0.0-development,,1630600713,0,0,0,0,0,0,0,0,0,0,0,0,0,0
react95-io/React95,aefe25b212beab20910b13e5c1fd531919cfb068,react95,0.0.0-development,,1630600751,0,0,0,0,0,0,0,0,0,0,0,0,0,0
react95-io/React95,01cfdae26b7d6d04e5752e88da4f0b0f88b443e8,react95,0.0.0-development,,1630600761,0,0,0,0,0,0,0,0,0,0,0,0,0,0
react95-io/React95,495ded3741cebade5c84b487f807022b1489ae68,react95,0.0.0-development,,1630600773,0,0,0,0,0,0,0,0,0,0,0,0,0,0
react95-io/React95,8dc4f14ff5950bac5c7cfa752302e89b2df60eec,react95,0.0.0-development,,1630600781,0,0,0,0,0,0,0,0,0,0,0,0,0,0
react95-io/React95,236a6e56695e95fa0fbc9c65e155fc3a23edf55a,react95,0.0.0-development,,1630600791,0,0,0,0,0,0,0,0,0,0,0,0,0,0
react95-io/React95,d6cdd4ea1add4879d5a325e48d7b4afcfb2577f1,react95,0.0.0-development,,1630600803,0,0,0,0,0,0,0,0,0,0,0,0,0,0
react95-io/React95,19a44bd260541a2cdfce1e10be5e94b3b3ea6e99,react95,0.0.0-development,,1630600839,0,0,0,0,0,0,0,0,0,0,0,0,0,0
react95-io/React95,ffa15533ff1d6cb838eccaad7207c76f37bb6ac0,react95,0.0.0-development,,1630600939,0,0,0,0,0,0,0,0,0,0,0,0,0,0
react95-io/React95,02f995dc58ae6b0397691b8158ce8290f3e6b880,react95,0.0.0-development,,1642240463,0,0,0,0,0,0,0,0,0,0,0,0,0,0
react95-io/React95,a290efa8d35f45f61895f84c23f419bdd1c4124d,react95,0.0.0-development,,1642240482,0,0,0,0,0,0,0,0,0,0,0,0,0,0
react95-io/React95,7a0e081ce31fd27b5e5b4a4c087c7828480911b2,react95,0.0.0-development,,1642243147,0,0,0,0,0,0,0,0,0,0,0,0,0,0
react95-io/React95,dec09cff93addfcae4688ca7598359994ac02d3f,react95,0.0.0-development,,1642243940,0,0,0,0,0,0,0,0,0,0,0,0,0,0
react95-io/React95,27f53c72c620a00176e3b11af8ba2faaa796f117,react95,0.0.0-development,,1642705346,0,0,0,0,0,0,0,0,0,0,0,0,0,0
react95-io/React95,927beb45585d6d339450ce135b374e0326295785,react95,0.0.0-development,,1642960167,0,0,0,0,0,0,0,0,0,0,0,0,0,0
react95-io/React95,58493f1f21a6b3c8df81e30ce120606342c9a1f9,react95,0.0.0-development,,1644053620,0,0,0,0,0,0,0,0,0,0,0,0,0,0
react95-io/React95,33738d09d3f806f5ae901c26a0a01eec4bde0c35,react95,0.0.0-development,,1644659267,0,0,0,0,0,0,0,0,0,0,0,0,0,0
react95-io/React95,44d9d7534325cde912e0edaeacda0c89d2712941,react95,0.0.0-development,,1644661612,0,0,0,0,0,0,0,0,0,0,0,0,0,0
react95-io/React95,823b0bbf78af8d952058a14dee02afd87084d81b,react95,0.0.0-development,,1655103724,0,0,0,0,0,0,0,0,0,0,0,0,0,0
react95-io/React95,01383c253405c689d879854b3067a58190939e78,react95,0.0.0-development,,1657383198,0,0,0,0,0,0,0,0,0,0,0,0,0,0
react95-io/React95,5d8a1717a19cc8a41d865a1a5b2056b8766dad93,react95,0.0.0-development,,1658130895,0,0,0,0,0,0,0,0,0,0,0,0,0,0
react95-io/React95,9019162c3a5b3aeab49f658e6abe6f6507bce360,react95,0.0.0-development,,1658130895,0,0,0,0,0,0,0,0,0,0,0,0,0,0
react95-io/React95,f2c10fbe769a1203bc958641c1534a15a5df310c,react95,0.0.0-development,,1658263523,0,0,0,0,0,0,0,0,0,0,0,0,0,0
react95-io/React95,059925ac63c0c94eb1e00676f0e17037f8615600,react95,0.0.0-development,,1658263523,0,0,0,0,0,0,0,0,0,0,0,0,0,0
react95-io/React95,2359aad3be2c6cc710217f1e7812bb2baf28fa63,react95,0.0.0-development,,1658263523,0,0,0,0,0,0,0,0,0,0,0,0,0,0
react95-io/React95,07b2c4df24bcb0cc1da1c2b199904142fa4cf406,react95,0.0.0-development,,1658263523,0,0,0,0,0,0,0,0,0,0,0,0,0,0
react95-io/React95,018de204e387033e83b52a2d1a9ceba6fd2a365b,react95,0.0.0-development,,1658263523,0,0,0,0,0,0,0,0,0,0,0,0,0,0
react95-io/React95,1fda05ae6ba0f9edda41118add46fdce14b99670,react95,0.0.0-development,,1658331906,0,0,0,0,0,0,0,0,0,0,0,0,0,0
react95-io/React95,aa208839805f93bad8f4eff5a8cf65709c6b7dd7,react95,0.0.0-development,,1658331906,0,0,0,0,0,0,0,0,0,0,0,0,0,0
react95-io/React95,cd71f5067873e0834dd2cc58e7ffabdd3bb6fd96,react95,0.0.0-development,,1658331906,0,0,0,0,0,0,0,0,0,0,0,0,0,0
react95-io/React95,d7a74f360a5c3d468caec953be070e250e286779,react95,0.0.0-development,,1658418213,0,0,0,0,0,0,0,0,0,0,0,0,0,0
react95-io/React95,4cba452107537797f9b25548697ddc528a4ae107,react95,0.0.0-development,,1658418213,0,0,0,0,0,0,0,0,0,0,0,0,0,0
react95-io/React95,1fd382f92e2f94fe80cbcbf774eaa2ddc935c213,react95,0.0.0-development,,1658420050,0,0,0,0,0,0,0,0,0,0,0,0,0,0
react95-io/React95,7bdb493f249d833e396f272122b02adc5439540b,react95,0.0.0-development,,1658422375,0,0,0,0,0,0,0,0,0,0,0,0,0,0
react95-io/React95,a42fb6cb9a55adb35f41a44c771ef37da6261a8f,react95,0.0.0-development,,1658423099,0,0,0,0,0,0,0,0,0,0,0,0,0,0
react95-io/React95,cc6ca3e2a935f5c423609f28b2ad02ce9c3b66cc,react95,0.0.0-development,4.7.4,1658685451,3,0,0,0,0,0,0,0,0,0,0,0,0,0
react95-io/React95,659d10279c894c89826b3d87087be4ce7237bc5c,react95,0.0.0-development,4.7.4,1658685451,4,0,0,0,0,0,0,0,0,0,0,0,0,0
react95-io/React95,1f3b5f16fbc90365144636e10488889188992d76,react95,0.0.0-development,4.7.4,1658756613,4,0,0,0,0,0,0,0,0,0,0,0,0,0
react95-io/React95,fc7c8a93d9e5b3155979d276edbc89eb8bb61271,react95,0.0.0-development,4.7.4,1658756613,4,0,0,0,0,0,0,0,0,0,0,0,0,0
react95-io/React95,f63cbe566d5c39da17803fc2a1e49393cbe411ca,react95,0.0.0-development,4.7.4,1658756613,4,0,0,0,0,0,0,0,0,0,0,0,0,0
react95-io/React95,dcd27b0bfadf3a750284a045de2db98654384893,react95,0.0.0-development,4.7.4,1658765704,4,0,0,0,0,0,0,0,0,0,0,0,0,0
react95-io/React95,105c6c69724520a5c1db778450e802b241cc67f3,react95,0.0.0-development,4.7.4,1658765704,4,0,0,0,0,0,0,0,0,0,0,0,0,0
react95-io/React95,334cf5e005a0d447655c1128f6be2630f16dc591,react95,0.0.0-development,4.7.4,1658766216,4,0,0,0,0,0,0,0,0,0,0,0,0,0
react95-io/React95,b41b51e2ea6b69d9e531dd59eda99ef51ec17fd8,react95,0.0.0-development,4.7.4,1658767432,67,0,0,0,0,0,0,0,0,0,0,0,0,0
react95-io/React95,c419365a46706c0d9afe1adb5ec92350439219b9,react95,0.0.0-development,4.7.4,1658773491,67,0,0,0,0,0,0,0,0,0,0,0,0,0
react95-io/React95,e1ed2777b8894433d77bc1d517607e46bd3fa966,react95,0.0.0-development,4.7.4,1658773491,67,0,0,0,0,0,0,0,0,0,0,0,0,0
react95-io/React95,5a69d1dcfb0ae36d6a1aa9761d1882923048aa0d,react95,0.0.0-development,4.7.4,1658776453,67,0,0,0,0,0,0,0,0,0,0,0,0,0
react95-io/React95,25bcc7cd113605242b8c955b5d0321ae14d7f4b3,react95,0.0.0-development,4.7.4,1658776453,67,0,0,0,0,0,0,0,0,0,0,0,0,0
react95-io/React95,58473f5c447026f0610f354857b5f48e751f0498,react95,0.0.0-development,4.7.4,1658778984,67,0,0,0,0,0,0,0,0,0,0,0,0,0
react95-io/React95,cd40930d46209f2616e716137acf3f997ae36bc2,react95,0.0.0-development,4.7.4,1658814236,67,0,0,0,0,0,0,0,0,0,0,0,0,0
react95-io/React95,4ba305d8aed968873787dae56659a32027404a09,react95,0.0.0-development,4.7.4,1658814796,67,0,0,0,0,0,0,0,0,0,0,0,0,0
react95-io/React95,878a07e8169cd3d11027b6b37d2813180b14b613,react95,0.0.0-development,4.7.4,1658814903,67,0,0,0,0,0,0,0,0,0,0,0,0,0
react95-io/React95,42c02b251c6fe77405e9446401872d997317b140,react95,0.0.0-development,4.7.4,1658815383,67,0,0,0,0,0,0,0,0,0,0,0,0,0
react95-io/React95,d42af74e6b66717f394813719f6496fda7ff770e,react95,0.0.0-development,4.7.4,1658850337,68,0,0,0,0,0,0,0,0,0,0,0,0,0
react95-io/React95,1c160254c329c7ed7d61b6ba9e43159aef3f9828,react95,0.0.0-development,4.7.4,1658850337,68,0,0,0,0,0,0,0,0,0,0,0,0,0
react95-io/React95,0c9d7c40d33ab2c5a063a20fd6e516791d1ce931,react95,0.0.0-development,4.7.4,1658850337,68,0,0,0,0,0,0,0,0,0,0,0,0,0
react95-io/React95,ff380b9da7f5bde110b794bafc8a48556a0738e3,react95,0.0.0-development,4.7.4,1658850337,67,0,0,0,0,0,0,0,0,0,0,0,0,0
react95-io/React95,8d37b0cc0a4d1127f36a63b83ac731ea04adc6c0,react95,0.0.0-development,4.7.4,1658850748,68,0,0,0,0,0,0,0,0,0,0,0,0,0
react95-io/React95,0b29e5ffecc72f3561446d57f1f50987623296d4,react95,0.0.0-development,4.7.4,1658851034,68,0,0,0,0,0,0,0,0,0,0,0,0,0
react95-io/React95,c4bb62834f8cfc15bb70c0f6106e45f412db4334,react95,0.0.0-development,4.7.4,1658851260,68,0,0,0,0,0,0,0,0,0,0,0,0,0
react95-io/React95,a7eeda132b7a536d245f5ef5347cf3d6f4e4ea50,react95,0.0.0-development,4.7.4,1658851308,68,0,0,0,0,0,0,0,0,0,0,0,0,0
react95-io/React95,0f3c9ff1b7197abbe4cd70bb5cb36755be684e95,react95,0.0.0-development,4.7.4,1658851741,68,0,0,0,0,0,0,0,0,0,0,0,0,0
react95-io/React95,3c8729a60fa794d5edd92ec66a33468671bf2e00,react95,0.0.0-development,4.7.4,1658852495,69,0,0,0,0,0,0,0,0,0,0,0,0,0
react95-io/React95,bb6720d869533f5076d8af40fb949263726c1832,react95,0.0.0-development,4.7.4,1658852932,69,0,0,0,0,0,0,0,0,0,0,0,0,0
react95-io/React95,2616fe55530cd2faab233aea8b1a0b7a2ae11809,react95,0.0.0-development,4.7.4,1658853152,69,0,0,0,0,0,0,0,0,0,0,0,0,0
react95-io/React95,d5887d4c6a205ef219beac75d08f187a738b4b60,react95,0.0.0-development,4.7.4,1658853669,69,0,0,0,0,0,0,0,0,0,0,0,0,0
react95-io/React95,680e083ea6fdc2e9b26be4ec9c2d936697cbc9c1,react95,0.0.0-development,4.7.4,1658857912,69,0,0,0,0,0,0,0,0,0,0,0,0,0
react95-io/React95,375646b55d2db342a7ba200389084df3548790db,react95,0.0.0-development,4.7.4,1658860687,70,0,0,0,0,0,0,0,0,0,0,0,0,0
react95-io/React95,59b6350ed396e8c358a7411fab33acf0d1791bcb,react95,0.0.0-development,4.7.4,1658863338,70,0,0,0,0,0,0,0,0,0,0,0,0,0
react95-io/React95,64e4279a2e5f173a8b088ce86f931278bb625646,react95,0.0.0-development,4.7.4,1658936485,71,0,0,0,0,0,0,0,0,0,0,0,0,0
react95-io/React95,ec7c478d132242380636e02faf256e7472bb3297,react95,0.0.0-development,4.7.4,1658936485,71,0,0,0,0,0,0,0,0,0,0,0,0,0
react95-io/React95,33f52e934aa8a5980c6bc043a7e5019e5f35afd3,react95,0.0.0-development,4.7.4,1658936900,71,0,0,0,0,0,0,0,0,0,0,0,0,0
react95-io/React95,6c727af872c9155980721a164be9e4efd196488d,react95,0.0.0-development,4.7.4,1658937447,72,0,0,0,0,0,0,0,0,0,0,0,0,0
react95-io/React95,ac438b55397be5ebb438a6622794e799a94e7fe7,react95,0.0.0-development,4.7.4,1658937926,72,0,0,0,0,0,0,0,0,0,0,0,0,0
react95-io/React95,895279d3c5b45642311884e9e64168934fd672cd,react95,0.0.0-development,4.7.4,1658937953,72,0,0,0,0,0,0,0,0,0,0,0,0,0
react95-io/React95,a96f8016fcf79f07291c3e3c8d39b2a37c30aa41,react95,0.0.0-development,4.7.4,1658938041,72,0,0,0,0,0,0,0,0,0,0,0,0,0
react95-io/React95,cfa6f6e82266a8cfa5382152ff66e4841e7ed973,react95,0.0.0-development,4.7.4,1658938200,72,0,0,0,0,0,0,0,0,0,0,0,0,0
react95-io/React95,7cef5d91e1fc38d70c1bfc252fe1689957323c39,react95,0.0.0-development,4.7.4,1658943546,72,0,0,0,0,0,0,0,0,0,0,0,0,0
react95-io/React95,38f7cf6a7e75113582f697f7b9956d01fa857275,react95,0.0.0-development,4.7.4,1659020225,72,0,0,0,0,0,0,0,0,0,0,0,0,0
react95-io/React95,49ab26bcb811c229354360d4b2720a72e439b94d,react95,0.0.0-development,4.7.4,1659020324,72,0,0,0,0,0,0,0,0,0,0,0,0,0
react95-io/React95,5abcb3ed4895d9706e08e1d6fa8dbbb57c8f40bd,react95,0.0.0-development,4.7.4,1659589014,72,0,0,0,0,0,0,0,0,0,0,0,0,0
react95-io/React95,71a964e83f5557bece4368a818b58457f9e5372c,react95,0.0.0-development,4.7.4,1659625343,72,0,0,0,0,0,0,0,0,0,0,0,0,0
react95-io/React95,2eac4e8aa595f7b55d711f5480d3a5333e35e193,react95,0.0.0-development,4.7.4,1659642637,76,0,0,0,0,0,0,0,0,0,0,0,0,0
react95-io/React95,64aee8b45a96d0d71cc37ccd67525610786e099a,react95,0.0.0-development,4.7.4,1659708807,77,0,0,0,0,0,0,0,0,0,0,0,0,0
react95-io/React95,dcb7382d7735d230d027c64e7e0184a27e6c24f1,react95,0.0.0-development,4.7.4,1659708869,78,0,0,0,0,0,0,0,0,0,0,0,0,0
react95-io/React95,e06e60191b23bedbb08491986be156f49e4d7154,react95,0.0.0-development,4.7.4,1659709460,78,0,0,0,0,0,0,0,0,0,0,0,0,0
react95-io/React95,17146e9543c54f018f513d038f1d4b0c58a61931,react95,0.0.0-development,4.7.4,1659709460,78,0,0,0,0,0,0,0,0,0,0,0,0,0
react95-io/React95,201d1c0695ec019c9adba6a693c14147ffdd2906,react95,0.0.0-development,4.7.4,1659709460,78,0,0,0,0,0,0,0,0,0,0,0,0,0
react95-io/React95,24630c887cb33c75221a10f1d75961214a3da861,react95,0.0.0-development,4.7.4,1659709460,78,0,0,0,0,0,0,0,0,0,0,0,0,0
react95-io/React95,6e6b9bda8a029c3ef5d2d3fcd309e2d5d941e86a,react95,0.0.0-development,4.7.4,1659709460,78,0,0,0,0,0,0,0,0,0,0,0,0,0
react95-io/React95,f106bd408521d2cdf334f3b1774755e86b05387b,react95,0.0.0-development,4.7.4,1659709460,78,0,0,0,0,0,0,0,0,0,0,0,0,0
react95-io/React95,38ce6cd3fd8e18a518b82ddabb25e5ec7a9a0365,react95,0.0.0-development,4.7.4,1659709460,78,0,0,0,0,0,0,0,0,0,0,0,0,0
react95-io/React95,3f09b493f097175466f08335e3f1901c32d8e35c,react95,0.0.0-development,4.7.4,1659709460,78,0,0,0,0,0,0,0,0,0,0,0,0,0
react95-io/React95,f10e7fea7f924f3ddc345cdc770f030f0dd3f7bf,react95,0.0.0-development,4.7.4,1659709460,78,0,0,0,0,0,0,0,0,0,0,0,0,0
react95-io/React95,51df0388d0d06f6ac60b2f2da48e6089c9a22c10,react95,0.0.0-development,4.7.4,1659709460,78,0,0,0,0,0,0,0,0,0,0,0,0,0
react95-io/React95,276bdd48e418501c7526bec10aa132e058399b72,react95,0.0.0-development,4.7.4,1659709460,78,0,0,0,0,0,0,0,0,0,0,0,0,0
react95-io/React95,d83eb88b53f11a25198e2596f3a20b775b3fd7f8,react95,0.0.0-development,4.7.4,1659709460,78,0,0,0,0,0,0,0,0,0,0,0,0,0
react95-io/React95,746e9c09717e6abb1f0aa5af6c61de73c98ebb99,react95,0.0.0-development,4.7.4,1659709460,78,0,0,0,0,0,0,0,0,0,0,0,0,0
react95-io/React95,d2d1022151a740746593a6512a0aef4d9891a7e3,react95,0.0.0-development,4.7.4,1659709460,78,0,0,0,0,0,0,0,0,0,0,0,0,0
react95-io/React95,cfe475d3ec11c056be220f85a22c203a11d52102,react95,0.0.0-development,4.7.4,1659709460,78,0,0,0,0,0,0,0,0,0,0,0,0,0
react95-io/React95,ce0b2cd4a7ccb4c1d9440b279a62ef5977a42c7f,react95,0.0.0-development,4.7.4,1659709460,78,0,0,0,0,0,0,0,0,0,0,0,0,0
react95-io/React95,ce592abc81e4facf8afd58a60c03f8e09b17cc2e,react95,0.0.0-development,4.7.4,1659709460,78,0,0,0,0,0,0,0,0,0,0,0,0,0
react95-io/React95,c42c3b410f5122c1d7e7e3fd7b2de39ecb77c0dd,react95,0.0.0-development,4.7.4,1659709460,78,0,0,0,0,0,0,0,0,0,0,0,0,0
react95-io/React95,bde588c1f39cf02cf5cfb9d79f64fc28b02449fb,react95,0.0.0-development,4.7.4,1659709460,78,0,0,0,0,0,0,0,0,0,0,0,0,0
react95-io/React95,b2b2230b117bb5d4739ee4bda23d34d944ac409a,react95,0.0.0-development,4.7.4,1659709460,78,0,0,0,0,0,0,0,0,0,0,0,0,0
react95-io/React95,c1d84d4ac43f42912557cc984bb11aa23ad2cadf,react95,0.0.0-development,4.7.4,1659709460,78,0,0,0,0,0,0,0,0,0,0,0,0,0
react95-io/React95,7c32d166d307403c9ed8e6fc30e7a7d973f433ad,react95,0.0.0-development,4.7.4,1659709460,78,0,0,0,0,0,0,0,0,0,0,0,0,0
react95-io/React95,8256a47090856564250d3190ea8869b0c7f39d4a,react95,0.0.0-development,4.7.4,1659709460,78,0,0,0,0,0,0,0,0,0,0,0,0,0
react95-io/React95,918d1ebee8c9e554780e571581624071d9418860,react95,0.0.0-development,4.7.4,1659709460,78,0,0,0,0,0,0,0,0,0,0,0,0,0
react95-io/React95,bfd4f45798be61e7d71ea9980ea6c985a80dbd54,react95,0.0.0-development,4.7.4,1659709460,78,0,0,0,0,0,0,0,0,0,0,0,0,0
react95-io/React95,aeca001a6565cccbca46407aba02dcb7c8b4b68c,react95,0.0.0-development,4.7.4,1659709460,78,0,0,0,0,0,0,0,0,0,0,0,0,0
react95-io/React95,b19e15b2f4e8f42b380adbad4f3aca66ab79f2a2,react95,0.0.0-development,4.7.4,1659709460,78,0,0,0,0,0,0,0,0,0,0,0,0,0
react95-io/React95,b25a9e8445c583f29b94a525111111acca8ce0e6,react95,0.0.0-development,4.7.4,1659709460,78,0,0,0,0,0,0,0,0,0,0,0,0,0
react95-io/React95,e2e0d227fc6a77bd49127b084c3a0710eca2792b,react95,0.0.0-development,4.7.4,1659709460,78,0,0,0,0,0,0,0,0,0,0,0,0,0
react95-io/React95,e3c0338aa0f68def5a08cf1093ff3aed81014f4d,react95,0.0.0-development,4.7.4,1659710179,78,0,0,0,0,0,0,0,0,0,0,0,0,0
react95-io/React95,74f56ec63234f4336abd3f426e1564c3b6f41ec7,react95,0.0.0-development,4.7.4,1659710260,78,0,0,0,0,0,0,0,0,0,0,0,0,0
react95-io/React95,7d9067b2810fc2882862de2eac6338a3f7bed014,react95,0.0.0-development,4.7.4,1659711711,78,0,0,0,0,0,0,0,0,0,0,0,0,0
react95-io/React95,f7103b93f7c18e8d36a085f9f41fec94771f14f0,react95,0.0.0-development,4.7.4,1659803949,78,0,0,0,0,0,0,0,0,0,0,0,0,0
react95-io/React95,7efe96cd94f3a6d997b39921f1af99272370fe08,react95,0.0.0-development,4.7.4,1659872059,79,0,0,0,0,0,0,0,0,0,0,0,0,0
react95-io/React95,2a0d9bac94eadc363bba3c2f1dc352aac352957f,react95,0.0.0-development,4.7.4,1662823186,79,0,0,0,0,0,0,0,0,0,0,0,0,0
react95-io/React95,2177c67e9d6f407653ad71e68a909eab47ba49ad,react95,0.0.0-development,4.7.4,1662823186,79,0,0,0,0,0,0,0,0,0,0,0,0,0
react95-io/React95,107fe1564f56baedeeb8cf4c4d04f033e8983571,react95,0.0.0-development,4.7.4,1662823186,84,0,0,0,0,0,0,0,0,0,1,0,0,0
react95-io/React95,e406df29c224d3d09c3b64be680db5ffd7259d85,react95,0.0.0-development,4.7.4,1663191553,87,0,0,0,0,0,0,0,0,0,1,0,0,0
react95-io/React95,2a413c0024c4fe39198a7e24b3cd4abb289af31c,react95,0.0.0-development,,1664375409,0,0,0,0,0,0,0,0,0,0,0,0,0,0
react95-io/React95,b0517dd753626c495447c76c4c9cf328da6fce9c,react95,0.0.0-development,4.7.4,1666960238,84,0,0,0,0,0,0,0,0,0,1,0,0,0
react95-io/React95,acaacd8c958b1aa0667c427b2fe210a9d0e0b6de,react95,0.0.0-development,4.7.4,1667318317,85,0,0,0,0,0,0,0,0,0,1,0,0,0
react95-io/React95,f49a1072866a0cbceb7d1b701e4b67569a5ed6fd,react95,0.0.0-development,4.7.4,1667328542,85,0,0,0,0,0,0,0,0,0,1,0,0,0
react95-io/React95,291c15419cb478a6c6034e7b55c2634a35e3a157,react95,0.0.0-development,4.7.4,1667335224,85,0,0,0,0,0,0,0,0,0,1,0,0,0
react95-io/React95,f5047a01ecb9732a51959edf336c743b8d282e65,react95,0.0.0-development,4.7.4,1668099009,85,0,0,0,0,0,0,0,0,0,1,0,0,0
react95-io/React95,2c6e1413d9a09e55879dc3a9392c9becf7cee25f,react95,0.0.0-development,4.7.4,1668099009,85,0,0,0,0,0,0,0,0,0,1,0,0,0
react95-io/React95,0471ccbaa140a56185b0e4c7d7e016f17fd682b9,react95,0.0.0-development,4.7.4,1668099009,85,0,0,0,0,0,0,0,0,0,1,0,0,0
react95-io/React95,390edd87fd2490d236a5cc7b80edbb81e15130e1,react95,0.0.0-development,4.7.4,1668099009,85,0,0,0,0,0,0,0,0,0,1,0,0,0
react95-io/React95,ec6f3924ad7f79becba8e87234078efc2d4cce00,react95,0.0.0-development,4.7.4,1668099009,85,0,0,0,0,0,0,0,0,0,1,0,0,0
react95-io/React95,10de27a494685db0ed110bc43213b217e437b582,react95,0.0.0-development,4.7.4,1668099009,85,0,0,0,0,0,0,0,0,0,1,0,0,0
react95-io/React95,06cba7c890f24e6a82ecdcee572edcfa76371490,react95,0.0.0-development,4.7.4,1668114830,85,0,0,0,0,0,0,0,0,0,1,0,0,0
react95-io/React95,17eec67f1d5e57d7abc11c506782a2d343fb4142,react95,0.0.0-development,4.7.4,1668118660,85,0,0,0,0,0,0,0,0,0,1,0,0,0
react95-io/React95,c76f191ea1ca61a281e3c144381882dfa8da018c,react95,0.0.0-development,4.7.4,1668119279,85,0,0,0,0,0,0,0,0,0,1,0,0,0
react95-io/React95,eabc39146cfc0b04b906728451515837366aab35,react95,0.0.0-development,4.7.4,1668348126,85,0,0,0,0,0,0,0,0,0,1,0,0,0
react95-io/React95,9feaf276953adf1b8d744acf4b6d94c0e711eafe,react95,0.0.0-development,4.7.4,1668353825,85,0,0,0,0,0,0,0,0,0,1,0,0,0
react95-io/React95,7e65e887b4cdfb19d5ddd4fd9352426c5b2f19db,react95,0.0.0-development,4.7.4,1668677132,85,0,0,0,0,0,0,0,0,0,1,0,0,0
react95-io/React95,17252620245e115adf5c02c8d29e3fa39bb04518,react95,0.0.0-development,4.7.4,1668870776,85,0,0,0,0,0,0,0,0,0,1,0,0,0
react95-io/React95,ea6e6f2f06d92b83b4f5a5d8d697ec0ba3673dc2,react95,0.0.0-development,4.7.4,1669813143,85,0,0,0,0,0,0,0,0,0,1,0,0,0
react95-io/React95,c6875f41d35cfe66f0f2bd7af90f9b4392d7cba0,react95,0.0.0-development,4.7.4,1670575903,85,0,0,0,0,0,0,0,0,0,1,0,0,0
