vercel/serve,6eac67989a8f6ee3a6e1f8bbbff16f39a5fa0aeb,serve,11.3.0,,1584177790,0,0,0,0,0,0,0,0,0,0,0,0,0,0
vercel/serve,b0f713461cb891d3efbcff6ccf292d197ebad9a9,serve,11.3.0,,1590158913,0,0,0,0,0,0,0,0,0,0,0,0,0,0
vercel/serve,03b7ebb3e0025e2f1a3eb3a9e2c8420a0cced536,serve,11.3.0,,1590158938,0,0,0,0,0,0,0,0,0,0,0,0,0,0
vercel/serve,4ad704c9cf919dfcfc18feaa279e359a293e80cf,serve,11.3.1,,1590159158,0,0,0,0,0,0,0,0,0,0,0,0,0,0
vercel/serve,f65ac293c20058f809769a4dbf4951acc21df6df,serve,11.3.1,,1591231440,0,0,0,0,0,0,0,0,0,0,0,0,0,0
vercel/serve,04b42e7a3e3e34df9f714739882e29af088d1087,serve,11.3.1,,1591307635,0,0,0,0,0,0,0,0,0,0,0,0,0,0
vercel/serve,059c85201022c1e66ec45099d21cb8fd1240ccdd,serve,11.3.1,,1591307636,0,0,0,0,0,0,0,0,0,0,0,0,0,0
vercel/serve,f3ecedb7079bf89284568dcc437987455b47aef3,serve,11.3.1,,1591307724,0,0,0,0,0,0,0,0,0,0,0,0,0,0
vercel/serve,c81f55c68c54aac47914a8777d7295264af41042,serve,11.3.2,,1591319302,0,0,0,0,0,0,0,0,0,0,0,0,0,0
vercel/serve,850cc0b7d89d2d7156c37e5691c416655db225d6,serve,11.3.2,,1594936785,0,0,0,0,0,0,0,0,0,0,0,0,0,0
vercel/serve,cd7dcf2cd20952f4df01f24ae956af9f0ea96829,serve,11.3.2,,1614710900,0,0,0,0,0,0,0,0,0,0,0,0,0,0
vercel/serve,fbf63761f0112b3b9b9b8890617a03d4268ba9f7,serve,11.3.2,,1614710935,0,0,0,0,0,0,0,0,0,0,0,0,0,0
vercel/serve,61731b1ac36d8386fff45d07e717a5b26d6da9ca,serve,11.3.2,,1614711076,0,0,0,0,0,0,0,0,0,0,0,0,0,0
vercel/serve,818b5e9bac22796e1f3824f8c4b9a8edb7111c3a,serve,11.3.2,,1614711401,0,0,0,0,0,0,0,0,0,0,0,0,0,0
vercel/serve,e3fe70a52acecaa0dff4d8746152dee9992230af,serve,11.3.2,,1614711429,0,0,0,0,0,0,0,0,0,0,0,0,0,0
vercel/serve,b71af1a405e0bf1d2309093bbc973af7ad233193,serve,11.3.2,,1614715267,0,0,0,0,0,0,0,0,0,0,0,0,0,0
vercel/serve,a85bd9d03ae267a492aac683616e028c0bfc6447,serve,11.3.2,,1614795674,0,0,0,0,0,0,0,0,0,0,0,0,0,0
vercel/serve,3281c57afd1505e364a98d222dc2e67cbc59b813,serve,11.3.2,,1623119646,0,0,0,0,0,0,0,0,0,0,0,0,0,0
vercel/serve,6341041a16ccecd88b0385493474f82c1fdd069a,serve,11.3.2,,1623119714,0,0,0,0,0,0,0,0,0,0,0,0,0,0
vercel/serve,d941baa0b9337fa4c1c01dfc5ff122bad12fb787,serve,12.0.0,,1623120138,0,0,0,0,0,0,0,0,0,0,0,0,0,0
vercel/serve,e3f1e8446c9fbf850561792880976070b491c421,serve,12.0.0,,1623448359,0,0,0,0,0,0,0,0,0,0,0,0,0,0
vercel/serve,79ca17c990ca65ef4f35572e389fa26577f54260,serve,12.0.0,,1631219648,0,0,0,0,0,0,0,0,0,0,0,0,0,0
vercel/serve,30b06737b41fcab9d0a49bbac8a9b598869550f4,serve,12.0.1,,1631219807,0,0,0,0,0,0,0,0,0,0,0,0,0,0
vercel/serve,168d4b2447366f1012e517ced5a84249020eb1c1,serve,12.0.1,,1636029521,0,0,0,0,0,0,0,0,0,0,0,0,0,0
vercel/serve,247b3830b15dfb21f37a645327a426820baa64eb,serve,13.0.0,,1636029617,0,0,0,0,0,0,0,0,0,0,0,0,0,0
vercel/serve,389e9a48259e05a44a8d11385b7f63c23e9de03f,serve,13.0.0,,1636038471,0,0,0,0,0,0,0,0,0,0,0,0,0,0
vercel/serve,07cc16033c2d76b382fb8b8f001b44c3aa314417,serve,13.0.0,,1636038691,0,0,0,0,0,0,0,0,0,0,0,0,0,0
vercel/serve,c630db701fd46d0c5d7644fafc384bd9ed3c378e,serve,13.0.1,,1636038781,0,0,0,0,0,0,0,0,0,0,0,0,0,0
vercel/serve,c53be04c62bd22c728be6ca5a98a3cf2ede808cd,serve,13.0.1,,1636039496,0,0,0,0,0,0,0,0,0,0,0,0,0,0
vercel/serve,d8870a88b142e2895d5a3b4d65a6bbf7a21449b8,serve,13.0.1,,1636039621,0,0,0,0,0,0,0,0,0,0,0,0,0,0
vercel/serve,3e59bc1fba457c89cd26b9bf5b97d74140693192,serve,13.0.2,,1636039694,0,0,0,0,0,0,0,0,0,0,0,0,0,0
vercel/serve,c9455a33a537505909510a763cbd72f5ad9a844c,serve,13.0.2,,1656736813,0,0,0,0,0,0,0,0,0,0,0,0,0,0
vercel/serve,a6ddfad9a0e7ba0701f7b7ef668b11ff813d9392,serve,13.0.3,,1657138957,0,0,0,0,0,0,0,0,0,0,0,0,0,0
vercel/serve,b318e13f80149009fcccdb241233076ef239c00b,serve,13.0.3,,1657139253,0,0,0,0,0,0,0,0,0,0,0,0,0,0
vercel/serve,0335ebb9d7c212d9bf98ecd25ca133ad907b5225,serve,13.0.3,,1657139740,0,0,0,0,0,0,0,0,0,0,0,0,0,0
vercel/serve,69f26a9924d67136d13ae428dc30f151199299c1,serve,13.0.3,,1657140020,0,0,0,0,0,0,0,0,0,0,0,0,0,0
vercel/serve,664f11d7bfab7f4dbb653a5fb919823c49d74769,serve,13.0.3,,1657140315,0,0,0,0,0,0,0,0,0,0,0,0,0,0
vercel/serve,8949c70d68dafa3e445e9efcda26a5c798cb0227,serve,13.0.4,,1657140554,0,0,0,0,0,0,0,0,0,0,0,0,0,0
vercel/serve,d2a5187b364d25eff7f65a63020429b0885892fd,serve,13.0.4,4.6.4,1657641679,8,0,0,0,0,0,0,0,0,0,1,0,0,0
vercel/serve,f67fd3bb3c1fab69ef8af85cfdad6f3720e1a663,serve,13.0.4-canary.0,4.6.4,1657641994,8,0,0,0,0,0,0,0,0,0,1,0,0,0
vercel/serve,a2512c91ed2f5e913a550f0183156e5e018d5291,serve,14.0.0-canary.0,4.6.4,1657642203,8,0,0,0,0,0,0,0,0,0,1,0,0,0
vercel/serve,995247de1a29b751a0023425c691895f4eb15d78,serve,14.0.0,4.6.4,1657642772,8,0,0,0,0,0,0,0,0,0,1,0,0,0
vercel/serve,3fbca73163f2b118cc23bb89758e7bd81e2b4382,serve,14.0.0,4.6.4,1657680533,8,0,0,0,0,0,0,0,0,0,1,0,0,0
vercel/serve,59e6b000d55152a1cc707864501dc6b21741cf19,serve,14.0.1,4.6.4,1657765447,8,0,0,0,0,0,0,0,0,0,1,0,0,0
vercel/serve,f8abc371255c08e241d91834cad057d037836459,serve,14.0.1,4.6.4,1658105488,8,0,0,0,0,0,0,0,0,0,1,0,0,0
vercel/serve,36d60e75522bd8b61bca61849922144c6bf8bc5a,serve,14.0.1,4.6.4,1658151426,12,0,0,0,0,0,0,0,0,0,1,0,0,0
vercel/serve,92fd640781d4b0e2747db1cb3ee0c290daf3308c,serve,14.0.1,4.6.4,1658201067,12,0,0,0,0,0,0,0,0,0,1,0,0,0
vercel/serve,0616ce3c925abbdf697b75b6447fc093f47bf843,serve,14.0.1,4.6.4,1658880482,13,0,0,0,0,0,0,0,0,0,1,0,0,0
vercel/serve,337279ce41611862ccf74fd042197425bcd06e1f,serve,14.0.1,4.6.4,1659153011,13,0,0,0,0,0,0,0,0,0,1,0,0,0
vercel/serve,161b807a82f1fb17e128e29dfa8f65e385960eb6,serve,14.0.1,4.6.4,1667338639,13,0,0,0,0,0,0,0,0,0,1,0,0,0
vercel/serve,30842d4864d393ff8e07095fba90ae0f2086c0eb,serve,14.0.1,4.6.4,1667861564,13,0,0,0,0,0,0,0,0,0,1,0,0,0
vercel/serve,526a71778a11716dcbe5460989847d1492739082,serve,14.1.0,4.6.4,1667895193,13,0,0,0,0,0,0,0,0,0,1,0,0,0
vercel/serve,029569363245cc5d70d27c82ad562861955b0426,serve,14.1.0,4.6.4,1667895611,13,0,0,0,0,0,0,0,0,0,1,0,0,0
vercel/serve,e9cc380c126253fff2a3e4a1324adaebb896d4de,serve,14.1.0,4.6.4,1667946337,13,0,0,0,0,0,0,0,0,0,1,0,0,0
vercel/serve,aa4a82761eda14630868609ca93ccb035421c3e9,serve,14.1.1,4.6.4,1667946484,13,0,0,0,0,0,0,0,0,0,1,0,0,0
vercel/serve,dee1e042c32b99602aa26b5922388768a9fa7903,serve,14.1.1,4.6.4,1668769692,13,0,0,0,0,0,0,0,0,0,1,0,0,0
vercel/serve,b877dd226c0ad4b59e1c587b0392008f9b8d2526,serve,14.1.2,4.6.4,1668769777,13,0,0,0,0,0,0,0,0,0,1,0,0,0
